CustomerID,StockCode,rf_score
12347,23084,0.9297614563851564
12347,21731,0.9231754254547849
12347,20719,0.9074018345395531
12347,21791,0.8647652463110236
12347,22992,0.858504447015675
12347,22371,0.838493020402683
12347,22726,0.8347762649250261
12347,22492,0.832870807730561
12347,22728,0.8315829439646796
12347,23308,0.8217536475360099
12356,21843,0.8441929035346281
12356,22423,0.7958753267050045
12356,84991,0.6753268787401336
12356,84378,0.6182936095569681
12356,22699,0.5848325726574454
12356,22138,0.5808427183010039
12356,84375,0.5747776783890309
12356,22698,0.5742573398989195
12356,22195,0.5486611869480879
12356,37450,0.5425473375211525
12358,15056BL,0.9436024531943741
12358,20679,0.9236262028079244
12358,15056N,0.9155246179647594
12358,15056P,0.8746267928462454
12358,POST,0.8014691146341061
12358,22059,0.7838810274118374
12358,22063,0.5563570424166304
12358,48185,0.5208244741787084
12358,22646,0.5158202449082133
12358,21232,0.5003072912323665
12362,POST,0.9589683457859343
12362,23292,0.9453264803411893
12362,23245,0.9433542488573068
12362,22328,0.9325862329076358
12362,23290,0.9271414253933098
12362,20750,0.9262690315622154
12362,23319,0.917472170687672
12362,22727,0.9149702910116366
12362,23203,0.9076096305218982
12362,22551,0.903964155314409
12364,POST,0.9522009271166182
12364,22908,0.8855116748754334
12364,22992,0.8821151165597982
12364,22613,0.875381442106736
12364,22045,0.842902533763198
12364,22437,0.8308375277413558
12364,21987,0.8297442124016094
12364,23310,0.8224858156559818
12364,23298,0.817187627905414
12364,16156S,0.8065165795644783
12375,POST,0.8936017925166165
12375,23203,0.8599459296551335
12375,23200,0.8471193000062792
12375,21929,0.7430735471224283
12375,84997D,0.7326977262803862
12375,20713,0.7316801628472422
12375,20749,0.7315332451545049
12375,20712,0.6856228613835941
12375,21930,0.6654971777862968
12375,22355,0.6546180736436085
12380,20726,0.9776572159195583
12380,20725,0.9735329191305163
12380,22384,0.9608441475517149
12380,POST,0.960508569624698
12380,21731,0.9560727790541546
12380,22386,0.9557456402813594
12380,22382,0.9550301203671753
12380,20728,0.9540507076716634
12380,22326,0.9539610802228325
12380,23206,0.9520049754346438
12381,POST,0.9782216681675536
12381,22720,0.9466069791257479
12381,23084,0.9412470211847492
12381,22423,0.9331317823334084
12381,21481,0.8715075183393505
12381,22139,0.870463755639423
12381,23199,0.8560223298479267
12381,22964,0.8551422998158357
12381,22941,0.8515422398766543
12381,22621,0.8459190013606663
12388,22910,0.9784843582035332
12388,22086,0.9629253070461002
12388,23245,0.9479876900643567
12388,22722,0.9436236129285326
12388,22669,0.9334972989879081
12388,22720,0.9321977672901772
12388,84970L,0.9211012042298582
12388,23236,0.9174252747394412
12388,84978,0.9122903829607154
12388,47590B,0.8993004434564176
12395,POST,0.9947459336553653
12395,84375,0.9894464770588691
12395,22326,0.9883146174805366
12395,21559,0.9830022442105834
12395,22727,0.9814133752815597
12395,22726,0.9810898869368873
12395,22629,0.9775303782578127
12395,22355,0.9733913789936486
12395,20719,0.9686219858654171
12395,22630,0.964666226521969
12406,84997C,0.9523488484924965
12406,22964,0.9494923829659819
12406,84997A,0.9277612168490573
12406,21833,0.9236157794994699
12406,23084,0.9222367526432621
12406,22620,0.9146474943631434
12406,23206,0.9110805872934308
12406,22556,0.9104247123524988
12406,22728,0.899770339134453
12406,84380,0.8977994063077358
12415,22629,0.9830977468818118
12415,22630,0.9799118978286604
12415,22382,0.9674088062267902
12415,21929,0.9597846328697083
12415,23203,0.9573895875357861
12415,23201,0.95487563550885
12415,85099B,0.9502505039122002
12415,22662,0.9424065646673844
12415,22326,0.9402436186306192
12415,22699,0.9392185218724552
12417,POST,0.9926238212507476
12417,22423,0.9712034644921619
12417,22666,0.9610064251503716
12417,22624,0.9523985239543025
12417,23240,0.9398856320202476
12417,23170,0.9284177563541586
12417,23256,0.9273611726119979
12417,22915,0.9218079944647171
12417,23108,0.9043107514919972
12417,22720,0.890151360839637
12421,POST,0.9497276233986024
12421,22646,0.889957084546979
12421,21232,0.8453847299246156
12421,47567B,0.8443242873708079
12421,22066,0.8426399608049139
12421,21519,0.7717013382189997
12421,23311,0.7138511909894355
12421,23234,0.6389268483530457
12421,21108,0.6064231960577892
12421,21733,0.5828449284815028
12423,POST,0.9504503304651761
12423,20724,0.9132692087634541
12423,23204,0.882134142944073
12423,22303,0.86353112983247
12423,23084,0.8373716540042522
12423,22969,0.8372796910030268
12423,22352,0.8144670451011664
12423,20718,0.7785539896858983
12423,71459,0.7772886150562182
12423,21108,0.764441068618818
12427,POST,0.8868039536752808
12427,22634,0.8339636813128518
12427,21328,0.7345431820152722
12427,22636,0.6909681829425023
12427,23080,0.6504119493047532
12427,23084,0.6485721265672874
12427,23240,0.6142607604977813
12427,22972,0.6115353329028139
12427,22144,0.596947347070922
12427,21329,0.5912898651479367
12428,POST,0.9674847882951999
12428,22386,0.9592726012160745
12428,23203,0.9543131303544228
12428,85099B,0.9509420568399696
12428,22385,0.9338289385810278
12428,20712,0.9191383345281139
12428,22192,0.9035947991419784
12428,47566,0.8604161110220444
12428,21928,0.8523243508892353
12428,22328,0.8251972709528563
12429,22728,0.9825439420445679
12429,22726,0.9792693021400961
12429,22727,0.958192120402486
12429,22730,0.9512730484571468
12429,POST,0.915729855635171
12429,22725,0.8184880430379523
12429,82582,0.8149228128441877
12429,23084,0.8043190003176465
12429,21731,0.7952817669813458
12429,22328,0.7868527618340457
12433,21671,0.9832474956795839
12433,84596F,0.9824091343868104
12433,21169,0.9818486260462336
12433,82581,0.9802270643824149
12433,21165,0.9751158682164058
12433,21481,0.9728213016643901
12433,84596B,0.9718839168432087
12433,21670,0.9699056403151171
12433,21908,0.9697135614234142
12433,47559B,0.9681272315884448
12437,POST,0.9964168115015742
12437,21086,0.9825567717949724
12437,22435,0.979896014781324
12437,22693,0.9713335974137806
12437,23084,0.9711905583090866
12437,21094,0.9698639422204686
12437,22554,0.962419514227426
12437,21122,0.9620650064166316
12437,21987,0.9610367919468651
12437,22423,0.9575313544685431
12438,22326,0.9672831402256967
12438,22467,0.9532652346828964
12438,POST,0.9379061322149634
12438,22554,0.9299964094404218
12438,22551,0.920081404156694
12438,23289,0.9198951421268456
12438,23291,0.9175198477991944
12438,21481,0.9148334234106672
12438,21232,0.9146904984747674
12438,22636,0.8944220217105691
12444,22624,0.9705602292848168
12444,POST,0.9619731664079602
12444,22720,0.9333756512167143
12444,22627,0.9240414371666016
12444,23245,0.9186716716194402
12444,22847,0.9110606348877259
12444,22626,0.9075089277844095
12444,22423,0.8859170946346602
12444,22726,0.8705145099181986
12444,22728,0.8478660992806081
12449,22726,0.9882734865840439
12449,POST,0.9876069364930454
12449,22630,0.9817227654706528
12449,22629,0.980343994968647
12449,22727,0.979115667993352
12449,22624,0.9756055535036986
12449,22192,0.9740801898877379
12449,22728,0.9709257521749413
12449,22193,0.9663364203844196
12449,22328,0.9631408307081764
12451,22045,0.9312339831420134
12451,23231,0.8998692064076536
12451,21918,0.8886467143293908
12451,21507,0.8785698666451318
12451,22551,0.8724694405783847
12451,22037,0.8530946151851184
12451,22027,0.8452085255114542
12451,22908,0.8433322705258086
12451,22704,0.8415276067921325
12451,21731,0.8284350562004911
12462,37449,0.8846161997847902
12462,22890,0.8830517482509403
12462,POST,0.8658608485694482
12462,22061,0.8587895352676764
12462,21232,0.8415675705701854
12462,21231,0.8248910358010607
12462,22784,0.8114618393894772
12462,22423,0.8099386940594719
12462,22063,0.8083694567234233
12462,37447,0.7330606809365595
12464,POST,0.9588617849565553
12464,22624,0.9579693369948455
12464,22847,0.9458583324040419
12464,22625,0.9328843422952345
12464,22846,0.8996897505117755
12464,22467,0.8897833825085782
12464,84879,0.11458094831226888
12464,22469,0.10819867875813223
12464,85099B,0.10394300678705393
12464,22959,0.10378006464070394
12465,22142,0.8329887398473399
12465,22574,0.8039751875783779
12465,22601,0.7978504553724219
12465,22144,0.7798811269733746
12465,22573,0.7706823768135798
12465,POST,0.7371452821106462
12465,22600,0.7237235995908765
12465,23493,0.7024191194138212
12465,23343,0.6973264239930338
12465,22139,0.6914025803994176
12471,22077,0.9991746152867862
12471,23245,0.9989022939677146
12471,22556,0.9969406219985109
12471,21232,0.9968656714065283
12471,21731,0.9959575969680863
12471,22961,0.9958516447833481
12471,22554,0.9947786532376034
12471,22728,0.9931668129705361
12471,23240,0.9926897693761212
12471,POST,0.9923564712737355
12474,23290,0.9860736453570257
12474,22554,0.9859331901348649
12474,23292,0.9853678461240213
12474,22556,0.984522394885244
12474,22328,0.9837113363378633
12474,POST,0.9806501966452194
12474,22551,0.979845339986333
12474,20724,0.9770123679321601
12474,22331,0.9707233329399776
12474,20682,0.9693558576568801
12476,POST,0.9717504570322851
12476,82494L,0.9604615911123239
12476,23245,0.952263836400864
12476,22139,0.9482190206369565
12476,22727,0.9455920123275047
12476,22077,0.9401023081709119
12476,23344,0.9395150370836888
12476,82484,0.9347473155738077
12476,22423,0.9309846744548876
12476,84879,0.9302004362150791
12477,22212,0.9687978119703832
12477,21484,0.9684850253613188
12477,82486,0.9666457928785066
12477,21523,0.9663587071364436
12477,48185,0.9649310931950315
12477,84792,0.9622780797550644
12477,22722,0.955871509673961
12477,22505,0.9513867626475498
12477,84029E,0.9508967013269273
12477,23146,0.9497076525527001
12480,POST,0.9663406480408537
12480,22326,0.9576734157965763
12480,22303,0.9416483935112953
12480,22328,0.9318065475561663
12480,21481,0.9294776480527368
12480,22722,0.9165158215977666
12480,22907,0.8979515828880644
12480,22734,0.8886583663650576
12480,22111,0.8856163247015553
12480,22952,0.8853950751650979
12481,POST,0.9866477974808209
12481,22326,0.9470627935616165
12481,22556,0.938027044554458
12481,22895,0.9346380144558065
12481,22328,0.9223756586545193
12481,22178,0.9120021224952861
12481,22627,0.9093724695246724
12481,22730,0.9069648255755832
12481,23203,0.8994594598309301
12481,23245,0.8878387497987547
12483,POST,0.9889269968622155
12483,22467,0.983535409672717
12483,22328,0.9699526748407812
12483,21731,0.9673811819816659
12483,23084,0.9649374936253847
12483,22865,0.9610485193339396
12483,22326,0.9529888749405996
12483,84997D,0.9408488806923491
12483,22779,0.9398782413918613
12483,23254,0.9318154609923041
12488,21481,0.9600897436835961
12488,23084,0.9579931497591393
12488,20750,0.9554884307635926
12488,22139,0.9491904622631798
12488,22384,0.9345785583527101
12488,22175,0.9303230613005816
12488,20749,0.9295642406773296
12488,21731,0.9236128320802783
12488,22992,0.9207155733232372
12488,22779,0.8939906108962218
12490,20712,0.989367225388228
12490,23199,0.98698645622939
12490,21731,0.9850757369543605
12490,POST,0.9848127285147257
12490,23203,0.984731567385531
12490,20725,0.9845414082046299
12490,22386,0.9796473741005265
12490,20724,0.9761642260361131
12490,20726,0.9709713809309616
12490,23204,0.967497278097886
12494,POST,0.9669880148912547
12494,23084,0.9284235675175198
12494,22890,0.8860602156955828
12494,23108,0.8854974939305527
12494,84997C,0.8581193597790078
12494,21843,0.8475995931346575
12494,20725,0.8427322500299788
12494,22382,0.7796502755945952
12494,22383,0.7785295527179446
12494,21175,0.7742238143263489
12498,POST,0.8955185369764016
12498,22175,0.8626480674781192
12498,21485,0.8561936579299341
12498,22483,0.8150651862031514
12498,20726,0.7976585487975636
12498,22355,0.7862888372543217
12498,20719,0.7811248933244055
12498,23207,0.7780560744787702
12498,23206,0.7695076406346415
12498,20728,0.7599791279560059
12500,23210,0.9772257665780055
12500,POST,0.976445173436893
12500,23213,0.9758785908212573
12500,23212,0.9611091486515613
12500,23395,0.9314315088151758
12500,22585,0.9124094426437248
12500,23396,0.9055453615140951
12500,22366,0.8895709412907492
12500,85099C,0.8632535490054736
12500,85099B,0.8345135411409776
12504,22776,0.8163721768470409
12504,22236,0.7655352641039831
12504,POST,0.6954833120580514
12504,21124,0.5131494941050148
12504,21122,0.49351545818687326
12504,20685,0.2134710993113795
12504,48187,0.19158577840457156
12504,22485,0.17141366265806446
12504,48184,0.17004727459670704
12504,48185,0.16591750975753244
12508,22619,0.9033591340579237
12508,46000S,0.8916495335288562
12508,21484,0.8838076581224347
12508,21439,0.8521958327948789
12508,22219,0.8477632970118983
12508,22139,0.8289904811271295
12508,21485,0.8044225990569001
12508,23082,0.8026744630351872
12508,21926,0.8003290737454549
12508,22971,0.7984538947324664
12517,22112,0.9881566886691776
12517,21975,0.983778291077573
12517,22554,0.9827197292826116
12517,21977,0.9780998595682674
12517,22551,0.9753956389579885
12517,22417,0.9743232191323837
12517,84991,0.9742841398416034
12517,21232,0.9718616561517206
12517,21731,0.9702276781052859
12517,21976,0.9680279270798998
12518,POST,0.9785309256979434
12518,23084,0.9380293589778925
12518,22328,0.9324496020213832
12518,22551,0.9295594879283667
12518,22326,0.926879360183314
12518,22728,0.917161356873097
12518,21559,0.9057685243283413
12518,84997C,0.8842646433121107
12518,21731,0.8794746109191709
12518,22629,0.8754945820356246
12523,22139,0.9626872489138982
12523,POST,0.9452424734258121
12523,20914,0.9084413372763542
12523,23231,0.89097688683165
12523,22866,0.8870585161899923
12523,21232,0.8757802820943463
12523,21535,0.8712717337245122
12523,21844,0.855951918253357
12523,23395,0.8449391962622042
12523,22423,0.8377981964283261
12524,POST,0.9526008573886428
12524,20726,0.8915760508465495
12524,20725,0.8467888604879608
12524,21558,0.8318754938917893
12524,21559,0.8207738827742507
12524,20728,0.8181317380769584
12524,22383,0.8110965538657005
12524,22659,0.8077836810345623
12524,22554,0.8027184856661619
12524,22993,0.7939959710549449
12526,22326,0.9486097080214284
12526,22328,0.9464705454289802
12526,POST,0.8944621841504189
12526,20712,0.8899197604172184
12526,23200,0.8850275437502755
12526,21559,0.8765952460934038
12526,23344,0.8638202220303163
12526,22411,0.8511981604664114
12526,22138,0.8507518676188913
12526,22139,0.843111202676377
12528,POST,0.9885693722506197
12528,22423,0.9645001981216432
12528,48185,0.9635438518184467
12528,21232,0.9409903202695494
12528,21843,0.9252750238082661
12528,47559B,0.8984389324286962
12528,22851,0.8790356239064411
12528,16156S,0.8622845813342286
12528,22720,0.8410292129386353
12528,47591D,0.8409259928722228
12539,20914,0.9719276681575957
12539,22699,0.9472609328893098
12539,22698,0.9427186609633763
12539,22960,0.9390132728106344
12539,22961,0.9381977113539296
12539,21929,0.9380778626209839
12539,22697,0.9337738686026317
12539,23319,0.9280856587291004
12539,23175,0.9167534290871155
12539,22144,0.9106259453371837
12540,22745,0.9840924964165199
12540,22748,0.9837844405521704
12540,84879,0.9831363459504805
12540,22077,0.979263560999582
12540,84380,0.9770279162408425
12540,21172,0.9743059542852314
12540,POST,0.9718813356404712
12540,21754,0.9642522619739767
12540,21213,0.9640512866920282
12540,21668,0.9635739086151077
12553,POST,0.9957593042986055
12553,21931,0.9940873292391124
12553,22385,0.9922860933539247
12553,23202,0.9920364733134697
12553,22554,0.9909275990219379
12553,21731,0.9899940773101952
12553,20712,0.989025786604484
12553,84997D,0.988682264845289
12553,22745,0.9859311572138311
12553,20725,0.9841015937387924
12557,84997B,0.9427173078866482
12557,84997C,0.9340211985471926
12557,84997D,0.9329351693978772
12557,20728,0.8980762138665415
12557,22384,0.8850134063155561
12557,84997A,0.8788116993598885
12557,20725,0.8709791291855563
12557,20727,0.8663546317272343
12557,22383,0.8552870095239189
12557,21239,0.4969465132273167
12560,22728,0.9810003373594731
12560,22726,0.9756211681654238
12560,22629,0.970472297631864
12560,23206,0.9691778414949853
12560,22727,0.9690547084755633
12560,23202,0.9574687277780756
12560,22554,0.9537930521607175
12560,23208,0.9529985041597907
12560,22326,0.9516462515262745
12560,22551,0.9504280841780605
12562,POST,0.9917881024410233
12562,23206,0.982666133327049
12562,23203,0.9786430576730197
12562,20726,0.9718847522326428
12562,22662,0.9669261622694527
12562,23199,0.9658724158857003
12562,20712,0.9581214814791895
12562,22139,0.9566971357116728
12562,21931,0.9518128847119068
12562,22629,0.9429058768726162
12567,22467,0.9846887988834659
12567,POST,0.9837108343609613
12567,20726,0.9810314776426468
12567,22728,0.980611222177438
12567,22382,0.9790652606115062
12567,22726,0.9765261152920285
12567,22328,0.9757717919931684
12567,22727,0.9752157766065565
12567,23200,0.9670269987148491
12567,20712,0.9632076288847796
12569,21232,0.9850688638731122
12569,POST,0.9813301038681518
12569,22055,0.9731880959961139
12569,22624,0.972328886365309
12569,37447,0.965919821732263
12569,37450,0.9646326885814555
12569,22625,0.9620203796154956
12569,22649,0.9588832513620457
12569,21481,0.9477861974354713
12569,22222,0.9406597768225065
12572,22726,0.967854719812921
12572,22727,0.9658706768307623
12572,POST,0.9639100221638557
12572,22423,0.9158731741918241
12572,20685,0.9099667854480371
12572,21485,0.8941001190790621
12572,22734,0.891594983120523
12572,22326,0.8461307971263661
12572,22697,0.8409512956514656
12572,23171,0.8160832233019486
12578,47591D,0.9524412662059039
12578,22150,0.9284022644193078
12578,23084,0.9198825333486802
12578,22666,0.918804626963892
12578,22699,0.9177960551244788
12578,22367,0.9091504192198379
12578,22470,0.9088251230709076
12578,22083,0.9085541889992644
12578,21481,0.9048497815300843
12578,22561,0.9048258443521333
12583,22726,0.994035348578954
12583,22326,0.9881313670893098
12583,22728,0.9848982922497672
12583,22727,0.9837649775671967
12583,21080,0.9811187345488679
12583,POST,0.9807782234773216
12583,21086,0.9786416425581401
12583,21094,0.9773014957492637
12583,22991,0.9692482481868315
12583,22333,0.9677439929842836
12584,22627,0.9776596650488553
12584,23243,0.9740902519770547
12584,48138,0.9693962191899437
12584,21533,0.9627472601357406
12584,22844,0.9612982115080119
12584,21216,0.9612208145817317
12584,22847,0.9565081744639101
12584,22720,0.9550229249590647
12584,23284,0.9427021215782986
12584,22692,0.9425148173964014
12597,POST,0.9137921874099522
12597,20914,0.8479094920335163
12597,20712,0.840914198311348
12597,22554,0.8357947740341404
12597,22077,0.8256188606775308
12597,22728,0.8104696615532931
12597,22804,0.7953913179379771
12597,23084,0.7803967667839731
12597,22960,0.7767557339854106
12597,23240,0.7649393982175403
12598,23390,0.9614497087005723
12598,23084,0.9228123974853821
12598,23388,0.9114999058936917
12598,POST,0.9019032632550307
12598,23389,0.9003590966728363
12598,23254,0.8951630061931394
12598,22556,0.8754983561139817
12598,21791,0.8713057894505827
12598,22554,0.870204782343286
12598,22551,0.8568052822484382
12610,POST,0.9747295755733207
12610,22138,0.9169626075666738
12610,22593,0.9135997055969534
12610,23332,0.9132865505087786
12610,22594,0.9056939812441448
12610,23333,0.9002421224161133
12610,21671,0.8757937150017848
12610,85049A,0.8729548209969736
12610,23263,0.8639247579223028
12610,22784,0.8613802604753696
12615,21481,0.9633904166758346
12615,POST,0.9585453534628002
12615,23084,0.9574600279184861
12615,22027,0.9418941322318112
12615,22111,0.9370570076494653
12615,21914,0.9336947154713022
12615,22028,0.9271309113670054
12615,22367,0.9226434722142964
12615,22029,0.9203655064628928
12615,21731,0.9057233814198801
12619,23309,0.9703370416729417
12619,POST,0.9699462157213219
12619,84988,0.9694588060725406
12619,23295,0.9623290786282568
12619,23293,0.9619053668564035
12619,23308,0.959487310434558
12619,21210,0.9557651844104926
12619,21974,0.954451657580773
12619,21976,0.9474799066816687
12619,23294,0.946452993181385
12620,22578,0.9375295395357098
12620,22577,0.9373598475745911
12620,23206,0.9086012685865976
12620,20725,0.9070518135550234
12620,20728,0.9030666418821545
12620,22138,0.8892586311126742
12620,20726,0.8879620953783797
12620,23319,0.8853957970805364
12620,23311,0.853533076207901
12620,20724,0.8520898247752323
12621,21931,0.986078189772162
12621,22326,0.9857868845026282
12621,22077,0.9842766070031462
12621,22328,0.9747926838130185
12621,22629,0.9742700150679174
12621,POST,0.9736140603850885
12621,20712,0.9673356508261456
12621,23206,0.961453934910226
12621,23199,0.9588097096735614
12621,22725,0.957385539441383
12626,POST,0.9595514457442247
12626,23203,0.901727428293265
12626,85099B,0.8846189784165671
12626,23245,0.883998424021797
12626,20712,0.8804567719162107
12626,22551,0.860457854391921
12626,22029,0.8593452299166501
12626,22554,0.8479819355070254
12626,20713,0.835413787271628
12626,23199,0.8329157690246022
12627,21671,0.9439948282806928
12627,21672,0.9375660321150108
12627,21670,0.934710893185354
12627,POST,0.9311525296482047
12627,20685,0.909525099320897
12627,22326,0.8970177702731883
12627,21668,0.8967548818097257
12627,22962,0.8938084032373163
12627,20712,0.8937969572087358
12627,21731,0.8776585334764962
12628,POST,0.9562414808177014
12628,23077,0.9504622381570097
12628,22654,0.9273751822771121
12628,23240,0.9127286346629654
12628,23245,0.8814131788098638
12628,23247,0.8773162097241141
12628,22743,0.8682212224066166
12628,23234,0.8380078753843686
12628,23351,0.8341646617202133
12628,47590B,0.8337353003356692
12630,POST,0.8948166011475222
12630,21733,0.8311406551923377
12630,85231B,0.793906068054122
12630,21429,0.7823338029154369
12630,23264,0.7821298637635501
12630,22899,0.7735292432839844
12630,22467,0.7596066522348638
12630,23242,0.7476722935251557
12630,22274,0.7295391204502292
12630,23234,0.724692032991716
12640,POST,0.9324391711756062
12640,48138,0.9267257420823594
12640,22193,0.8580120638724948
12640,22624,0.8452284234924176
12640,22726,0.8418866661261796
12640,22111,0.8330913734755325
12640,21485,0.830077688107631
12640,22698,0.829959993434757
12640,22727,0.8236182465373089
12640,22423,0.8178198552839512
12642,22077,0.9631842867442009
12642,POST,0.9531552059051794
12642,22734,0.9399303236257149
12642,22908,0.8768488351601259
12642,85049E,0.8756073064019343
12642,22189,0.8378867742228681
12642,22624,0.7907573700503264
12642,23296,0.7773270244414596
12642,21122,0.7626175189935747
12642,22966,0.7559332688266677
12646,20677,0.815380182320613
12646,20675,0.8097835305307409
12646,23328,0.805958034822662
12646,21240,0.7995837152620483
12646,84997B,0.7908642956616408
12646,84997C,0.7790500573531396
12646,84997A,0.7788722344156278
12646,21239,0.7602942917207975
12646,21242,0.7424247005051602
12646,21238,0.7320943368543066
12647,POST,0.9928583831959209
12647,22505,0.9815326777794816
12647,47559B,0.9679220151645861
12647,21154,0.9543174700833714
12647,22077,0.9514109838477756
12647,22989,0.9117029028580583
12647,84997D,0.9099062527845528
12647,22200,0.9075855914199201
12647,22900,0.900856526291502
12647,22199,0.9000034767625206
12654,POST,0.9301629126039274
12654,21559,0.8475173142253692
12654,22556,0.846646447435213
12654,22138,0.8251974242109672
12654,22720,0.8049050536456829
12654,22554,0.7901314928330335
12654,22629,0.7800683867501088
12654,20719,0.7796777609676445
12654,22867,0.7630338534204918
12654,23084,0.7608890405611276
12656,POST,0.9661044309779963
12656,23203,0.9659568319804978
12656,22726,0.9549098035868394
12656,22727,0.9238462177533887
12656,85099B,0.9117175790806957
12656,22139,0.8999699735000024
12656,23209,0.8991995020135284
12656,22728,0.8967965291251223
12656,22326,0.8834836301379744
12656,20727,0.8791710276634624
12657,22697,0.9386624607117428
12657,POST,0.9348313278263699
12657,82484,0.9230346016186185
12657,23209,0.9202246560528975
12657,22423,0.9082892413756444
12657,22900,0.9055588781013055
12657,22625,0.8938454292793017
12657,21621,0.8736514026766437
12657,23204,0.8715686307512228
12657,22971,0.8483035502386975
12662,POST,0.9901853741843144
12662,22326,0.9827507744151494
12662,20712,0.9816960447025154
12662,22328,0.9802789056283939
12662,20719,0.9770713684580022
12662,20713,0.9668122560171739
12662,84997B,0.96567102608338
12662,22175,0.9652413783774488
12662,20726,0.962789551772694
12662,23204,0.9611229362419497
12664,84997C,0.9721461407794044
12664,84997A,0.968706024293582
12664,84997D,0.9612534533158913
12664,POST,0.9502275016286088
12664,22467,0.7783716621145566
12664,22488,0.48887534186807036
12664,84997B,0.4606747705324821
12664,82580,0.4503946339068985
12664,82581,0.43688981520396625
12664,82578,0.3742501505400038
12668,47567B,0.9716162359076547
12668,22895,0.9707346090017819
12668,20914,0.9688475903032305
12668,37448,0.9623578502130528
12668,22649,0.956815907484064
12668,POST,0.95248499899495
12668,21218,0.9457439751589997
12668,21035,0.9413222871404292
12668,21531,0.9410884665415907
12668,22303,0.9375270978491632
12670,POST,0.9355641901807121
12670,23084,0.9067665335411491
12670,23349,0.8724572430080961
12670,23351,0.8644928441295394
12670,22966,0.8602615810054715
12670,22556,0.8559219955794373
12670,23350,0.8421360383655329
12670,20725,0.8403237973815746
12670,22303,0.8398539202525267
12670,23206,0.8246461754721898
12673,22139,0.828834074130061
12673,22138,0.7904586690589182
12673,22554,0.7619565235845215
12673,23245,0.7399947341423652
12673,85099B,0.7184844007604145
12673,20712,0.7180263367304879
12673,23344,0.7142989466535035
12673,POST,0.6976851067592161
12673,21175,0.6968363345050731
12673,22555,0.6813633320958661
12676,POST,0.9531044405700946
12676,22668,0.9055922749861496
12676,21380,0.8888162112288759
12676,22435,0.8868807325757124
12676,22090,0.8736438292024362
12676,21122,0.8629221587883675
12676,23319,0.8186563424328799
12676,22734,0.7737413485756945
12676,23318,0.7701178936685458
12676,22964,0.7240217788153589
12680,22728,0.9983097886613104
12680,22629,0.9904079422922534
12680,22726,0.9895424605026772
12680,22630,0.9894252810490267
12680,22727,0.9849946976203483
12680,22555,0.9770252263207398
12680,POST,0.9755232142044625
12680,22730,0.9628105371037551
12680,23254,0.9416661116817289
12680,22556,0.9363466989307561
12681,22555,0.9923008218461173
12681,21559,0.9920709302888407
12681,22352,0.9920457532714134
12681,21080,0.9912077911989955
12681,23084,0.9901847484416093
12681,22326,0.9893853629781846
12681,22556,0.9891623912969908
12681,22554,0.983494572814551
12681,22620,0.9821179009088064
12681,22908,0.9810326441614514
12682,23203,0.9984583627201653
12682,22556,0.9981832828009995
12682,15056BL,0.9978537954316988
12682,23209,0.9967975168544346
12682,23298,0.9936312299069433
12682,47566,0.9929445969994896
12682,23084,0.9928863968964424
12682,21559,0.9918134128646909
12682,POST,0.9917710269029133
12682,22961,0.99076812102718
12683,21086,0.9917517751112447
12683,21094,0.9911094497956022
12683,21987,0.9900403356171633
12683,POST,0.9881560499062583
12683,22437,0.9869203829902523
12683,21988,0.9812358921168942
12683,21080,0.9810744926542452
12683,23236,0.9775102602860191
12683,84997D,0.9757229752530988
12683,21481,0.9728189415068935
12684,22553,0.9727287312343672
12684,22992,0.9725976395378456
12684,POST,0.965780432198221
12684,22557,0.9643502473342174
12684,22620,0.9629832734804724
12684,22382,0.958949962550526
12684,22728,0.9580847094874562
12684,21917,0.9525475666952461
12684,21918,0.9517467483023326
12684,22556,0.9484056289712538
12685,POST,0.9900151397723694
12685,22727,0.9835322410672497
12685,22728,0.9810134237878808
12685,22726,0.9803289892067071
12685,23209,0.9178352022956792
12685,22386,0.9157657227004775
12685,22138,0.9142677860393987
12685,22326,0.9098686533584297
12685,35970,0.9007400422394306
12685,20712,0.8975969365048589
12689,23206,0.9581168969794628
12689,22551,0.9554031184026197
12689,22554,0.9457104678088865
12689,22898,0.9431140105773985
12689,22382,0.9415522059538077
12689,21731,0.9353281336980523
12689,POST,0.9323132512652115
12689,20719,0.9280379882887473
12689,23290,0.9192244106103595
12689,22634,0.9080062389484145
12691,POST,0.9656252711904817
12691,21731,0.9219392693874658
12691,22467,0.8919967023109959
12691,22083,0.8727775582471693
12691,23254,0.8600622031402986
12691,20750,0.8379647541774846
12691,22326,0.8158399057522829
12691,23256,0.7999164690804074
12691,21559,0.7630738206269716
12691,22333,0.7556810352629577
12695,48138,0.9105564665687141
12695,23284,0.8999748927342724
12695,23355,0.894863230511681
12695,23245,0.866516281770962
12695,21955,0.8272771163962891
12695,23301,0.8226579744731162
12695,47590A,0.7396015478608419
12695,22900,0.7320499543484857
12695,21621,0.7119267906910893
12695,20971,0.6943187138715028
12700,22556,0.9857546295885762
12700,22557,0.9768686957295916
12700,22554,0.97049587954123
12700,22551,0.9693115666500298
12700,22553,0.9687896968588874
12700,22555,0.9613886857957812
12700,20723,0.9598959940822387
12700,22561,0.9593530435940497
12700,22728,0.9557971518332681
12700,20724,0.9540603298672261
12704,POST,0.9800624527766316
12704,21731,0.944769157503474
12704,23084,0.9270825952125322
12704,23322,0.9168794614117927
12704,15056P,0.899981284466552
12704,20750,0.8922097724899932
12704,23200,0.8909757354370195
12704,21430,0.8900147107737363
12704,22557,0.8736239872222357
12704,23203,0.8667479512691193
12705,POST,0.9778214146975642
12705,21481,0.963215801090033
12705,23355,0.959706935062077
12705,23245,0.9590844216122071
12705,23284,0.9584094746349204
12705,22328,0.957956851965269
12705,22625,0.952878664255166
12705,22726,0.9497171181930792
12705,22113,0.9480080193208624
12705,23356,0.9471253252287316
12709,21086,0.9921598816282057
12709,21094,0.9878205346697977
12709,20979,0.9846026199740417
12709,21080,0.9814276257443191
12709,22961,0.9791728727139556
12709,22666,0.9710211031582476
12709,POST,0.9698057818077893
12709,22726,0.9680436604708531
12709,22960,0.9670781175936218
12709,22423,0.9635334048358739
12714,POST,0.9840616165815556
12714,23209,0.9812952264870988
12714,23084,0.9701416511153663
12714,22382,0.959261746477218
12714,20727,0.9581143518057305
12714,23207,0.9580589604525299
12714,22556,0.9558500337755885
12714,21731,0.9498418674546565
12714,23206,0.9436986090775397
12714,22348,0.9435666533112089
12716,POST,0.9079660169104617
12716,47566,0.8973077731078276
12716,22328,0.8946708483976082
12716,21559,0.8313162915518423
12716,21706,0.8013074249239419
12716,22303,0.7974829586298752
12716,22302,0.7860424791207811
12716,22431,0.770915649946804
12716,22437,0.7671589151463604
12716,23240,0.7611796266125102
12719,22111,0.9291046147272862
12719,POST,0.9079433401204394
12719,21791,0.7970443165795067
12719,21790,0.7807388400831324
12719,21892,0.7539186029771295
12719,22138,0.7024371959125726
12719,22619,0.6621003117973274
12719,23367,0.6449173285396079
12719,21914,0.636496127174159
12719,23077,0.6287631758954849
12720,POST,0.9953097498424057
12720,22144,0.9884736683817414
12720,23294,0.9832517049598829
12720,22326,0.9806139530594823
12720,22961,0.9803112024847805
12720,23247,0.9777430506689033
12720,23319,0.9773548625517969
12720,21080,0.9756175496069481
12720,22722,0.973584604551056
12720,23344,0.9735681442900477
12723,22751,0.9578830474378442
12723,22750,0.9297643089046473
12723,22971,0.9233055509440669
12723,22809,0.9218792087149588
12723,21471,0.9124929348109113
12723,23318,0.9034619173891366
12723,22940,0.8951162355530782
12723,22970,0.8943738201052076
12723,22115,0.8857742118840921
12723,21470,0.884221377908423
12724,POST,0.9280977165322675
12724,23084,0.8553380880154149
12724,23346,0.8220543974662874
12724,23240,0.8165001797160083
12724,20712,0.8088937781775184
12724,23199,0.8003974494801606
12724,23256,0.7794223646718811
12724,23254,0.7760052059481917
12724,23238,0.768798233257633
12724,22964,0.7578045925819165
12726,21094,0.9851556210824062
12726,22531,0.9818513814931089
12726,21086,0.9794499772684891
12726,22620,0.9778751281686209
12726,21987,0.9700369490810372
12726,21988,0.9657257621949004
12726,22908,0.9634832912305812
12726,22435,0.9626156776529892
12726,22333,0.9600225078049746
12726,22492,0.9547043593650506
12727,POST,0.9437896148840239
12727,22557,0.9338007152108991
12727,21559,0.8839692994259529
12727,22553,0.8673393383429209
12727,23084,0.8580283566001403
12727,22728,0.8566572166195348
12727,22730,0.8383276490390692
12727,22551,0.8358540512308148
12727,22138,0.829700140769247
12727,22727,0.8243948242641084
12731,20682,0.989708035386797
12731,22745,0.9887749186198143
12731,84879,0.9875955029726322
12731,20725,0.9863035764163396
12731,22748,0.9831139756250745
12731,22629,0.976673566358639
12731,21524,0.9756410733502228
12731,22662,0.9684416990417213
12731,20685,0.9646770990736182
12731,22630,0.9613290056445847
12747,82482,0.987491126487071
12747,82484,0.9834187223901031
12747,82494L,0.9814134568113209
12747,84879,0.9812166086954629
12747,21754,0.9746739175588114
12747,21136,0.9651931224602994
12747,85123A,0.9593776887938804
12747,85062,0.9534345099128548
12747,85099F,0.9524305871958307
12747,21745,0.9482204976343372
12748,47566,1.0
12748,85099B,1.0
12748,22382,0.9999405983187656
12748,21080,0.9997946049150708
12748,22993,0.9997453485664496
12748,22449,0.9997202388794809
12748,20728,0.9996886776147927
12748,22139,0.9995263556024497
12748,20727,0.9994437135915765
12748,22940,0.9993662588881974
12749,23240,0.9768004779440762
12749,22722,0.9490327106771917
12749,82486,0.9481989400596653
12749,82483,0.9468996006948269
12749,85066,0.9442815295599662
12749,22624,0.941340049236518
12749,22558,0.9353024019680664
12749,23243,0.9304848253846036
12749,23245,0.9274115252558903
12749,82484,0.9263829675242528
12753,21216,0.9539182260675306
12753,21218,0.949325322095501
12753,23240,0.9225589079210179
12753,21259,0.9020751552694789
12753,21217,0.8964691104146825
12753,23245,0.8923428345289975
12753,21381,0.8840354195867607
12753,20750,0.8764107815644144
12753,22662,0.8687911477082076
12753,23238,0.8648153508152114
12757,22557,0.9784875193892729
12757,22554,0.976634449458574
12757,22551,0.9760317189719229
12757,22556,0.9707006846141191
12757,22113,0.9482515165051075
12757,23209,0.9379834946245391
12757,22555,0.9360701929607083
12757,22759,0.9337503675704397
12757,23203,0.9301857597222956
12757,23367,0.9300904585593391
12766,22114,0.9806992844460547
12766,22138,0.9806795988862405
12766,21485,0.9803156122587272
12766,POST,0.9738089235294615
12766,22139,0.9682135725372634
12766,84375,0.9510997634894616
12766,23355,0.9448393299129647
12766,20725,0.9280343750978509
12766,23344,0.9246637657978717
12766,22601,0.9211648966710951
12775,POST,0.9508883495981649
12775,84406B,0.8961084469856904
12775,35961,0.8546112436288074
12775,22296,0.821568344818052
12775,21390,0.8067914439706214
12775,84970L,0.7990325029110381
12775,84970S,0.79876642961556
12775,22776,0.781075810703638
12775,22831,0.778662953110508
12775,22690,0.7568722430053693
12778,POST,0.9521251890925153
12778,22421,0.8096636844883275
12778,20719,0.8050952484037751
12778,21108,0.7796438683434322
12778,20723,0.7696521150037913
12778,21987,0.7421725913896244
12778,22419,0.7412888308402769
12778,21988,0.7360119206333333
12778,22644,0.7205869505899012
12778,23307,0.7169955383568245
12782,POST,0.9579800712067159
12782,22139,0.9422386713089882
12782,22355,0.931333398595852
12782,23209,0.9134013017590642
12782,22620,0.8963223798923707
12782,21914,0.893486390777123
12782,21754,0.8928879178970279
12782,84879,0.8717277905824301
12782,47591D,0.8438398524211839
12782,20724,0.8323396745608695
12783,POST,0.9727484165728943
12783,23284,0.9531665381180227
12783,23108,0.950078035160851
12783,22111,0.9371525468930457
12783,82484,0.924193338389102
12783,82494L,0.9095674454330959
12783,22138,0.9036699836284199
12783,22625,0.9030826078177968
12783,22692,0.8973007036187228
12783,22617,0.8965883218889894
12787,23201,0.9346065171412546
12787,POST,0.9208196781956961
12787,22077,0.7852783985815407
12787,22114,0.7342143286887411
12787,23344,0.724072090820844
12787,84030E,0.6901169731007247
12787,21484,0.6601781464162219
12787,22078,0.5966509414420478
12787,22082,0.5909940257380506
12787,23203,0.5905431548016411
12798,23084,0.77679832665753
12798,22489,0.4091674284358483
12798,21918,0.3838935143213073
12798,22491,0.3613634768698204
12798,85178,0.26839500069342476
12798,85123A,0.0679192146410163
12798,21115,0.06786645493663034
12798,22086,0.0615053824477851
12798,85099B,0.05794247301883378
12798,23020,0.055947687823910075
12820,22086,0.9080824334590021
12820,23313,0.891827329984105
12820,84946,0.8650113871156706
12820,23245,0.8459377410116602
12820,23240,0.8451939943343212
12820,23201,0.8330508853649821
12820,21733,0.8298647850443608
12820,22189,0.8226444647589474
12820,23319,0.8075424937212099
12820,21791,0.8047330026178452
12826,22086,0.9568816582711582
12826,21481,0.9524141218000862
12826,21479,0.951303728061651
12826,21930,0.9488540279788591
12826,22910,0.9429532095850661
12826,20727,0.9218593813500917
12826,20712,0.9159196954178428
12826,23344,0.9131822820499041
12826,23200,0.910702985659139
12826,20978,0.8837391678801424
12827,22139,0.9513947844941335
12827,22138,0.9504239363140453
12827,22617,0.8512643479363899
12827,22907,0.8417324862500215
12827,22722,0.8162334580627346
12827,84978,0.8049539202251529
12827,23243,0.7857731373159923
12827,22720,0.7553192416442116
12827,23096,0.7434842371558293
12827,22696,0.7333958188980241
12828,22111,0.9712259759105802
12828,23355,0.9665674168998248
12828,22865,0.9620830790521544
12828,22866,0.948352234428792
12828,22138,0.9412201537568243
12828,46000S,0.927741675956207
12828,37446,0.9201749747984981
12828,22699,0.9008115586766062
12828,22139,0.8876321197903909
12828,22621,0.8765044659370954
12839,21232,0.9998268853119043
12839,22197,0.9986363951425873
12839,23204,0.9981837731493628
12839,20719,0.9979503273172402
12839,21231,0.9974541594515847
12839,85099F,0.997405746562682
12839,82494L,0.9973458021185699
12839,22355,0.9963215779278954
12839,20724,0.9961738536091912
12839,22189,0.9956896150576201
12841,47566,0.9916524798982789
12841,79321,0.982131073132685
12841,15036,0.9809451256676593
12841,23298,0.9775783697116892
12841,23264,0.9734197198660507
12841,22086,0.9724414465134401
12841,22087,0.968184084264366
12841,23263,0.9646804738507817
12841,22083,0.9623570444025928
12841,22571,0.9560940428951146
12856,23266,0.9916784311240812
12856,22551,0.9905792240346528
12856,23263,0.987294599724594
12856,22554,0.9872698166332492
12856,22301,0.9868376832553798
12856,22467,0.9862609482913539
12856,23084,0.9858337641487509
12856,23322,0.9857087433172131
12856,22553,0.9856046268918159
12856,21484,0.9849007849014096
12865,22846,0.8935666674520981
12865,22847,0.8913981259964521
12865,23290,0.8736356302402843
12865,23389,0.8572311682330258
12865,23291,0.8466245134244921
12865,22845,0.8456206565383478
12865,20718,0.8344343859107503
12865,23289,0.8328135408186039
12865,82483,0.8310370315468062
12865,20981,0.8289125466608579
12867,23208,0.999827684268342
12867,23209,0.9986329211379825
12867,22411,0.9979819502197794
12867,22382,0.9970581853993438
12867,20726,0.9958716224032912
12867,22417,0.9948236257309448
12867,22983,0.9941948476985216
12867,22722,0.993052163469611
12867,22029,0.9930165477181625
12867,21791,0.9929292168883467
12877,20723,0.9755468243508193
12877,22355,0.965508038539798
12877,22661,0.9630151212694114
12877,20724,0.9575657265209541
12877,20719,0.9505424446412949
12877,15036,0.9393824080026348
12877,22629,0.9175859995307967
12877,20914,0.9122225071182605
12877,22722,0.9051429492536394
12877,21175,0.8969168099884034
12882,23284,0.8253283084868095
12882,20685,0.7641864976823074
12882,48187,0.7514702997968132
12882,48184,0.7314462992250835
12882,23344,0.7109250642720554
12882,21524,0.7109235522692626
12882,22189,0.6900450197440031
12882,22692,0.6834338625742293
12882,48138,0.6542441158119651
12882,48185,0.6259004739375124
12883,22111,0.906209018308662
12883,23284,0.8928130505398093
12883,20914,0.8774976147666261
12883,20685,0.8371086347396363
12883,22112,0.8116211576380131
12883,48194,0.8067788470959655
12883,21754,0.796154016587033
12883,23298,0.792769875884911
12883,22624,0.7879602988121194
12883,22457,0.7653549159964637
12901,21787,0.9775628460945921
12901,22659,0.9772953212930389
12901,21915,0.9737450401834228
12901,22970,0.972977293259733
12901,22988,0.9645339832634717
12901,22966,0.9641426621698626
12901,22971,0.9632123888990064
12901,21977,0.9631002248659823
12901,84077,0.962756834345372
12901,22440,0.9461466367050286
12904,23147,0.9122463916200837
12904,23146,0.9082532360831876
12904,21135,0.8627939473284046
12904,23148,0.8627027877964493
12904,35961,0.8577729139172252
12904,35970,0.8412306624328396
12904,82494L,0.8399540924481187
12904,22578,0.8348235120839999
12904,21340,0.8184954632279673
12904,23318,0.8165018798517666
12906,22970,0.9272992500846838
12906,22900,0.909641880415497
12906,23309,0.9067312840547597
12906,22992,0.9018223025438522
12906,21731,0.886952898891791
12906,22616,0.8737864401751826
12906,23188,0.8462136434759229
12906,23308,0.8401082583883147
12906,84879,0.8040535104556685
12906,22561,0.7902792900417392
12910,20969,0.974838144281188
12910,20970,0.9713422136003534
12910,22568,0.9671658591592067
12910,22271,0.958375280272755
12910,23209,0.9465108128081501
12910,23206,0.9234362983958758
12910,22970,0.8840269098109733
12910,22150,0.8546356687411467
12910,22382,0.8323921018359858
12910,22273,0.8297008328517002
12912,23177,0.9060035957877509
12912,23012,0.8622791421439283
12912,23084,0.835876276348714
12912,23013,0.8184825542358947
12912,23014,0.8142746351597109
12912,22945,0.692540570680936
12912,23169,0.6876652338962385
12912,23171,0.679287034000593
12912,23172,0.6644083041813993
12912,22697,0.6463530407349386
12913,22910,0.9147687080331315
12913,22086,0.9102783567270647
12913,84946,0.854016666155919
12913,21754,0.8041835472141633
12913,22469,0.774481788584844
12913,22158,0.7669039095995265
12913,22596,0.760507193718132
12913,22083,0.7563401339322001
12913,22457,0.742875227729332
12913,22150,0.7299141263905311
12919,35970,0.9632271747820031
12919,22621,0.9513732991445295
12919,22457,0.9504139048493446
12919,23493,0.936701506860282
12919,23109,0.9335418376252441
12919,21259,0.9268947383982791
12919,22077,0.9136737608582727
12919,22652,0.9035492231388075
12919,22596,0.8724378723943125
12919,22470,0.8635893555701146
12921,23201,0.998808985334897
12921,22382,0.9981147803019682
12921,22386,0.997843501420332
12921,23199,0.9967702903034638
12921,84997D,0.9964655663407255
12921,22384,0.9962825581758593
12921,22385,0.9960170961640585
12921,23209,0.9959619270910328
12921,20727,0.9958285236452123
12921,85099B,0.9954439399259013
12925,23192,0.863062462088238
12925,21731,0.8522062335577331
12925,23320,0.8056263375366354
12925,21914,0.7947391148144505
12925,22759,0.7873680648683086
12925,85099B,0.7818295502175581
12925,21791,0.7484646269800899
12925,22560,0.7375885498599565
12925,21509,0.7334855162154926
12925,84077,0.7314910009799229
12931,22197,0.9607582563992878
12931,21731,0.9348189757113768
12931,23203,0.9175887590959475
12931,23215,0.9148723645421604
12931,22991,0.9058103105188644
12931,23201,0.9029828577738321
12931,20974,0.9013424641501001
12931,21479,0.8961911615405103
12931,21481,0.8878007965996509
12931,22992,0.8874326231029536
12933,22910,0.9439240027360618
12933,22144,0.9296558866266786
12933,23493,0.9265047075617917
12933,23318,0.9239435364363356
12933,23319,0.9149541621087685
12933,23355,0.910996230095261
12933,22086,0.9109900511454572
12933,23320,0.8868895414560287
12933,23351,0.8857580006385013
12933,22142,0.8846384215822742
12935,22558,0.9603117535466578
12935,20971,0.9345131742706021
12935,22961,0.9319365541202035
12935,23310,0.9297812431167277
12935,22960,0.9235950788665347
12935,47591D,0.922018305531072
12935,22149,0.913174900266229
12935,22367,0.9050366679570584
12935,21498,0.9023277517513477
12935,23199,0.8980379216974397
12936,22086,0.9243266311067687
12936,22910,0.9219667744402282
12936,22557,0.9140154684836769
12936,84836,0.9076608655379751
12936,23300,0.8950834157696499
12936,22158,0.8673749172576348
12936,84380,0.8536161018262736
12936,22553,0.8479888425140815
12936,23077,0.8304752573203968
12936,22960,0.8219984546426469
12937,21984,0.9747810010212618
12937,21986,0.9730833168098187
12937,22557,0.9674940432225314
12937,22555,0.9597171983169509
12937,22457,0.9584277593699789
12937,22382,0.9548393538383438
12937,20725,0.9506635544862218
12937,21983,0.9471760287029953
12937,22554,0.9435000372272981
12937,21985,0.940093995428212
12948,22086,0.9467267824552981
12948,22144,0.9403161497293291
12948,22734,0.9318380037269083
12948,23313,0.9213889260162406
12948,22141,0.9194685067727714
12948,23126,0.8954782746750755
12948,22273,0.8873739218268573
12948,22142,0.8610097925107133
12948,20970,0.8597016102400171
12948,20969,0.8483743698628317
12951,22379,0.8884001188219063
12951,23203,0.8880772432632714
12951,22144,0.8808050702305296
12951,23318,0.8682035252270643
12951,21621,0.8667074662251835
12951,22910,0.8474799888128998
12951,22090,0.8472207750743095
12951,22734,0.8392033532871812
12951,23343,0.8105050721286546
12951,22499,0.8041045542568337
12952,22112,0.9886025802077385
12952,22722,0.975488032383331
12952,48138,0.9710779059447728
12952,22624,0.9674199405331285
12952,23243,0.9571007376320815
12952,22699,0.9496345174519466
12952,22720,0.9493567553940928
12952,23293,0.945103356612706
12952,22867,0.9418956548312607
12952,22627,0.9398697063976859
12955,22620,0.9985568181797778
12955,22621,0.9955054769499393
12955,22560,0.9924115719408171
12955,21791,0.9921628839122547
12955,22561,0.9916683679837655
12955,21136,0.989190804900898
12955,21891,0.9873870210315522
12955,23310,0.983795192027182
12955,21790,0.9797996140644987
12955,22800,0.9788185822691745
12957,22326,0.9256398580725257
12957,22865,0.9221913683472401
12957,23240,0.9197269894301386
12957,22434,0.9194071066702778
12957,22328,0.9162043071249093
12957,22178,0.9113917039354185
12957,22568,0.9061520299572906
12957,22436,0.893645734938565
12957,23077,0.8868785328169672
12957,22563,0.8829340797628856
12962,23119,0.7752652750169543
12962,23291,0.7109269144393646
12962,23292,0.6943813137252678
12962,23084,0.61737788966399
12962,22629,0.6087343762255627
12962,20726,0.6037588417067808
12962,22327,0.5999737609972394
12962,22424,0.5881086457494507
12962,22083,0.5829790166489254
12962,23245,0.5760224777999317
12963,23344,0.9441555936509807
12963,22663,0.9381771457443345
12963,22114,0.9292663925089848
12963,23084,0.8499425972221255
12963,85150,0.8482840527035236
12963,22138,0.8296866598185427
12963,21181,0.8277601748263209
12963,22139,0.8210327928119667
12963,22086,0.8064103659660861
12963,22943,0.7756856133792852
12970,22097,0.9734631615799129
12970,23192,0.9707787255071264
12970,23345,0.9700645563530067
12970,23493,0.9683697002837389
12970,23346,0.9680042092803057
12970,84029E,0.9665111493458678
12970,22613,0.9659789718628201
12970,22964,0.965356048065814
12970,85062,0.9629628744671621
12970,23212,0.9609513444425676
12971,22499,0.9910912924604592
12971,22593,0.9904212564710375
12971,22464,0.9900771892128561
12971,84988,0.9889316690598012
12971,22594,0.9888992877243068
12971,21621,0.9866115252120521
12971,15036,0.9854594710522732
12971,22577,0.9853067843799581
12971,22595,0.9830680007680814
12971,22807,0.9826283907195763
12989,21137,0.976581795090702
12989,22301,0.946736774455865
12989,23284,0.9328770738266132
12989,22041,0.9143952781927912
12989,48138,0.9140358663248874
12989,72741,0.9133425722232916
12989,23503,0.8509202341097983
12989,22621,0.849652048577033
12989,22909,0.8361001262477487
12989,22966,0.8302774826008814
12991,22197,0.5682829567789193
12991,22086,0.5356450862786282
12991,21912,0.5281729035133731
12991,21888,0.5158149664481538
12991,22910,0.4718449859320271
12991,23318,0.44501654970488097
12991,23311,0.42971972673781816
12991,22139,0.4085590047665237
12991,22027,0.3504197441148845
12991,23493,0.34659262062484525
12993,21790,0.7919024109792867
12993,22910,0.7281036847940222
12993,22086,0.7217748038850105
12993,20725,0.7080502665640126
12993,22384,0.7008660772161992
12993,20728,0.6938913597017695
12993,22382,0.6719590136394001
12993,23201,0.6603975906302192
12993,22139,0.6333174406001736
12993,22578,0.6112598649753028
12994,85053,0.9272926385399946
12994,22424,0.920182052570777
12994,48187,0.9020169375613967
12994,22960,0.8796514967225338
12994,22429,0.8747847152855203
12994,22993,0.8641944968089726
12994,22666,0.8599242888057218
12994,22138,0.8192721709108214
12994,23245,0.8109328213749393
12994,22720,0.7749101308339875
12997,21231,0.9569297712194903
12997,22457,0.9312464411628486
12997,21232,0.9194270629798268
12997,22178,0.9171623068592155
12997,85123A,0.9153157214005762
12997,22094,0.9129819705966944
12997,22470,0.8968440309459821
12997,23157,0.8868437329969813
12997,22596,0.8760984084212544
12997,35961,0.8383798935816322
13001,82494L,0.9803128248811238
13001,15056N,0.9741370519863077
13001,21155,0.9705301004426314
13001,21754,0.9695468585366104
13001,22087,0.9648553588262824
13001,22386,0.9641638618930483
13001,22138,0.9602513735833897
13001,84988,0.9580123637441134
13001,22722,0.9511913370985212
13001,22720,0.9503494196172081
13004,21790,0.9827420385304005
13004,23035,0.9725505340315006
13004,84580,0.9653714548150485
13004,22952,0.963113016638391
13004,22851,0.9606209391382521
13004,21080,0.9585512983183329
13004,22909,0.9542190735519712
13004,22149,0.9510010846603959
13004,21481,0.9501694038194821
13004,22720,0.950136385585669
13012,23298,0.9566115027324057
13012,22413,0.9461641356184308
13012,22993,0.9274061855609755
13012,22139,0.9245092446882379
13012,82484,0.9180212684539606
13012,47566,0.9014490529954583
13012,21907,0.8932086840848589
13012,21169,0.8759255965937219
13012,82552,0.8728035766651652
13012,21175,0.8710215274647599
13013,22835,0.9950716653467419
13013,22910,0.9819313081629459
13013,84029G,0.9728246120875486
13013,22083,0.9696884074497467
13013,22114,0.9679772463741665
13013,22086,0.965951741788482
13013,84879,0.9588593133100187
13013,22558,0.9519787077843519
13013,22909,0.945832926114529
13013,21169,0.9448479243794126
13014,22423,0.976712294704641
13014,37450,0.9434948363766991
13014,21257,0.9425277301021796
13014,22222,0.9339197706506213
13014,21259,0.9152127301272602
13014,21258,0.908635735935523
13014,22283,0.8902898807574879
13014,21217,0.8821069168108406
13014,22667,0.8818965270319439
13014,21232,0.8779865957945039
13018,23201,0.9853036355226239
13018,22150,0.9768024769195801
13018,22619,0.968668857919133
13018,84946,0.9656503838459798
13018,22964,0.9651403243334082
13018,21791,0.9613114090904221
13018,21790,0.9571810477409175
13018,22745,0.95396134696323
13018,22666,0.9529276101458055
13018,23263,0.9483774094067104
13021,21181,0.9533848150334209
13021,22411,0.9429198977182291
13021,22835,0.9414467181410576
13021,23355,0.9390109083891279
13021,20972,0.9340420775305294
13021,22867,0.9266596976937035
13021,85099B,0.9247124426526461
13021,21485,0.9159277934805045
13021,23108,0.9124719200723971
13021,22865,0.9072528722611759
13026,15036,0.7572852311098133
13026,21992,0.7496988006245029
13026,72800E,0.6946412947455438
13026,17003,0.6936143256487523
13026,22753,0.6694884954233361
13026,22756,0.6635966548451133
13026,22758,0.6619489954241055
13026,22755,0.6263362761255247
13026,22644,0.5762665806058996
13026,22178,0.550217230778174
13028,21933,0.9093323151141535
13028,85183B,0.9002443524833601
13028,85183A,0.8471467066943212
13028,22384,0.8438447785234573
13028,85099B,0.8360522089156672
13028,21932,0.8320656312198274
13028,23301,0.827756503564432
13028,20723,0.8235880641279801
13028,22356,0.82090482477884
13028,23209,0.8208398552913262
13030,22900,0.8172802937888369
13030,21621,0.802964970371699
13030,23084,0.7914019073883651
13030,84946,0.7658928634527326
13030,21931,0.7510884037231553
13030,85099C,0.7500704490801138
13030,22978,0.745091819908541
13030,23200,0.7227046931302877
13030,21928,0.7153035607219925
13030,22466,0.7152545926518986
13040,22720,0.933595576019478
13040,22909,0.9278828647606702
13040,20971,0.8961666729633384
13040,22910,0.862632102160353
13040,84879,0.8558683464035062
13040,22141,0.8494989224715535
13040,22142,0.8399313609795338
13040,23126,0.8350984693352207
13040,22568,0.8200451308278687
13040,23245,0.8165380454328438
13048,20725,0.9881711803626878
13048,22384,0.9875898112892577
13048,21931,0.9841388816273325
13048,22383,0.9828486750766736
13048,20728,0.9782497822983972
13048,22386,0.9757578607933838
13048,21930,0.9751787197439903
13048,85099B,0.969193705116741
13048,22356,0.9641614659259246
13048,20724,0.960111651017318
13050,82494L,0.9936287589825438
13050,22720,0.9917648748327158
13050,22423,0.9915197897986102
13050,20914,0.9913206954515609
13050,22722,0.9906600778413129
13050,22728,0.989574631578879
13050,82484,0.9871489688593335
13050,22086,0.9854656087180235
13050,22178,0.9851813138090613
13050,22151,0.982509198933141
13058,23313,0.7914894838004594
13058,47590B,0.7593091649851651
13058,47590A,0.7549103464738606
13058,23298,0.5909803852560079
13058,22776,0.5396130268866804
13058,21034,0.22909989144257015
13058,22423,0.21502083789244295
13058,22624,0.19764380239838875
13058,21843,0.19666256721889133
13058,85066,0.19143736269473907
13064,82482,0.9742713376617739
13064,82483,0.9724887930677258
13064,82494L,0.9721194444310229
13064,20828,0.932021342671825
13064,10135,0.9294860839544551
13064,85123A,0.9016919152640065
13064,22457,0.9012395462044377
13064,72351B,0.8912044550481285
13064,17003,0.8454638729837555
13064,22621,0.843650240739914
13066,21156,0.7502565929856452
13066,82494L,0.745722726653537
13066,22457,0.7286708967314303
13066,84792,0.7280989618776175
13066,82580,0.7273327888370786
13066,22423,0.7225269115324656
13066,22989,0.7072192814565265
13066,22900,0.7012301058116305
13066,23112,0.6988513481826369
13066,82484,0.6930041930356186
13068,85099C,0.8539608749248775
13068,22197,0.5547915546753577
13068,20685,0.4770082944504248
13068,22423,0.27586881916848577
13068,23284,0.26847540860893604
13068,POST,0.2631292697362055
13068,85123A,0.24597978403237902
13068,22469,0.2434285415585795
13068,85099B,0.23684948489696273
13068,84879,0.23130006324055483
13069,22997,0.9668776265185092
13069,22996,0.9668690098624497
13069,22995,0.964315697855439
13069,23202,0.9610485103171887
13069,20676,0.9605965146083763
13069,23005,0.9513846008894246
13069,22090,0.9486517655690896
13069,21172,0.9478187160223807
13069,22380,0.9460655484032281
13069,47590B,0.943399228031123
13077,22621,0.957864138214804
13077,21791,0.942854939659798
13077,21790,0.9055965466141072
13077,22867,0.9001607575801261
13077,22834,0.8824568233619206
13077,22666,0.8791794162377294
13077,22139,0.8040361087422554
13077,22866,0.8007468001889736
13077,22865,0.7848042150153374
13077,20668,0.7753079869193596
13078,22568,0.9972203891006944
13078,22728,0.9946988044617908
13078,22109,0.9942089100673658
13078,82582,0.9938427243080747
13078,21523,0.9934786964427118
13078,21754,0.9932264421945499
13078,85152,0.9916156608450454
13078,22726,0.9906828549624267
13078,48138,0.988856600910674
13078,22727,0.9875553576623969
13079,22776,0.18062364415992607
13079,21034,0.12506203293994592
13079,22577,0.09367068926170306
13079,23145,0.09166791478123014
13079,23354,0.0821492355802099
13079,23330,0.08034180560768732
13079,22138,0.07487021305665478
13079,21462,0.07455845148848234
13079,23493,0.07114736650722663
13079,23344,0.06947889057509377
13081,21733,0.975943305068959
13081,22966,0.9738330281934401
13081,23207,0.9704564767740319
13081,20963,0.9693102279734933
13081,22699,0.968055852427464
13081,22662,0.9669307400500364
13081,20728,0.9627253132946917
13081,22910,0.9627148855497923
13081,22382,0.9618385306549477
13081,20971,0.957392424192434
13083,22779,0.8760731633203858
13083,22752,0.8440075215259284
13083,22780,0.8129377359468455
13083,22847,0.6936691724076586
13083,22754,0.671444846586948
13083,22419,0.6341154027566114
13083,23158,0.6201680756765409
13083,21982,0.5356595756686471
13083,22421,0.5108850100342386
13083,21231,0.4824474001920362
13089,23209,0.9999609001243585
13089,82482,0.9999609001243585
13089,22077,0.9997094475893452
13089,22630,0.999497926032176
13089,22382,0.9993255275387537
13089,22114,0.9991710562533431
13089,82494L,0.99886404072097
13089,23298,0.9987700666168943
13089,22469,0.9986298875151834
13089,22697,0.9984267065814428
13090,22617,0.9766412792773966
13090,22139,0.964607109368388
13090,22622,0.9597602530000069
13090,22138,0.9564022575037118
13090,22178,0.9511735961994564
13090,23084,0.9494772405674136
13090,84879,0.932383409544959
13090,84946,0.8954900899573652
13090,21731,0.8830253079326137
13090,22992,0.8773089334113865
13094,84946,0.9682310269465182
13094,22791,0.9267134447534255
13094,85123A,0.8809809325335368
13094,22174,0.8140041431763101
13094,22734,0.23320395111632253
13094,23503,0.19369993561249135
13094,23318,0.16453153749798913
13094,23319,0.16339141974696736
13094,23493,0.16108165322117904
13094,23311,0.15770650772946998
13098,20914,0.9996722060419165
13098,22382,0.9984545113802328
13098,22384,0.9968989766872395
13098,20725,0.9962338745192695
13098,23208,0.9953740520497494
13098,23199,0.9951695111286597
13098,23202,0.9948056165738399
13098,85123A,0.9939916276847479
13098,23231,0.9934379945917415
13098,20685,0.9931848824217343
13102,22630,0.9916982407783425
13102,22629,0.9906103057807318
13102,22197,0.9901532657634912
13102,22659,0.9887742675752914
13102,22558,0.9867365002841695
13102,22993,0.9845339563777795
13102,22726,0.982397012979699
13102,22551,0.9822086187746976
13102,23084,0.9780383965775337
13102,85123A,0.9719254114873616
13104,21137,0.9359968236050459
13104,35970,0.9211311769519726
13104,23196,0.8638412988368558
13104,22041,0.8543569944641651
13104,23188,0.8224459038435664
13104,22560,0.7610017020342913
13104,23350,0.7578038250253553
13104,21915,0.7458803887523878
13104,23360,0.5733471633095579
13104,22489,0.5385928255954741
13113,47566,0.9972291885436293
13113,21430,0.9966296757897817
13113,22087,0.9949004598644527
13113,22457,0.9909243045944492
13113,21217,0.9851090589298406
13113,48194,0.9810484976908257
13113,22423,0.9715546742843011
13113,23275,0.9711763103649864
13113,22296,0.9666537817877175
13113,84988,0.9612677497456694
13115,20725,0.9897207708103124
13115,23209,0.9885612024159377
13115,22384,0.9791022737188338
13115,20727,0.9771857409708931
13115,22383,0.9760587650559223
13115,23206,0.972197902413338
13115,23207,0.9660999295892033
13115,20728,0.9626798068413496
13115,23208,0.9451711941003701
13115,22382,0.9415060427448411
13117,22457,0.8140409738924884
13117,22578,0.7818437776071747
13117,84879,0.7422599545046645
13117,47566,0.7208316080229172
13117,22579,0.7151537245361348
13117,84836,0.7006916877073135
13117,84945,0.6589053112010869
13117,71459,0.6379714996950668
13117,22577,0.630916928281092
13117,23275,0.6098789785518345
13118,20728,0.9902064421546438
13118,22382,0.9874404024735373
13118,22384,0.9820125069326826
13118,20727,0.9696624916488916
13118,22383,0.9595156702912817
13118,23209,0.9590497148243117
13118,20726,0.9548660752834799
13118,23203,0.9215808061521146
13118,22411,0.9187779830965415
13118,21733,0.9175934065107622
13126,82494L,0.9110638088461586
13126,82482,0.88018801933633
13126,23393,0.8727838173417046
13126,22227,0.8213912243833125
13126,21232,0.7774682403408458
13126,20992,0.7661083352910355
13126,21705,0.7507741716681605
13126,22469,0.7459656206469566
13126,23321,0.7388625757396695
13126,22757,0.7316698243686857
13131,22326,0.951149741741455
13131,20725,0.9486694328098065
13131,23206,0.9468306157120816
13131,20726,0.9456805347630552
13131,22328,0.9432685648535698
13131,22382,0.9328962072621707
13131,21559,0.9249939034044207
13131,23207,0.8859122403401217
13131,84997D,0.8453624699464428
13131,22988,0.8111247767199697
13137,21672,0.9975528645871365
13137,21668,0.9958160481685909
13137,22632,0.9950909024693713
13137,23439,0.9943908240227309
13137,84987,0.9943705026976312
13137,22910,0.9937333259140583
13137,20727,0.9923948430844566
13137,22966,0.991916400922665
13137,21673,0.9915437058004041
13137,23209,0.9912865844046106
13138,22568,0.9718810713648279
13138,20970,0.9635462119307685
13138,23126,0.9545935786577547
13138,20969,0.9535352666039025
13138,21259,0.9478411306853739
13138,20971,0.9275653475404312
13138,22150,0.9164853955038463
13138,22144,0.9147388195949615
13138,22141,0.9139220029978546
13138,22149,0.9113997838249638
13139,23301,0.8945284652235237
13139,23084,0.8939632810516465
13139,23200,0.8760050462838131
13139,20685,0.8662622960967777
13139,23284,0.8525421896117601
13139,48138,0.8392471605410979
13139,48194,0.8331220170236668
13139,23344,0.820554119951155
13139,85099B,0.8036980802376886
13139,85099F,0.7985974783053398
13147,79321,0.9379949104746491
13147,22433,0.13094914416678974
13147,22111,0.12352062496594726
13147,22171,0.12182488350422957
13147,22469,0.11668769053959087
13147,22423,0.11584484436894076
13147,23355,0.10562690748684968
13147,47559B,0.10113994425423024
13147,22776,0.09756805387193895
13147,22138,0.09666194768910431
13149,22488,0.902705808983125
13149,22578,0.8715826268367027
13149,22457,0.837984558575394
13149,22577,0.8360819656078574
13149,82484,0.8239675903557795
13149,21668,0.7350399582011728
13149,21669,0.7237032143533018
13149,82482,0.7185328976585351
13149,22596,0.7031183981638456
13149,22178,0.6974494375279098
13159,23319,0.8579136240717425
13159,22621,0.8304401032131026
13159,22578,0.8215812014238041
13159,23080,0.821015272372547
13159,22595,0.814052771922822
13159,82482,0.805250883635331
13159,21912,0.7915067974447294
13159,22969,0.7880469090069856
13159,22138,0.7840186739850528
13159,21790,0.7837966164088979
13167,82483,0.9252996134666593
13167,82486,0.9198340245214992
13167,17003,0.8975410385018108
13167,23298,0.8859361881473385
13167,22178,0.871696864881104
13167,51014A,0.86516542000626
13167,22604,0.8436347861146561
13167,21326,0.8185339386016212
13167,21790,0.7948541651861398
13167,51014L,0.7474305469431767
13171,23263,0.9384603494451741
13171,22577,0.9276721214597844
13171,23266,0.916441119372112
13171,23265,0.8935529353679389
13171,22578,0.8724776146963374
13171,22469,0.8365033057791478
13171,23330,0.8112327816578447
13171,22082,0.7983811343548556
13171,22579,0.7630519560732143
13171,21034,0.7409040671546928
13173,21533,0.7760571990735515
13173,85174,0.7643885152180396
13173,20679,0.703814587999133
13173,22212,0.6838308324588267
13173,85123A,0.6674892519153657
13173,85184C,0.6177502565571967
13173,84536A,0.6054986213952201
13173,22799,0.6005241057367063
13173,85014B,0.5996042562323759
13173,23075,0.5983087954644144
13174,22111,0.9695076133979313
13174,22867,0.9684443492636196
13174,22910,0.9636466344092652
13174,21485,0.9602076480170314
13174,22866,0.9578158856080506
13174,22113,0.947849498107992
13174,84992,0.9453334728715811
13174,20685,0.9345271833642098
13174,22086,0.9208766771272233
13174,22818,0.9195198785134658
13178,22328,0.9624053902024715
13178,23084,0.9559107584295878
13178,22326,0.9494603385727796
13178,20728,0.941116167760282
13178,22382,0.938590149763422
13178,22149,0.9327427960332204
13178,23208,0.9303740026026333
13178,20726,0.929898580958262
13178,21930,0.928037941344773
13178,22384,0.9275304786832156
13183,85152,0.9816225076378047
13183,21166,0.9810846133731543
13183,82484,0.9792152866476914
13183,21175,0.9711473975946241
13183,21181,0.9680758075101645
13183,85150,0.966704772248325
13183,21165,0.9579202942868361
13183,82583,0.9482129067028899
13183,82483,0.8619130461534644
13183,21169,0.8556306335070125
13184,23298,0.8915709339126707
13184,23333,0.8863480560140745
13184,47566,0.8642168882174307
13184,23329,0.854195249960656
13184,23332,0.8540097491230614
13184,21733,0.8369785233970862
13184,23109,0.8347793194512192
13184,22596,0.8148851107349662
13184,23100,0.8137220955786746
13184,22649,0.7856649239557378
13189,22065,0.6822272768066805
13189,20668,0.6742568247096727
13189,20996,0.6334530005728922
13189,35471D,0.623604626177128
13189,22544,0.5677715846328449
13189,20992,0.5618859535207381
13189,22915,0.5563710427003334
13189,22959,0.5139819856368236
13189,22047,0.5066663614853328
13189,23546,0.49220762184504463
13196,23351,0.8815631125218529
13196,23349,0.8623222811562912
13196,23350,0.8601191615876386
13196,21506,0.8459741704945896
13196,22139,0.8262410161417592
13196,22568,0.784902767067862
13196,21509,0.771658310525952
13196,22273,0.7587007637579003
13196,21507,0.7528815084132017
13196,22150,0.7482282306990543
13198,21731,0.943002446812964
13198,20723,0.9412684175347013
13198,22910,0.9221129973337098
13198,84375,0.9134780602897524
13198,21833,0.9119976289318832
13198,20728,0.9107855194319855
13198,22384,0.9099071313366822
13198,20727,0.9082682346414541
13198,22149,0.9063510336814651
13198,22326,0.8892295114943566
13199,23084,0.9972428279662356
13199,84945,0.9942838627589183
13199,84946,0.9940026908487977
13199,23188,0.9882933179561875
13199,22557,0.9861068117929445
13199,84947,0.9860019169963791
13199,22087,0.9807419382427258
13199,23082,0.9783135710242836
13199,22555,0.9663029077251596
13199,22435,0.9638982572533069
13200,22792,0.9222129040329562
13200,84946,0.8253815428513058
13200,82482,0.804834276413383
13200,22727,0.7776341603090766
13200,22639,0.7754259033710327
13200,22726,0.7615142356179911
13200,22429,0.7574823589878297
13200,22456,0.730181792374562
13200,23321,0.7261048573740979
13200,23254,0.7185179935158617
13203,23100,0.7633661405371726
13203,22835,0.7601636959847995
13203,22178,0.7462645170948322
13203,23101,0.73127836187387
13203,84347,0.728531416507554
13203,22621,0.712010150012143
13203,22694,0.7040622813222065
13203,84029E,0.6975016481071754
13203,22867,0.6945541164282578
13203,23103,0.6915799124835739
13207,15056N,0.8504104237481094
13207,15036,0.7896933040485354
13207,72741,0.5440050691808033
13207,85175,0.5395319029934054
13207,15044D,0.45035975049753235
13207,15044A,0.4443712435066944
13207,15044C,0.3681312053590037
13207,22423,0.3000680798327354
13207,51014A,0.23497417208356672
13207,21034,0.20189155654902055
13211,21498,0.9049510963008184
13211,23231,0.899180853650246
13211,22086,0.8820053978797656
13211,21495,0.8746797642813088
13211,22083,0.856678527825462
13211,22436,0.8483011646649751
13211,47590B,0.8472612693939469
13211,23298,0.8261747379912608
13211,23293,0.8256235685206434
13211,23296,0.816455603034756
13212,22835,0.9428908673247457
13212,23351,0.9309036986770709
13212,23032,0.9196814451655477
13212,23284,0.917199423353678
13212,23350,0.913482047308939
13212,20685,0.9133184655788049
13212,23035,0.9108100696092064
13212,22158,0.9065266128581273
13212,23319,0.9048085722648315
13212,23300,0.9032742260003391
13225,21175,0.8155401786664103
13225,22386,0.8124240572655081
13225,21181,0.8075167935952405
13225,21929,0.7906171207559367
13225,48187,0.7304197099336218
13225,21166,0.7144284446361469
13225,85099B,0.6971138422721802
13225,85099C,0.6892194389894499
13225,48185,0.6820169903838114
13225,22464,0.6245210965547816
13230,23329,0.9925177455944386
13230,23332,0.9924367476001618
13230,23343,0.9901291624421994
13230,23264,0.9896468418151213
13230,23333,0.9878866243802084
13230,23330,0.9872853309636751
13230,22144,0.9846465582407181
13230,22975,0.9838899614704172
13230,21034,0.9836260579592552
13230,23265,0.9833707470267543
13232,20914,0.9716548703354971
13232,22666,0.9711190344269
13232,21216,0.9573508390811057
13232,20754,0.9569205218277722
13232,22844,0.9543689100424727
13232,22845,0.9484621568664475
13232,22086,0.9458605522713479
13232,22847,0.9456893068271309
13232,23350,0.9437156763125026
13232,22193,0.9424159047743343
13236,23129,0.8028014757025811
13236,23130,0.7917085234833873
13236,22574,0.7808550419156269
13236,22945,0.7710923813786019
13236,22573,0.7532244306701646
13236,84879,0.7477053636363309
13236,22696,0.7358965602549579
13236,22294,0.715493965751465
13236,23013,0.7056710091647439
13236,23323,0.6801730976971737
13238,85099F,0.9764293486405292
13238,23202,0.9673794866038053
13238,23199,0.9620282990807603
13238,22386,0.960317286847668
13238,23203,0.9601437948174265
13238,21931,0.9565617969317308
13238,85099C,0.9371030195948794
13238,22411,0.9198377367754201
13238,85099B,0.9002160596731725
13238,23200,0.6917724689653671
13246,23343,0.8946112730381176
13246,22866,0.8898122407228679
13246,21933,0.8877217189788502
13246,22909,0.8775044319260867
13246,21932,0.8774788602827389
13246,23344,0.8706391217329035
13246,21080,0.8594086894176965
13246,22867,0.852360667176814
13246,22633,0.8153574669462351
13246,22577,0.7944895593455706
13247,22898,0.9429180467354729
13247,22138,0.9370288805820648
13247,22367,0.9336546819952745
13247,22899,0.9204276082265377
13247,23245,0.89988265602279
13247,22617,0.8854751558031527
13247,47591D,0.8596394033471536
13247,22909,0.8333335553922091
13247,84380,0.8162849054302496
13247,22907,0.7777475513967341
13255,23312,0.6746732638490208
13255,23215,0.6380630513218905
13255,22768,0.6256333711767902
13255,22767,0.6130826624193346
13255,22839,0.6024671805737895
13255,23322,0.5991851178994013
13255,21915,0.5971144669208083
13255,20973,0.5965993299528283
13255,23080,0.592346845424614
13255,82494L,0.5167257018294396
13258,85123A,0.8957315054453009
13258,22464,0.8321301562181014
13258,21755,0.8231550593836533
13258,21754,0.8107985160667451
13258,22784,0.8000171956717976
13258,23321,0.7283050402473255
13258,23284,0.721193923640182
13258,22938,0.7106876166372383
13258,23322,0.7068667873574432
13258,71053,0.7043032818982525
13263,85152,0.9880722898261831
13263,82482,0.9879141111359657
13263,23266,0.9876370697150791
13263,23503,0.9860413917383135
13263,22079,0.9856841692125355
13263,22694,0.985157069745129
13263,82494L,0.9844866938808631
13263,22077,0.9842412013251951
13263,22558,0.983857956867422
13263,22666,0.983555974859398
13266,23286,0.9726622827573649
13266,23167,0.9675737133234177
13266,20992,0.9650962448037766
13266,22418,0.9579760214127445
13266,23198,0.9540493945938696
13266,23292,0.9378380243323894
13266,22029,0.937335548862421
13266,22993,0.9356693052945504
13266,22037,0.9321276967283492
13266,23389,0.925075547146958
13267,22726,0.9926320072596204
13267,82494L,0.9894813159227166
13267,82484,0.9874077814080318
13267,22867,0.9858351890762507
13267,82486,0.9807847259793835
13267,84755,0.9781491016871782
13267,79321,0.9763587702489455
13267,84879,0.9745452802654428
13267,22178,0.9734196426011056
13267,22699,0.97175673845886
13268,21175,0.987370390611946
13268,22219,0.9829358391597118
13268,21232,0.9815231181210633
13268,21877,0.9801466596954193
13268,21429,0.9775142250964395
13268,21832,0.9764755672542823
13268,22064,0.976139940765763
13268,21871,0.9761133966765162
13268,22294,0.9758829871709453
13268,23208,0.9736790559723651
13269,22629,0.9966733113872501
13269,85099B,0.9951781418716892
13269,82494L,0.9937824930402519
13269,82482,0.9930796553520338
13269,22170,0.9872854205021281
13269,21137,0.98613881650353
13269,23343,0.9853363564049434
13269,21787,0.9851610481272635
13269,22197,0.9841042734019768
13269,22667,0.983957248424964
13277,20963,0.8871069797651565
13277,20961,0.8803247132419271
13277,20726,0.7941417618768902
13277,22331,0.7377186515764855
13277,23206,0.5310956794377282
13277,22383,0.30061231341042655
13277,20727,0.2809648522046532
13277,22469,0.2557175687051731
13277,23209,0.24825001141203074
13277,22197,0.24134684926063718
13282,22624,0.7840516717608275
13282,22730,0.7836675029312254
13282,22728,0.7777282166355989
13282,22727,0.7757593791277541
13282,22193,0.774881392367827
13282,22367,0.753553139897259
13282,22192,0.7425440495679136
13282,22847,0.7351685760923761
13282,22625,0.7285443489994369
13282,47591D,0.728294513329732
13285,23209,0.975770672384269
13285,23204,0.9744909100745189
13285,20724,0.9631875529463294
13285,20727,0.9623606040317395
13285,23203,0.9610799053094856
13285,22384,0.9534229177891763
13285,23206,0.9521440360257123
13285,22383,0.9399243810983839
13285,23159,0.9330822858332495
13285,20725,0.9308181015465097
13297,22835,0.9734240976336191
13297,22114,0.9678274731240928
13297,22111,0.9605036203461104
13297,23355,0.9187638280113123
13297,21754,0.8698353357985343
13297,23196,0.8542219771660418
13297,23208,0.8461811052944896
13297,22383,0.8373199955991922
13297,82001S,0.8332175289502854
13297,23284,0.8328956473759452
13305,23263,0.9668830169837213
13305,22178,0.9611206836746758
13305,20972,0.9606195892315466
13305,21523,0.9596982456620677
13305,23284,0.9415760819067244
13305,48194,0.9313662965723932
13305,21754,0.9263521217775385
13305,48187,0.9192743970255189
13305,85061W,0.908241495423952
13305,22741,0.879350690934556
13308,22139,0.9028724701524802
13308,22568,0.8993452580213225
13308,22149,0.8605316921706969
13308,22750,0.8519725251987731
13308,21889,0.8111984805781175
13308,22507,0.7979392781012813
13308,22150,0.7711595648694999
13308,22699,0.7682664421732468
13308,22138,0.7681395507704082
13308,21891,0.766363483423005
13309,23206,0.9331849962234275
13309,22383,0.9280424594440325
13309,23310,0.9163717143683247
13309,22179,0.9022339787717274
13309,16161U,0.901444804361022
13309,20726,0.8896942471298437
13309,20725,0.8745529806373807
13309,20728,0.8491679371567297
13309,20727,0.8429027627070105
13309,23077,0.8418019282956842
13310,84879,0.9441493924989677
13310,85123A,0.9325298117450969
13310,21733,0.9185606881956062
13310,47566,0.8975315518991628
13310,23311,0.8482001149420134
13310,23349,0.8205883052622613
13310,22601,0.8119646262036316
13310,23298,0.8099584178008017
13310,23353,0.809688388728772
13310,71459,0.8037261453164719
13311,71477,0.7342382052132574
13311,22086,0.6504638523298386
13311,21380,0.6010113484599912
13311,23077,0.5909775716723443
13311,21755,0.5780146556173613
13311,21381,0.5664655035953838
13311,22030,0.5638755775233848
13311,23076,0.547902455195453
13311,22716,0.4858365586105317
13311,72807B,0.41965129043536054
13313,85099B,0.9862658490393081
13313,22302,0.9741289074695044
13313,22303,0.9733517969751262
13313,22386,0.9699642535443199
13313,23202,0.9668477691338302
13313,85123A,0.9631757291134245
13313,84755,0.9554676100603393
13313,23203,0.9517890350091058
13313,23301,0.932996355226955
13313,23206,0.9236137419298338
13314,21216,0.8934319293033774
13314,22720,0.8892788074589558
13314,23108,0.8436581056022208
13314,21534,0.7868715904398075
13314,22138,0.7759910867720103
13314,47566,0.7687480550716804
13314,22666,0.7388857689241908
13314,22114,0.7378660808866836
13314,16156S,0.7115995303445244
13314,22045,0.7026776630072583
13318,23084,0.9078219251195696
13318,22941,0.8829955670028844
13318,23280,0.8327882806177137
13318,20750,0.8223109572544031
13318,22549,0.7470722469089627
13318,21791,0.7169048307823265
13318,21731,0.6797570882874389
13318,22466,0.614739566747818
13318,23281,0.5213483176133129
13318,22492,0.5101062059647716
13319,22178,0.9835866202799809
13319,22726,0.9829646762057166
13319,84879,0.9818833377869957
13319,22090,0.9781930066304733
13319,20914,0.9775682867661446
13319,23298,0.9768581978915658
13319,47566,0.9732142429935386
13319,79321,0.9706255575542909
13319,23209,0.9664692390154092
13319,22961,0.9654204543947273
13323,21485,0.965886344860066
13323,22114,0.9607232813508051
13323,21484,0.9601123302140778
13323,23355,0.9191866335151748
13323,84029E,0.849348320150684
13323,22111,0.5567205570162844
13323,22138,0.3429411413276956
13323,23245,0.2962399478028164
13323,22139,0.2921782822164963
13323,22776,0.2856647781156061
13350,22697,0.9202955683318478
13350,22699,0.8782484448361159
13350,23245,0.8375846390582086
13350,22423,0.8315847435612819
13350,C2,0.8147520459487051
13350,47566,0.7575187623872375
13350,85053,0.6822603356583579
13350,21908,0.6282855189949227
13350,21169,0.6194765443947534
13350,22173,0.6087333339176639
13362,23355,0.9623405645189986
13362,22274,0.9591229208937174
13362,22112,0.95752791700109
13362,84030E,0.9562787031536906
13362,22111,0.9441714432787035
13362,22835,0.9380968656201301
13362,84509A,0.9284432934613519
13362,22114,0.9278428951592813
13362,20983,0.9106875082833841
13362,22271,0.891668603363664
13363,23493,0.9503655554135702
13363,22835,0.9414602651932921
13363,23355,0.9348897663396216
13363,84347,0.9248710139269868
13363,22734,0.921736681238789
13363,21494,0.8640120800501991
13363,22300,0.863316879474609
13363,22578,0.8542516758727571
13363,22577,0.8518337397889524
13363,C2,0.8347557324904371
13379,23100,0.956436879215066
13379,22596,0.9432771303655388
13379,35970,0.9316857912638651
13379,22906,0.9009381748112264
13379,23101,0.8973317940644644
13379,23284,0.886176332273965
13379,22578,0.8791870304657207
13379,23319,0.8692513406187462
13379,22577,0.8651796189321673
13379,22189,0.8610247052872423
13389,22111,0.8159060784528662
13389,22607,0.7462997965172494
13389,22619,0.7366503914363031
13389,22457,0.6918203566689332
13389,22423,0.6781142911793221
13389,47566,0.6460475647268591
13389,23322,0.6378330750224314
13389,22499,0.6341323643862448
13389,21479,0.6237995488543957
13389,21481,0.6186792702298897
13394,22086,0.9590705358542144
13394,22083,0.9503530600972621
13394,22910,0.9409418841262713
13394,22178,0.9226080648311875
13394,22993,0.9194497894026628
13394,22302,0.8953404978014472
13394,22908,0.8948989430543717
13394,22303,0.8773272225724278
13394,84978,0.8490405968990209
13394,22469,0.838592173153848
13404,23234,0.6380730486822891
13404,23082,0.5891763769684407
13404,23247,0.5844184778048666
13404,22938,0.49447190289089843
13404,23100,0.482462422235537
13404,22639,0.4433099897435943
13404,23102,0.43802393704296205
13404,22941,0.43247704635470663
13404,22423,0.37766476482868344
13404,23320,0.3272692950432564
13408,23169,0.9916321280607421
13408,23013,0.9902387230243551
13408,22456,0.9878105229941176
13408,22726,0.9838623389919092
13408,23127,0.9834190411570736
13408,22667,0.9833780368730651
13408,23014,0.9831406994266312
13408,23012,0.9829869932730245
13408,21914,0.9828280970333981
13408,20972,0.9818665915363406
13410,79321,0.9453950918261161
13410,22629,0.9346381942979565
13410,22631,0.8936398746224696
13410,23169,0.8891256749881579
13410,21891,0.8818918901662695
13410,21790,0.8517290787506258
13410,21703,0.8418299394971986
13410,22138,0.8369866227552243
13410,22562,0.6974304389328843
13410,21889,0.6890546082165546
13417,79321,0.9013317039871903
13417,48194,0.8959942866782944
13417,48188,0.8067689073472628
13417,48173C,0.7502598717772812
13417,20979,0.7080991733121361
13417,22423,0.6699102284455289
13417,22457,0.6230459488616918
13417,20978,0.6078723923007233
13417,21523,0.5694822278277158
13417,22109,0.5652226063081225
13418,22726,0.9960360229755459
13418,22727,0.9898519264389776
13418,22728,0.9712936352498757
13418,22725,0.9692886344688778
13418,23298,0.9661751159402883
13418,23051,0.955933862335209
13418,22730,0.9495277704389037
13418,22109,0.9445987202695019
13418,23236,0.9405955829041442
13418,23108,0.9314697578921217
13426,20914,0.9728531932961366
13426,22819,0.9657214568938784
13426,85150,0.9625940726107373
13426,23245,0.9595324144551758
13426,21519,0.9520477464703303
13426,21181,0.9355363123215513
13426,22817,0.9352801366116328
13426,20982,0.9324445790085226
13426,22457,0.9320631246659049
13426,21166,0.9245807115464683
13427,82482,0.8062491273518321
13427,22178,0.8022846833477847
13427,21381,0.7892867831189453
13427,22156,0.7444480188600258
13427,22578,0.6239026687141359
13427,22158,0.5999053490351587
13427,22487,0.5675528136665303
13427,23263,0.5533866702794558
13427,22219,0.5288077061586279
13427,23144,0.5068449974627774
13429,22577,0.9421145093879236
13429,22578,0.9303829153161182
13429,22865,0.8697673420628314
13429,23201,0.8684734748391469
13429,22398,0.8676674992549507
13429,22867,0.8653850078643631
13429,21929,0.8521781042413398
13429,22411,0.8435896513051288
13429,20724,0.8425863330829114
13429,20719,0.829310388153995
13430,23240,0.8914454186570365
13430,22966,0.8024687194316383
13430,22557,0.7764879102426139
13430,84380,0.7486166590740198
13430,23367,0.7474610392345
13430,21977,0.7315359098322012
13430,22652,0.7301164731625208
13430,20668,0.7019436348363773
13430,22955,0.695535387789854
13430,21914,0.6946347240999085
13435,23188,0.9647867642601834
13435,23169,0.9600298156532293
13435,21463,0.9531073433510251
13435,23130,0.9324197601169476
13435,23075,0.9316650008735149
13435,20668,0.9192288575601001
13435,84832,0.8406140122085216
13435,16016,0.8193937670371045
13435,22481,0.7660814722789029
13435,35970,0.7641403311006184
13437,22910,0.9534465909244584
13437,22086,0.9528956764014902
13437,23247,0.9497566418321081
13437,23234,0.9250851337668891
13437,22865,0.9077344693062724
13437,22866,0.9037630126606114
13437,22952,0.8956405324659583
13437,22867,0.8811880100597457
13437,35970,0.8803420089165198
13437,23355,0.8795002596443598
13447,22505,0.9060114622917511
13447,21485,0.8607803015041154
13447,84029E,0.8476722855469051
13447,22624,0.8403513582587971
13447,22694,0.8314098169739395
13447,22734,0.8302488922514816
13447,22910,0.8243825140686992
13447,22086,0.8238282829610131
13447,22457,0.8233643573279341
13447,23323,0.8224580525471491
13448,22866,0.9990637927280643
13448,22867,0.9984245677322734
13448,22632,0.9927065696496462
13448,22835,0.9885655971813236
13448,22865,0.9879010513883918
13448,22637,0.9869548169380501
13448,22114,0.9825861967470118
13448,22111,0.9798970025195903
13448,23208,0.975929513337848
13448,21479,0.9756285425785192
13450,22620,0.9761745394326408
13450,22979,0.969108097234618
13450,22560,0.9607898294794327
13450,22196,0.9588975069755583
13450,21703,0.957798799590898
13450,21892,0.9528710778464099
13450,21704,0.9519425455800024
13450,22993,0.9363231498449797
13450,22150,0.9125309118596906
13450,22147,0.9063428537708628
13451,20728,0.9897398833030046
13451,21899,0.989601798702568
13451,22382,0.9883097214647599
13451,23321,0.9877920879024591
13451,23159,0.9870093191349112
13451,23300,0.9859592146942695
13451,23154,0.9833853828788341
13451,23209,0.9831880666989766
13451,20914,0.9824421246900673
13451,21900,0.9819819735667463
13455,82486,0.8321236421071534
13455,22423,0.8203225149970302
13455,85066,0.8151797477232859
13455,82483,0.7465244409262322
13455,22800,0.6809160856051444
13455,22791,0.6634858541010021
13455,82482,0.6541583046022494
13455,22585,0.6384189695761452
13455,22866,0.6282654129539883
13455,82494L,0.6234547343658146
13456,22910,0.9757041689875184
13456,21791,0.9661756657665838
13456,23313,0.9560285023520834
13456,22139,0.9519049296163149
13456,21889,0.9510507173653273
13456,22623,0.9426763138225845
13456,21790,0.9239234399106983
13456,23298,0.9167431973033071
13456,22622,0.9133073447435951
13456,20973,0.9072049595464398
13458,85123A,0.9793785196541105
13458,22470,0.97635948830748
13458,84879,0.9736623171270035
13458,22139,0.9582076567000769
13458,22086,0.955401143393411
13458,79321,0.9507796220947737
13458,21733,0.9507714346263748
13458,22197,0.9411612375463666
13458,84946,0.9395960546743997
13458,22457,0.9325717176443773
13467,21889,0.7991006027881455
13467,22489,0.7860469688532952
13467,23393,0.7774537143041141
13467,48187,0.7742245883412622
13467,22273,0.7684784135598255
13467,23093,0.7653159486135497
13467,22940,0.7487250358493236
13467,22692,0.7408671708188643
13467,22766,0.7406452262792539
13467,22627,0.7394019626423921
13468,22179,0.9746326234218371
13468,20828,0.96465844981063
13468,85123A,0.9592055252532449
13468,48185,0.9553227522019399
13468,46000M,0.9454023903965014
13468,37449,0.9386435971403405
13468,23355,0.9338285136559658
13468,22112,0.9221578858289476
13468,22061,0.9159575396148809
13468,21232,0.9146052238593849
13471,20972,0.979774100845572
13471,22749,0.9797330699018422
13471,22964,0.9782019600384416
13471,22966,0.9774285396111094
13471,22139,0.9767199801540306
13471,84380,0.9736209361288753
13471,22553,0.9731248130860488
13471,23084,0.9717811131973251
13471,84378,0.9714842398265043
13471,84375,0.9693710938972557
13488,22697,0.9780508592536974
13488,85123A,0.975876806808597
13488,23298,0.9607614817330263
13488,21754,0.9596484330448771
13488,22699,0.958292268654699
13488,23234,0.9555577070747595
13488,20969,0.9518177257001107
13488,22722,0.9444898055147468
13488,22178,0.9418549741031588
13488,23493,0.9404729982758092
13495,22112,0.9669963790684386
13495,22835,0.9547205442367603
13495,22113,0.9510942844090423
13495,21485,0.9090295111481703
13495,23082,0.8935978354703622
13495,85123A,0.8854618663263445
13495,84946,0.8700094139559033
13495,84949,0.8588778251119563
13495,22158,0.8521909797964332
13495,23356,0.8319284831138813
13496,84947,0.9061576800972794
13496,84946,0.8996000588632612
13496,22791,0.8951614861781654
13496,84970L,0.8591653578772637
13496,84970S,0.8429338443787522
13496,84949,0.8294455279535361
13496,84879,0.8242153096952632
13496,84978,0.7185254153447577
13496,22457,0.6960739764678632
13496,22423,0.6872673393389916
13499,21929,0.8168393970011356
13499,21811,0.8045934650974753
13499,22577,0.7936851536112496
13499,22578,0.7625986929809109
13499,22470,0.7567666142787727
13499,82494L,0.7452479015683843
13499,21754,0.6828813612991422
13499,22469,0.6791240552238155
13499,21166,0.6747210501529887
13499,82482,0.6693986948061976
13500,22835,0.9574703207851369
13500,22112,0.9525255060014731
13500,22111,0.9489633324808746
13500,22114,0.9300800486321699
13500,22138,0.8881181716614421
13500,22617,0.8723527428764385
13500,22139,0.8500314875996431
13500,22568,0.831346803179929
13500,21485,0.8213039319483144
13500,22423,0.7806934830360899
13502,20975,0.6580718733650491
13502,22577,0.6287211165464724
13502,23144,0.6057150462734171
13502,22241,0.6041842849139847
13502,23145,0.5588364471936522
13502,22138,0.5431384270610596
13502,22578,0.44892990296060875
13502,23294,0.42515273271704834
13502,21497,0.4065100344384453
13502,22909,0.39653832791128724
13507,82484,0.9370551474001013
13507,20914,0.922142265938306
13507,82486,0.9075027804486719
13507,23300,0.9056420248440954
13507,22470,0.9000954937477819
13507,85123A,0.8962534266761907
13507,22766,0.8865297960454231
13507,22844,0.8841304012091629
13507,21733,0.8813071399070158
13507,22083,0.8807405213211549
13509,20975,0.9116125490330946
13509,20974,0.8541403835407747
13509,20677,0.8265619463793966
13509,20675,0.8148737851213899
13509,22090,0.8003318095679226
13509,20676,0.8000127350873741
13509,20674,0.795975752254209
13509,22197,0.7927575491348157
13509,22531,0.7378801876250662
13509,22128,0.7118403752230413
13510,85099B,0.9707636581275461
13510,22113,0.956180314198938
13510,22111,0.9455136734051295
13510,21931,0.9385968816473511
13510,22367,0.9349784891439626
13510,23203,0.916899163639932
13510,22652,0.910388751333525
13510,21506,0.8982615835222415
13510,23240,0.8965857881950337
13510,22819,0.8938820678879958
13516,22722,0.8083295030757669
13516,21891,0.6790327722574229
13516,21892,0.6291081833404486
13516,21914,0.6027457504651137
13516,22086,0.5949376121244836
13516,23298,0.5902259792331703
13516,22910,0.5847612721161325
13516,22960,0.5802978828143275
13516,47566,0.5627440034271467
13516,23243,0.5573296407064933
13525,84879,0.7553232280347947
13525,23396,0.6590312478856363
13525,23395,0.6029775191030753
13525,22622,0.5308630954860238
13525,23130,0.3301682117916193
13525,22838,0.3101759863395091
13525,22809,0.3002842405077681
13525,21411,0.29136349568212533
13525,23128,0.20022876143671264
13525,22580,0.19965603858426853
13534,23203,0.9995319940600802
13534,85099C,0.9990625645491745
13534,22411,0.9990581403138554
13534,22386,0.9989044186279235
13534,23199,0.9982159992548529
13534,85099B,0.9973426660415899
13534,20713,0.9972104318393915
13534,85099F,0.9971013651112772
13534,21931,0.9966980368009504
13534,21929,0.9957189033479039
13536,23355,0.9832358075713882
13536,23318,0.9672970054981619
13536,22086,0.9654500902382868
13536,23313,0.9645894546687894
13536,48138,0.9639076518725506
13536,21888,0.9613110113799371
13536,23203,0.9596664870988737
13536,23311,0.9590720811767361
13536,22138,0.9570745355170381
13536,23439,0.956531742112924
13546,22086,0.9573981613142124
13546,22667,0.9539119441650664
13546,21080,0.9453243253520107
13546,22910,0.9445732306426233
13546,21531,0.9413840943901867
13546,21232,0.9406799465231442
13546,23318,0.9342417080501897
13546,22429,0.9298407296077442
13546,47591D,0.9272407391904174
13546,22909,0.9149794321072043
13549,22423,0.9428368859032035
13549,20914,0.9231942051953034
13549,82483,0.908879853781507
13549,82482,0.9034465816522838
13549,85099F,0.9025597701918
13549,22457,0.8922811687099473
13549,22173,0.8710791630442338
13549,23407,0.8695369330274968
13549,84755,0.8590062309183719
13549,22766,0.839018471669993
13557,21232,0.7526073517461992
13557,16156S,0.6597426837899268
13557,22646,0.6587239898118603
13557,22055,0.6095955900771115
13557,23355,0.607209198969877
13557,22139,0.5991581842062609
13557,21499,0.5840888051930959
13557,22297,0.573898200835071
13557,21498,0.5734028905611562
13557,21175,0.5711445919678064
13558,22662,0.9665599404601195
13558,23192,0.9657721343061584
13558,23207,0.965360371279202
13558,21915,0.9645760810552929
13558,20717,0.9608838960208993
13558,23344,0.9596032466855092
13558,23330,0.9544885923566362
13558,23439,0.9535532802152308
13558,22910,0.9527026411907191
13558,22086,0.9524793218665315
13565,20972,0.7824185628521414
13565,23300,0.756533817047869
13565,23266,0.7536923448309971
13565,22696,0.7503854399153944
13565,22578,0.7431624006137152
13565,23264,0.741405516752998
13565,23265,0.7309762926605814
13565,22197,0.7101215025236941
13565,35970,0.7010293418565443
13565,22993,0.6948989777971134
13569,22629,0.9552087738299271
13569,20728,0.9498045230997498
13569,21175,0.9423590181109253
13569,22384,0.9373705066821492
13569,21931,0.9373434641221057
13569,22698,0.914658050604902
13569,23203,0.9140838923788824
13569,20727,0.9139680466594658
13569,22630,0.9136733955237384
13569,22551,0.9130298817413411
13571,23294,0.9970376741716083
13571,21733,0.9925853207479637
13571,20712,0.992541209608951
13571,23293,0.9916629059511839
13571,21175,0.9915501380538404
13571,22910,0.9912740191123697
13571,23295,0.989859069821958
13571,23203,0.9893200498683581
13571,22666,0.9889177849639422
13571,22667,0.9887967485126024
13575,20727,0.9781068796342935
13575,20726,0.9745027271709862
13575,23206,0.9720753754451836
13575,82482,0.964866490389378
13575,22138,0.9612023675289788
13575,23208,0.9371948646332048
13575,82494L,0.921995211549912
13575,23300,0.8892932558240743
13575,22568,0.8776554877873822
13575,20982,0.8672599462883799
13576,21137,0.9844941209402664
13576,22041,0.9653085601257168
13576,82580,0.9586217982476652
13576,82001S,0.9256622630312598
13576,21754,0.9200999957154004
13576,20829,0.9132922437055447
13576,20828,0.8712494080027071
13576,21165,0.8212167919878041
13576,21756,0.7978512358214264
13576,22766,0.7892861279979713
13577,85099B,0.9437298821469862
13577,20724,0.9344537228755143
13577,23203,0.9166593254860307
13577,23201,0.9011411633762945
13577,22411,0.8997854836233957
13577,22386,0.8966027472412383
13577,23202,0.8940399655165716
13577,85099F,0.8922699667643655
13577,22661,0.8890580034391744
13577,21931,0.8873972447256365
13579,85048,0.8906894571161227
13579,22835,0.8888092549286193
13579,22114,0.8654135445785965
13579,22469,0.8373443757789276
13579,22112,0.8114287341913599
13579,21485,0.6842731497905326
13579,23356,0.6391628044372175
13579,22141,0.6188489324770078
13579,22144,0.607545942772533
13579,23103,0.5979515291935564
13588,23188,0.9285615191985807
13588,22621,0.927415481275397
13588,22620,0.9209028525664892
13588,21892,0.8941929116353792
13588,21791,0.8859832566100272
13588,21914,0.8826208758187813
13588,22086,0.8651360998562538
13588,22748,0.8587003180751823
13588,21703,0.849887079281894
13588,21790,0.845069639101048
13589,23355,0.7715110035630659
13589,23344,0.7699772850602178
13589,22423,0.7469367941091838
13589,22835,0.733032275326381
13589,22595,0.6868307575588687
13589,22112,0.6733304302300858
13589,21485,0.6713849262075451
13589,23296,0.6698666958399458
13589,23240,0.6423233142091144
13589,23322,0.6293521727855843
13590,22577,0.9367533045531132
13590,22578,0.8956420609096934
13590,84836,0.8767850754800998
13590,84997D,0.859801204567467
13590,22865,0.856256669029907
13590,85099B,0.8488941678968497
13590,20725,0.8398069169933715
13590,82494L,0.8387593913140756
13590,22151,0.83707225772806
13590,21914,0.8228587180405902
13599,23344,0.9821023908232356
13599,23203,0.9759052049622432
13599,23084,0.9691377961374767
13599,22553,0.964704250620781
13599,22555,0.9618085381161618
13599,22910,0.9561398242452517
13599,23343,0.9474145965825463
13599,85099B,0.9471331900211745
13599,21314,0.9380574026246467
13599,22554,0.9373701761745027
13610,23295,0.9654128563262266
13610,23294,0.9554939009689372
13610,22734,0.9345439461012285
13610,23296,0.9336985601092742
13610,22910,0.9250675404525388
13610,22952,0.9225739025269153
13610,23293,0.9165625393723476
13610,23328,0.9141880840479831
13610,23313,0.912193618108476
13610,23319,0.9106624982974123
13614,23284,0.9637064037651656
13614,22722,0.9632193883459077
13614,22723,0.9550812477030056
13614,22910,0.9529833934620022
13614,22720,0.9451682760304125
13614,84375,0.9389442071436818
13614,22627,0.9369885011675307
13614,22138,0.9363681141682476
13614,23301,0.935980394071646
13614,22367,0.9336818928580923
13629,85099B,0.975810555440191
13629,85099F,0.9614109093685919
13629,85099C,0.9540747816449919
13629,21929,0.9456191954452002
13629,21928,0.917090961255663
13629,22896,0.9131350985036596
13629,22557,0.6896916634670893
13629,84991,0.6426187446526058
13629,21155,0.6187746808130875
13629,21754,0.6103264724142823
13630,22113,0.9511084889748137
13630,22178,0.9462165021487504
13630,84946,0.9361212905824442
13630,84970L,0.9159508277702993
13630,84970S,0.8869010144584424
13630,84879,0.8586850369450876
13630,85099C,0.7518133106326207
13630,21931,0.7445351798720856
13630,22568,0.7122283419188736
13630,22778,0.7119500200905576
13632,22727,0.9378798568018087
13632,22728,0.9231935035339743
13632,85123A,0.9118531472470841
13632,22720,0.9040441876767502
13632,84879,0.896503578198744
13632,22457,0.8953654164511264
13632,22507,0.8887047237266563
13632,21314,0.8885159201271043
13632,47566,0.8777144842253554
13632,20728,0.870324911189801
13644,21165,0.9184663377699278
13644,82582,0.8999237226274179
13644,85150,0.898215460367511
13644,22663,0.8555178650746673
13644,82581,0.8555062064593751
13644,82552,0.8510070989456474
13644,82583,0.8380021775544324
13644,22646,0.8290546719237545
13644,84029G,0.8261439881781081
13644,21669,0.8139084691348287
13647,22749,0.9192923987644334
13647,23209,0.8940123261018478
13647,22750,0.8931447715068793
13647,84077,0.8757500820586841
13647,84879,0.8644267358763839
13647,23203,0.8554931249399768
13647,20728,0.8515638537636232
13647,22274,0.8391501865263659
13647,21975,0.8345250345397548
13647,23206,0.8124480813110951
13650,22193,0.9241541618571922
13650,22086,0.9232411496046047
13650,23293,0.9228664529713637
13650,21673,0.9186002970287781
13650,22909,0.9085764768320816
13650,22383,0.9056648307868511
13650,23203,0.8974669980783606
13650,21868,0.8959664036466616
13650,23343,0.8942217949338561
13650,22734,0.8908745681639875
13657,22144,0.6945532297433307
13657,21790,0.6840082269462875
13657,21791,0.678482123956711
13657,22940,0.6428060368416225
13657,84347,0.6047639355562499
13657,22466,0.5935280423080826
13657,22734,0.5814382925304103
13657,22468,0.5448131485290318
13657,22909,0.5172921683652861
13657,22469,0.5148512448597797
13658,23200,0.9630176149116314
13658,23344,0.9619821952597475
13658,22385,0.9561372519490772
13658,22553,0.9448675255756463
13658,23355,0.9360425124060197
13658,22554,0.9354192096928531
13658,22112,0.9352005092269449
13658,23206,0.9310110077598395
13658,48138,0.9254616158948801
13658,22551,0.9222085402285802
13668,22178,0.9803849725688383
13668,22144,0.9777618973692368
13668,47566,0.9746191104725259
13668,22470,0.9736939503552511
13668,22909,0.9732602209745528
13668,23319,0.971866775453809
13668,22469,0.9699114446408921
13668,23343,0.969509777445392
13668,22577,0.9674384851317437
13668,21175,0.9674345865398533
13673,21890,0.9525120406565315
13673,21892,0.9311796924367101
13673,23237,0.9295457379078228
13673,21891,0.9292923767158603
13673,22619,0.9239835526582455
13673,22620,0.9194973289115818
13673,22630,0.8976737761815504
13673,23239,0.8745221464436014
13673,22629,0.8678924969897095
13673,22138,0.8540177365466264
13680,21175,0.9540363703523358
13680,22866,0.9317017558534367
13680,23323,0.9286563872692608
13680,23301,0.9217989024638122
13680,85123A,0.920899165922349
13680,21166,0.9153994020139578
13680,22694,0.9140029749909409
13680,22114,0.9116582326940857
13680,23344,0.9056052868688351
13680,22470,0.9054174673795461
13681,21733,0.9836318486897039
13681,23301,0.9770022722389248
13681,23322,0.9734891767872014
13681,23321,0.9653797076348817
13681,23300,0.965092418067339
13681,85123A,0.9443160758643514
13681,22111,0.9400577939381702
13681,22766,0.9320425667380482
13681,22694,0.9270844421139651
13681,22470,0.9231911022610342
13685,22199,0.7231527985739816
13685,22476,0.7113539748481476
13685,21115,0.6349085225410737
13685,22278,0.5898018715483959
13685,84969,0.5761701313752735
13685,22912,0.5448396811590328
13685,72807B,0.5043669211455697
13685,22913,0.5037119822797859
13685,22215,0.4720301429822334
13685,21913,0.47083694019416633
13692,22029,0.9203646692935377
13692,22616,0.8966398213697117
13692,21915,0.8843103799015647
13692,22037,0.8831499756937397
13692,21508,0.8461806495549683
13692,71459,0.8341515594810766
13692,23231,0.8070138159050776
13692,22983,0.8033249657018321
13692,22083,0.7910724134458192
13692,22045,0.7843516691628094
13694,85099F,0.997139790864668
13694,85099C,0.9957366794004375
13694,23201,0.9954826993823277
13694,23200,0.9924649368592589
13694,23202,0.9892381031134011
13694,23199,0.9890653377299585
13694,22386,0.988588708644337
13694,85099B,0.9871750671343057
13694,22993,0.9848307498851745
13694,23300,0.9838151071249568
13700,22866,0.9898646051808517
13700,23355,0.9888871834551207
13700,22865,0.9860744789707699
13700,22112,0.9631887143407535
13700,23300,0.9595471117840116
13700,23301,0.9534785041225355
13700,22834,0.9530375022465506
13700,22749,0.9476134077789863
13700,22835,0.943046408007259
13700,22909,0.928240657593748
13704,23313,0.9601146864735632
13704,22138,0.9537746293058885
13704,22273,0.9486533220340085
13704,22624,0.9474315153770347
13704,22625,0.9448037306826474
13704,23311,0.9357238080213157
13704,22141,0.9313456072213929
13704,48187,0.9291573266879531
13704,22952,0.9274448172163716
13704,22728,0.9241852355491913
13705,84879,0.8520066733694494
13705,23084,0.8050643895842108
13705,84950,0.7402472384180386
13705,23322,0.6648037950687151
13705,21136,0.6468888059418467
13705,21731,0.6158593476151697
13705,22297,0.6000139582665093
13705,47566,0.5490485487543644
13705,22113,0.5334187019011981
13705,22128,0.5238773115555416
13709,23319,0.9872866945466008
13709,22111,0.9835995506060904
13709,23318,0.9773961273142847
13709,22835,0.9759630491705102
13709,22114,0.9742405669448077
13709,22112,0.9731445234710275
13709,23356,0.9719120078122281
13709,82494L,0.9679481733349657
13709,23301,0.9674543325353689
13709,84946,0.9635893733995777
13719,84879,0.8794752822662476
13719,46000S,0.8541841814848006
13719,23322,0.8194009426932802
13719,46000M,0.7784611530333758
13719,23321,0.752638111475454
13719,82482,0.7510499389508342
13719,22178,0.7070713812953399
13719,23493,0.7069890109016431
13719,85048,0.6564096960635519
13719,23013,0.6538723646902087
13735,22940,0.8764388173975607
13735,21914,0.8721560023631886
13735,23313,0.8642150117132044
13735,23247,0.8622615182136696
13735,22909,0.8474608546274527
13735,23245,0.839592022827896
13735,23300,0.8347263922210049
13735,22734,0.8180289107217755
13735,22952,0.8111473583288537
13735,23301,0.8042211872316462
13736,22382,0.9701952564723122
13736,20728,0.9686655263151639
13736,23301,0.9579177355861005
13736,85152,0.9497648744550976
13736,23207,0.9492426876186674
13736,23208,0.9419542005152094
13736,23300,0.9418410467906753
13736,23206,0.9407866376847659
13736,22505,0.9364010984805629
13736,22383,0.9348245032711623
13742,22624,0.9775518138193411
13742,21754,0.9752755484403449
13742,22191,0.9716840823162994
13742,82484,0.9697484832717049
13742,82494L,0.9653618284450606
13742,21770,0.9584382042628404
13742,21733,0.9531785084165426
13742,22193,0.9520877685374357
13742,82482,0.9517600090139229
13742,22723,0.9484827217027479
13743,22560,0.98967083624971
13743,22561,0.9861081868511697
13743,23188,0.9787987892322823
13743,21891,0.9749105811694659
13743,22493,0.9664734605750431
13743,22492,0.9476368177972186
13743,84077,0.9282394528125508
13743,22491,0.8453877395330178
13743,22734,0.15965821759220103
13743,21034,0.13695268894732981
13755,84030E,0.990185533585196
13755,23356,0.9861211395750892
13755,22834,0.983237715359843
13755,23029,0.9827451715003127
13755,22384,0.9808760583045991
13755,23126,0.9800324820057602
13755,22866,0.978825676018538
13755,85014A,0.9778675113150409
13755,22899,0.9754863618415286
13755,23108,0.9689833586076186
13756,21314,0.9817816918243866
13756,22726,0.9799607822601246
13756,22728,0.9791492175790388
13756,22866,0.9783690437615902
13756,22865,0.9779812095446312
13756,23439,0.9654099956398896
13756,23077,0.9650352566289928
13756,23355,0.9566149237158874
13756,84879,0.9525369616430447
13756,21484,0.9509482437362109
13758,22086,0.9030980160138727
13758,23344,0.8986485004741632
13758,85123A,0.8279474084302064
13758,23084,0.8128659935225606
13758,79321,0.8083483515548593
13758,22644,0.7888716782914719
13758,23203,0.782484609969298
13758,22083,0.7780133077345193
13758,23209,0.7760484189266791
13758,22113,0.7714410060092504
13767,22697,0.9962355511160077
13767,22699,0.9949451267513948
13767,21314,0.9940789256220347
13767,22698,0.9919414221979974
13767,84879,0.9890253124165523
13767,22114,0.9885688533215277
13767,22727,0.9877591552977867
13767,22726,0.984649213548048
13767,22866,0.9839070232526101
13767,22730,0.9833168056913841
13769,22113,0.9920066672527139
13769,85123A,0.9872398647429297
13769,85150,0.9864418547713747
13769,71477,0.9830662113436182
13769,22112,0.9811961537630126
13769,84945,0.9779881861200943
13769,22470,0.963811190115717
13769,22835,0.9634139623321373
13769,21733,0.9632639703992885
13769,82494L,0.9611345963656288
13777,20971,0.9980807133653885
13777,85123A,0.9975320796932893
13777,21232,0.9973284866912214
13777,85099B,0.9969291412343192
13777,22041,0.9964295721873258
13777,20725,0.9958148087769462
13777,21864,0.9951145292791296
13777,22646,0.99457518948666
13777,20679,0.9937679874937785
13777,22147,0.9936550244656739
13780,23388,0.8219548615145795
13780,23345,0.8203626295025083
13780,23390,0.7838616114873321
13780,21791,0.7663835287008133
13780,23346,0.7563776814044487
13780,23319,0.7520358356118718
13780,85015,0.7501118257202213
13780,21914,0.7328661510980797
13780,21983,0.7169089109400278
13780,22696,0.7109418128627355
13782,23322,0.9471646211667308
13782,23321,0.9453868700224821
13782,21175,0.925827613964493
13782,85123A,0.9224972398134536
13782,22766,0.8868609616029668
13782,82482,0.8733106864461899
13782,23318,0.8647554480516678
13782,21733,0.8641485928232437
13782,82486,0.8586558377467604
13782,82483,0.8583505693012574
13784,84978,0.954506687859051
13784,84970S,0.939125952791397
13784,22151,0.9369287301623427
13784,22698,0.9316919364253248
13784,84970L,0.9288700025540857
13784,22423,0.8839671708535525
13784,23163,0.8011379416822967
13784,22090,0.6553000743311843
13784,22427,0.4634725119903659
13784,22734,0.2402582396642157
13798,21928,0.9962794581738362
13798,21166,0.9890350485045256
13798,85099B,0.9877897524824516
13798,85123A,0.9850025109845876
13798,85152,0.9847996857048831
13798,20685,0.9803818166078189
13798,47591D,0.98034926448058
13798,21181,0.9799905758420026
13798,20724,0.9794821095989745
13798,21232,0.9794115793169313
13808,23035,0.9341150400700572
13808,23083,0.9284867402416167
13808,84879,0.920063564650837
13808,22158,0.8961272019955949
13808,23029,0.8958319089058174
13808,23343,0.8954299211837601
13808,21993,0.8932206858012165
13808,22144,0.8929926481334999
13808,22141,0.8915563835607119
13808,46000M,0.8914362089380605
13815,21928,0.9906178594776872
13815,21929,0.981218885569073
13815,20712,0.9802410696730766
13815,84997D,0.9783322644005122
13815,22386,0.9763811316852595
13815,22411,0.9730321127402687
13815,21731,0.9596640106730607
13815,20719,0.9580858589195437
13815,23203,0.9561408701201276
13815,20724,0.9488681379478477
13816,POST,0.9028054287873596
13816,22326,0.833133925945433
13816,85183B,0.777363083000454
13816,23240,0.7613154034143883
13816,22328,0.68782474782273
13816,22629,0.6491610255877968
13816,22630,0.6381229334176802
13816,84032A,0.6154329584543539
13816,23236,0.6057665443238357
13816,84032B,0.5798186712347437
13822,21326,0.8564210147194484
13822,84536A,0.8417638722942484
13822,84836,0.7906270598286933
13822,22156,0.7882235137602174
13822,84946,0.7241587451837067
13822,23321,0.7077239363557856
13822,22491,0.6971547269318358
13822,22464,0.6965576173091169
13822,22355,0.6964803311538259
13822,23322,0.6899542262156255
13823,82583,0.8045676483816769
13823,85152,0.7687391069574452
13823,82484,0.7429177746438803
13823,82494L,0.7281817396934542
13823,48187,0.7261176951268112
13823,20685,0.7147010633393442
13823,85150,0.702110719605566
13823,48194,0.7003311580491014
13823,22381,0.68901466749126
13823,84879,0.6852145211152253
13831,82486,0.9535171437925254
13831,85123A,0.9268925055291828
13831,21733,0.8931956924679787
13831,82494L,0.8502231097504919
13831,84077,0.8188835276647145
13831,22169,0.8150962497876224
13831,21790,0.7966014932504526
13831,22722,0.763382173682623
13831,22666,0.7454465654236814
13831,22554,0.7438451338771436
13835,85048,0.8807538625843955
13835,21936,0.8555119432546667
13835,21094,0.8477067726502509
13835,22596,0.8204105171007363
13835,21086,0.8179949267885873
13835,21888,0.8130298826981983
13835,23229,0.8123662501442359
13835,21080,0.8117586595637183
13835,23284,0.8075266866279954
13835,22381,0.8071055563715483
13838,23266,0.8952214212350249
13838,23296,0.8946210925850537
13838,23293,0.8911743039811324
13838,23393,0.8710409292183728
13838,23188,0.8691131632763778
13838,23082,0.8638157503109389
13838,23012,0.8623259739822561
13838,23350,0.8612254110003495
13838,22960,0.8524750719024994
13838,22961,0.8428163651709831
13846,23084,0.7246179558936745
13846,22086,0.6845202705878018
13846,22727,0.5765521229967788
13846,23328,0.5677629274925683
13846,22083,0.532658229830348
13846,79321,0.5081448237725665
13846,22367,0.49994358969568303
13846,22568,0.48092714156024574
13846,22553,0.46618592264364905
13846,22722,0.4619935578950133
13854,21340,0.9886622938090179
13854,84879,0.9851124838890911
13854,20749,0.9813443242706054
13854,22423,0.9785785534582503
13854,22469,0.9737077010885262
13854,23328,0.9712136541911498
13854,22941,0.9710169729981433
13854,47566,0.9669640000912739
13854,22778,0.9598363828955537
13854,21430,0.9494762308401319
13860,23083,0.9672474912125256
13860,82494L,0.9654880778867103
13860,23202,0.9647813047382423
13860,22457,0.9621390792169522
13860,22178,0.9613835933769578
13860,21754,0.9538508480258892
13860,23209,0.9490904134682713
13860,22113,0.9384123641969732
13860,20727,0.9355855126289163
13860,22780,0.8789381002222896
13862,22993,0.9637426484009188
13862,20728,0.9507180615744877
13862,22178,0.9294319427329408
13862,22384,0.9166931863896254
13862,23209,0.9131202333466827
13862,22960,0.9079794814413599
13862,23328,0.9039405250621217
13862,21936,0.8990338595144449
13862,23169,0.8868688681929562
13862,22557,0.8823911097119858
13868,23240,0.8226774798924958
13868,23236,0.762818988125588
13868,23295,0.706333665465051
13868,22423,0.7039191339425495
13868,85099B,0.6864320029545012
13868,21992,0.6377842502236336
13868,23307,0.6284282554005064
13868,23309,0.601940652290562
13868,21990,0.5894314984712654
13868,22961,0.5557538001688361
13870,22726,0.9178317380198671
13870,22086,0.9138468046663925
13870,22624,0.908389955048632
13870,22895,0.8949657008885983
13870,85049A,0.8938698999899362
13870,22303,0.8908274410122587
13870,22302,0.8803211749925034
13870,22722,0.8752857162803453
13870,22721,0.8743657670105253
13870,22191,0.8723322764305679
13871,22720,0.9948312173467743
13871,82494L,0.9934382368368555
13871,22178,0.9931009285990329
13871,23243,0.9921877678206337
13871,23344,0.9921010914533164
13871,82482,0.9884700408754028
13871,22139,0.988311296404886
13871,23203,0.9877128696756686
13871,21430,0.9864123400757777
13871,22624,0.985504039124805
13880,22720,0.9614009244157761
13880,23298,0.9591920752578093
13880,22961,0.9590616132891898
13880,71477,0.9537201913140179
13880,22469,0.9391816799379817
13880,22722,0.9372164399233764
13880,22960,0.9355010201741157
13880,22470,0.9352340692734323
13880,23355,0.9341933183506124
13880,22150,0.9310115361161563
13881,23301,0.987393551353534
13881,82582,0.9859796291770808
13881,22993,0.9817652389299834
13881,21181,0.9811738815423409
13881,23284,0.977932611625392
13881,21915,0.9664274969883909
13881,23298,0.965906903334311
13881,22961,0.9635354475896422
13881,22910,0.9613486348780463
13881,22720,0.9605151015456104
13882,22111,0.9526785807187285
13882,22112,0.950792407473268
13882,21485,0.9233885552832238
13882,48188,0.9010271828296719
13882,23284,0.8987334728601101
13882,84946,0.8954593503034594
13882,21484,0.8758755228371933
13882,21592,0.8654485882976208
13882,48138,0.8619409234774852
13882,48194,0.8455480078744231
13883,21977,0.9867357598520315
13883,20914,0.9815169223992005
13883,22723,0.9795967520268559
13883,21975,0.9792892774369163
13883,84991,0.9758640155993357
13883,21175,0.9696405890437128
13883,21790,0.9624571645218765
13883,22666,0.9618492560806453
13883,21535,0.9587981865854073
13883,21080,0.9573565273501915
13884,21175,0.9551314981733433
13884,82494L,0.9524100288852763
13884,85123A,0.9484688692132855
13884,82482,0.9411581522816957
13884,82483,0.9400348422271829
13884,85152,0.9385392337072181
13884,22470,0.9354875128911427
13884,22632,0.910260941976872
13884,22867,0.9015690203131853
13884,22666,0.9007650946897928
13890,22113,0.9857620482085592
13890,22111,0.9805188353031656
13890,22749,0.9685629133318641
13890,21485,0.9644380403009992
13890,23355,0.9452535933124818
13890,20972,0.9355614300369381
13890,22114,0.9350655764452832
13890,22568,0.9349821580260598
13890,22720,0.9244296246142021
13890,22469,0.8886969895905608
13892,22699,0.7892631741271294
13892,21791,0.5167306208600735
13892,84949,0.4524741762569763
13892,84970L,0.40563363230428895
13892,22669,0.4039487125277055
13892,22066,0.38597512100681786
13892,85015,0.356586025068473
13892,21992,0.35187713196452386
13892,22161,0.3448170689993443
13892,22115,0.330332192373111
13894,85123A,0.7338236545786012
13894,22423,0.729048727082803
13894,84949,0.7220529661210804
13894,22457,0.6334454086066693
13894,22144,0.6333980969987939
13894,22791,0.6022807103580561
13894,22142,0.5993003314886249
13894,22178,0.5976398817565551
13894,21485,0.5953586120378141
13894,84947,0.5399734304060783
13895,22457,0.8985097911821831
13895,23493,0.8832872296409457
13895,21485,0.878068828688359
13895,22083,0.8732252363226526
13895,85123A,0.8662862781373704
13895,21754,0.8582096650340585
13895,22909,0.8529155660201578
13895,22138,0.8495210686111446
13895,22170,0.8476453027369518
13895,22149,0.8374379433195996
13899,21891,0.5999393482988521
13899,84879,0.5720421871814448
13899,23355,0.5701272620285074
13899,21890,0.5161767446413268
13899,22960,0.46641080022550313
13899,22423,0.46048500148505656
13899,22909,0.44140634898497383
13899,22910,0.43919294558557925
13899,23344,0.426831263960042
13899,22086,0.41989596943597635
13914,22584,0.9349480222036998
13914,22964,0.8938349121932094
13914,21137,0.8863977358473473
13914,22779,0.8536796277266213
13914,84879,0.8466861822094086
13914,22737,0.8452541955767071
13914,21791,0.821856075695789
13914,23244,0.8185000608821487
13914,22617,0.799670912844099
13914,22041,0.7971281137153183
13924,20914,0.987700288739249
13924,22138,0.9870120062174347
13924,23209,0.9849928026104046
13924,21733,0.9798397136624275
13924,22720,0.9789461490251614
13924,22617,0.9714557211979972
13924,84879,0.969904620859739
13924,21428,0.9553592196813588
13924,22457,0.9489203745924569
13924,22666,0.9468845771354135
13928,23118,0.7913329354570444
13928,21135,0.790337169924715
13928,23110,0.7830563802376456
13928,82483,0.7796427387296133
13928,85066,0.6980450314822387
13928,23298,0.6493568943938437
13928,21380,0.6437935952187311
13928,21259,0.6356275060724919
13928,85123A,0.6012375447487371
13928,20749,0.595668727735039
13939,22549,0.6605250056580585
13939,22115,0.6557428931779158
13939,84378,0.6537925016605133
13939,22398,0.6326436536760233
13939,22609,0.6249948157514338
13939,84879,0.614219231382987
13939,22469,0.6124013019774704
13939,37340,0.6053351127236349
13939,22470,0.5985743530002766
13939,20983,0.5658573410879344
13940,48138,0.9696113369241534
13940,23355,0.9675548566276331
13940,23322,0.9671173047916273
13940,22086,0.9485805516249551
13940,23284,0.9460890338372766
13940,23330,0.918285125612407
13940,23333,0.9158580877661852
13940,22457,0.9135858019665856
13940,22720,0.9108114864593917
13940,22083,0.9103296148316952
13941,21731,0.9334850048564217
13941,22179,0.9242712997425064
13941,72741,0.9231897695572093
13941,79321,0.9222331177450511
13941,85175,0.890783593323232
13941,85174,0.8000797247412795
13941,22807,0.765990623417172
13941,21125,0.6326348525930116
13941,23082,0.5971561329451992
13941,22468,0.5776874783222532
13949,20725,0.972645638599651
13949,22138,0.9704894973449307
13949,22384,0.9688022098157527
13949,20914,0.9668836621571474
13949,20727,0.9652696558213744
13949,23206,0.9597393843635761
13949,22139,0.9475567656451945
13949,84879,0.9469358499391347
13949,22619,0.9442510196225823
13949,23155,0.9404171938832314
13950,82583,0.7252499487866627
13950,22690,0.7203922348472843
13950,22457,0.6916772821712134
13950,23084,0.686600026966588
13950,84347,0.6826813111678548
13950,85123A,0.6711942569569405
13950,22784,0.6606328270808636
13950,22171,0.6603014252320197
13950,82580,0.6579618228018729
13950,22464,0.6536593119872993
13953,21086,0.9052483252748057
13953,15036,0.8969293891133492
13953,62018,0.8908468330033594
13953,47566,0.8643321655975938
13953,47599B,0.8579838678875547
13953,47590B,0.8458704378100426
13953,47599A,0.7845032480389859
13953,47566B,0.7111216886030342
13953,21411,0.1890795801492189
13953,23503,0.1508725462038746
13954,22847,0.8667844064722366
13954,23284,0.832802660010913
13954,85048,0.7413775753300003
13954,22960,0.7327321610819157
13954,22940,0.7262313337428693
13954,23146,0.6851073901115804
13954,23320,0.6348211755804398
13954,22144,0.6346591268705885
13954,84406B,0.6231573704428641
13954,22596,0.6181718211473666
13956,22910,0.9261553317153186
13956,22086,0.9062811733018572
13956,22470,0.8863560372042938
13956,20725,0.8783787782934415
13956,20914,0.8765277435241793
13956,21080,0.8758212176722956
13956,23313,0.8754333081902278
13956,84879,0.855898943566822
13956,22952,0.8527568677338379
13956,22722,0.8514079465784609
13960,23284,0.8657650434425678
13960,22470,0.8231390961875455
13960,22469,0.693560743674012
13960,23330,0.6699236804576759
13960,22578,0.6568385335183693
13960,22579,0.6220877850880727
13960,23333,0.6110063529165075
13960,22464,0.6085722001658184
13960,22694,0.6085362002936354
13960,23322,0.6079930285065906
13962,82486,0.7549202847454068
13962,84879,0.7150833049233868
13962,22487,0.6210606542915259
13962,21340,0.5794689550743196
13962,22423,0.5776665086551549
13962,22151,0.5729755612005935
13962,20828,0.5713216085825035
13962,85015,0.5071603698102294
13962,47566,0.42280645250596577
13962,22694,0.3965292310307508
13969,23298,0.9959953552375606
13969,22728,0.9944673443139794
13969,22727,0.992686468691156
13969,23208,0.9917979377999838
13969,22910,0.9915234726427944
13969,22720,0.99125310910547
13969,22726,0.9911842061551807
13969,23209,0.9892488881540467
13969,22423,0.9883333607075356
13969,22086,0.9857422277992877
13971,20914,0.9613439054560803
13971,22722,0.9451091721386382
13971,22086,0.9346248623884008
13971,22766,0.9060616810802075
13971,22993,0.8963671714915292
13971,23202,0.8760119853004452
13971,22693,0.8756655602500829
13971,23198,0.8692696566206842
13971,23243,0.8503220671712043
13971,23240,0.8496156460609181
13978,84879,0.46249360503527254
13978,21034,0.3692601670154201
13978,20668,0.334548287815967
13978,21080,0.3327050765308301
13978,17003,0.2920718696558712
13978,84944,0.283224551632228
13978,21642,0.2784887840991174
13978,85123A,0.23120629407095
13978,22423,0.1928528639671317
13978,85099B,0.18824110322861606
13984,22457,0.6257365330407155
13984,23355,0.6248786614778554
13984,23084,0.6215334399549101
13984,18097C,0.6157261365391996
13984,21563,0.5701154337054393
13984,22960,0.47081036436457735
13984,22086,0.46838216151476975
13984,22492,0.4612982350512145
13984,22910,0.46007196992019944
13984,22931,0.44119725147600763
13985,84997D,0.9990577076599284
13985,21558,0.9986203737905178
13985,20914,0.9984290049262889
13985,22385,0.9982232721398051
13985,21559,0.9981752120746593
13985,22384,0.9975093699292262
13985,21930,0.9973363266514012
13985,22662,0.9972213901020994
13985,22629,0.9971204885694228
13985,22379,0.9958024027484695
13988,23203,0.9426348987727281
13988,22865,0.9164098011804267
13988,23300,0.9158447054579485
13988,22302,0.9147821469444688
13988,21232,0.9119130887586112
13988,84946,0.9067330003553357
13988,84879,0.9048928158580835
13988,21136,0.8945589618731888
13988,82494L,0.889698749855282
13988,85099B,0.8751042180163249
13991,21231,0.9080847959214089
13991,21034,0.9057773508774308
13991,21232,0.8971565539456259
13991,20727,0.8759498777315107
13991,22577,0.8656301300070173
13991,22384,0.8626185867737333
13991,21811,0.8591040328644944
13991,22064,0.853698060554647
13991,22578,0.8492810052493196
13991,22066,0.8480278784667322
13994,22112,0.9460631605855295
13994,23355,0.9448537801854449
13994,23298,0.9197431548543317
13994,21314,0.9184894530498684
13994,22697,0.9007952402450059
13994,22726,0.8921040745229478
13994,84879,0.8834724363839228
13994,22699,0.8767697363155925
13994,21754,0.8731215262760383
13994,22086,0.8559206957691318
13995,20727,0.977480657256756
13995,23209,0.9713004432890564
13995,22384,0.9675619270680444
13995,23206,0.9650326207549944
13995,20725,0.9610311473674733
13995,22383,0.9534345608926804
13995,20728,0.9524259052632322
13995,23082,0.948424856882253
13995,20726,0.9459531413568063
13995,48194,0.8863420375262693
13999,23203,0.9992783165831998
13999,22411,0.9973629387525982
13999,23298,0.9908207108133436
13999,23208,0.99060805228929
13999,47566,0.9895886051213739
13999,23202,0.988691583647352
13999,23209,0.988647758728662
13999,22910,0.9815336941461067
13999,22086,0.9756134243051912
13999,22111,0.9752672309862995
14005,22728,0.9601289032431954
14005,22727,0.9557932462754871
14005,21210,0.9542398156860206
14005,22726,0.9511515456912243
14005,21213,0.9509732134278879
14005,21974,0.9501325473370904
14005,21933,0.9463072730125492
14005,23309,0.9429135816398889
14005,22951,0.9426900338177099
14005,21977,0.9358859531955257
14020,22720,0.8339046082260797
14020,84030E,0.782980458067309
14020,21791,0.750230558852042
14020,22578,0.7125125221812179
14020,23013,0.6759016196639452
14020,22557,0.6634996218962702
14020,22842,0.6578252866596167
14020,22632,0.6437651465261238
14020,22866,0.6282411681805008
14020,22554,0.6262778608889445
14023,22620,0.776266736546079
14023,23263,0.7692698246739946
14023,22139,0.7413966955414831
14023,22492,0.6883426322323817
14023,23076,0.6773284321299317
14023,22489,0.670433740830621
14023,21889,0.6433606392209179
14023,21912,0.6427479407134872
14023,21704,0.6383220846356294
14023,22909,0.6144813859698175
14030,23351,0.9827642959332894
14030,23349,0.9737185307824177
14030,23350,0.9645582776384265
14030,82482,0.9596679832574456
14030,22077,0.9503811905662457
14030,47567B,0.949317589304751
14030,22766,0.9476485673344085
14030,22734,0.9461845963910059
14030,22470,0.9447454906950647
14030,22699,0.9348651015318893
14031,22988,0.9850192082554823
14031,23014,0.9847769952147227
14031,23012,0.9829947365283584
14031,84879,0.982373460108624
14031,48138,0.9814524866286426
14031,15056BL,0.9793062547888328
14031,15056N,0.9759225013454602
14031,22659,0.9753253664759062
14031,84029G,0.9693194490418038
14031,23013,0.9668093199512036
14032,22970,0.9940657688544805
14032,22900,0.9879598691639567
14032,23084,0.9858661187133085
14032,22064,0.9843789907400005
14032,22109,0.9818430091857803
14032,21731,0.9790971422904183
14032,22659,0.969114194973215
14032,22971,0.9607357906787306
14032,22636,0.9605980906612772
14032,22730,0.9575805650738537
14034,22156,0.8837448181195631
14034,22402,0.8794357535249655
14034,35961,0.8791412038720796
14034,22335,0.8672078060917076
14034,22439,0.8572092174679636
14034,22604,0.8491528664261269
14034,21158,0.8244009838474694
14034,23155,0.8152957022779591
14034,22671,0.811757712407993
14034,22922,0.8092650624119259
14044,85123A,0.9132941039336054
14044,20727,0.891174845337968
14044,22383,0.8716731571697117
14044,22384,0.864664079811836
14044,20725,0.8641068722067975
14044,23209,0.8636378428415042
14044,23265,0.8517469615320803
14044,20728,0.8481924878166688
14044,22720,0.8462103565039181
14044,23208,0.8407974814450832
14047,22467,0.9324426912775171
14047,22898,0.9185248971414446
14047,82484,0.913248723591957
14047,22752,0.9091306041213312
14047,22367,0.900414163067825
14047,23206,0.8864487801588331
14047,21481,0.8760023209749193
14047,85123A,0.8667130877028751
14047,21754,0.8442719539018555
14047,84792,0.8168642284214653
14049,20726,0.9978451967622929
14049,20727,0.9922692899796145
14049,22983,0.9890519154176023
14049,21918,0.9885488658201069
14049,23207,0.9870769630992429
14049,22560,0.9863091272296763
14049,20974,0.9855717012556242
14049,22637,0.9848327143665612
14049,22382,0.984505221430771
14049,22899,0.9845024192917818
14051,22697,1.0
14051,48138,0.9983563282494993
14051,22698,0.9973429921983904
14051,15056N,0.9955918316352148
14051,22077,0.9953676355107846
14051,22699,0.9950247890316888
14051,15056BL,0.9948630530032383
14051,21523,0.9934626196562073
14051,23284,0.9912069865626434
14051,22114,0.9907843312645706
14056,23201,1.0
14056,23207,0.9996401249809638
14056,22077,0.9995668096047597
14056,23298,0.999527374432665
14056,22727,0.9993600104465399
14056,22556,0.9991812363955374
14056,22725,0.9991754082782052
14056,48187,0.9988803101735119
14056,20685,0.9987167428667874
14056,23196,0.9983513657515031
14057,22629,0.9973322531776061
14057,22659,0.9948898256346056
14057,23201,0.9932777080372546
14057,22630,0.9863614255254544
14057,22900,0.9844624391578545
14057,22616,0.9805191183117482
14057,22631,0.9795864244519479
14057,23207,0.9750147254075625
14057,22086,0.9689466446220052
14057,22993,0.9651321792504689
14060,22178,0.9967935744856778
14060,21791,0.9900870138440264
14060,22900,0.9876553522255561
14060,22970,0.9844164920925349
14060,22467,0.9754340348925498
14060,15036,0.974714217436859
14060,23158,0.9698568080873681
14060,22904,0.9596663373585613
14060,22746,0.9591896567839465
14060,22174,0.9589970914285334
14062,21175,0.9955150082885895
14062,82582,0.9895649464641885
14062,21166,0.9849977893131756
14062,21181,0.9842765643470701
14062,85152,0.9832920759235765
14062,82583,0.9749671358096111
14062,21165,0.9665325013031462
14062,23284,0.9495454693947443
14062,48138,0.9492110216954566
14062,21464,0.9475232164653694
14071,22632,0.9764226095151232
14071,20727,0.9751389828509726
14071,22383,0.9743212865460928
14071,22384,0.9715602751534662
14071,22865,0.9682129810374692
14071,21931,0.9672894871852573
14071,21172,0.9668587730926551
14071,22411,0.9629112432835167
14071,22867,0.9625112318698082
14071,85099C,0.959234765674997
14075,20749,0.8773092990365893
14075,23126,0.83112563689112
14075,22139,0.827587657478984
14075,22045,0.7973324139937723
14075,23230,0.765883384373441
14075,21833,0.76342330760657
14075,21791,0.7340483594786467
14075,23084,0.6863948556631639
14075,22906,0.6764430852415616
14075,23077,0.6657278153472136
14083,22195,0.9161478152407428
14083,22551,0.9082990134785088
14083,23332,0.9007208543036038
14083,23350,0.8999932997222584
14083,22554,0.8988225665870361
14083,21535,0.8960758822761113
14083,22469,0.8846600469879788
14083,23298,0.8811111496236058
14083,23242,0.8795440293776852
14083,23351,0.8774007502065843
14085,21754,0.98614475277063
14085,21485,0.9853876196095179
14085,82482,0.9813231908328756
14085,23156,0.9798282639561195
14085,22749,0.979730957193441
14085,22720,0.9765940211724152
14085,22751,0.9763774226855501
14085,84879,0.975934467509875
14085,85123A,0.974039328766119
14085,84946,0.9726333128934097
14088,22580,0.9993560282105369
14088,23130,0.9986441103260305
14088,22910,0.9973260803167419
14088,22508,0.9935709993709494
14088,20969,0.9918265066317107
14088,22086,0.9916380005054274
14088,22111,0.9909886798979112
14088,21706,0.9898032272345929
14088,23128,0.9896906394924995
14088,22468,0.9892038830273794
14092,22727,0.9979462170268154
14092,20914,0.9943825721270324
14092,22726,0.9943091894937991
14092,23245,0.99390737033343
14092,23300,0.9901866971607594
14092,22720,0.9901098557512269
14092,22659,0.9867267440511006
14092,85123A,0.9863334166213938
14092,21877,0.9861940284809572
14092,23301,0.9851654417597618
14096,22720,1.0
14096,22457,1.0
14096,22961,1.0
14096,82482,1.0
14096,22699,1.0
14096,22666,1.0
14096,22470,1.0
14096,22697,1.0
14096,22138,1.0
14096,22558,1.0
14099,21754,0.9733731077038179
14099,22312,0.9690097004274368
14099,82582,0.9607915745898479
14099,85150,0.9603211387961144
14099,21165,0.9463453420520926
14099,21864,0.9446264943955492
14099,22138,0.9443476564222283
14099,23355,0.9415889464519074
14099,21175,0.9385172646706282
14099,22413,0.929784953794591
14102,21668,0.9800348742906444
14102,21670,0.9780386127195493
14102,21673,0.9763636354423672
14102,21669,0.9508869304924126
14102,22771,0.9392712201389916
14102,22775,0.9374849768524494
14102,22774,0.8552509693907476
14102,23034,0.8277628642181044
14102,22773,0.827165318056631
14102,21034,0.7364436797160324
14110,21137,0.9788429839299956
14110,47566,0.9584674278990898
14110,82582,0.9538575559634679
14110,20723,0.9385897324634804
14110,22041,0.9329709918139347
14110,20724,0.9307679851881105
14110,21931,0.9259311262662919
14110,21479,0.9229897851921726
14110,20726,0.9182019183770885
14110,85099B,0.9163187626552608
14111,23503,0.6812393980976502
14111,72741,0.6683950886780932
14111,22632,0.6131586704849454
14111,35970,0.5902690967752523
14111,21592,0.5751721862404934
14111,84987,0.4880960049494815
14111,23103,0.48112232021344087
14111,23318,0.4710452513537543
14111,22142,0.47052818740078683
14111,21892,0.4674132964215466
14112,22865,0.9310755319592359
14112,22086,0.9285197462014018
14112,22752,0.9093065510818051
14112,23344,0.8921293969837126
14112,84997B,0.828121510863534
14112,23200,0.8221524689600497
14112,22910,0.8211729781763435
14112,23204,0.816373153709921
14112,20726,0.8158567559881188
14112,22139,0.8090272373359321
14113,22111,0.951455811156543
14113,22866,0.9028159161825418
14113,84406B,0.8493088703762411
14113,84378,0.7881644520482873
14113,21232,0.7862170015552835
14113,22173,0.7567554010863824
14113,84380,0.749948594707833
14113,23206,0.7117680476063328
14113,84946,0.6869850484023308
14113,21915,0.664199478749918
14116,22467,0.8911306903954026
14116,22083,0.8768860411109589
14116,22728,0.8761388356441006
14116,21791,0.8751714335178558
14116,22727,0.8709974551111554
14116,22941,0.8669007756029153
14116,22730,0.8623086691644606
14116,22568,0.8619341627472439
14116,22219,0.8530627529846637
14116,22617,0.845208223307547
14121,22757,0.9153200140148785
14121,23320,0.9151578658666351
14121,22758,0.9090937583283337
14121,23084,0.8994913101854803
14121,84946,0.8928377820800605
14121,22072,0.8866647168494529
14121,23240,0.8831154859913524
14121,23319,0.8766063090314876
14121,22895,0.8757217325104938
14121,23247,0.8754061729556321
14125,23108,0.9359457448514864
14125,23029,0.9332031057521285
14125,20728,0.9289964719192066
14125,84879,0.9279218933949512
14125,21889,0.923408759526387
14125,20726,0.9203703999384792
14125,22465,0.9167380995968554
14125,22726,0.9114843825565635
14125,22086,0.9080912764358721
14125,21114,0.9029030260390186
14129,23126,0.9749199042829023
14129,22993,0.9561588630159582
14129,22585,0.9539219319399901
14129,23127,0.9291394772965424
14129,22568,0.9147190662989219
14129,22149,0.9092455891858956
14129,84380,0.9048741815218183
14129,23077,0.8973349777676882
14129,84378,0.8829807531763589
14129,22150,0.8649388997138762
14132,22621,0.9810143350242145
14132,10135,0.9792497859145383
14132,22273,0.9780496362359983
14132,22150,0.9775625438515156
14132,22493,0.9743585213177725
14132,22750,0.9739210159310862
14132,22940,0.9735583532324963
14132,85227,0.9725527151736457
14132,22274,0.9698573493694689
14132,22149,0.9624705560893566
14135,22835,0.9825391688900824
14135,22112,0.9809739767545814
14135,22111,0.97973447439404
14135,84029E,0.9380412108939851
14135,22727,0.9353712456984933
14135,22114,0.927086400010861
14135,22179,0.9249640656984626
14135,21495,0.8990316279891424
14135,79321,0.8963674082931954
14135,85049E,0.8929787907730459
14138,22867,0.9637723733076181
14138,22866,0.9603977182936286
14138,22865,0.9474719035795204
14138,22111,0.9447595824349495
14138,22114,0.943082362448587
14138,22632,0.9250972271585655
14138,21485,0.8863245738308406
14138,84375,0.8573636664785544
14138,22734,0.8467882369130786
14138,22139,0.8431835087625642
14140,20972,0.8780009461173857
14140,23493,0.8714521735757716
14140,22150,0.8652687427233623
14140,22086,0.8546771850210708
14140,22909,0.8377772435575268
14140,20971,0.8356108995254712
14140,22367,0.8330941790006403
14140,21891,0.8305257064307641
14140,22899,0.8303705906802815
14140,21889,0.8303573976099891
14141,22112,0.997833119121701
14141,22720,0.9779390531029823
14141,21485,0.9715618176084885
14141,23355,0.9569507575921057
14141,21181,0.9198641114954427
14141,23243,0.9186396474546643
14141,23426,0.853731789857524
14141,22508,0.8487894230129404
14141,22413,0.8245849898327016
14141,21907,0.7933948462028183
14146,22866,0.9813772753956774
14146,22727,0.9676986796249937
14146,20914,0.9591889017480577
14146,22867,0.9553432810302741
14146,22697,0.9497640944642459
14146,22726,0.9488725570517901
14146,22728,0.9441783009277365
14146,23439,0.9410882375305644
14146,23355,0.9379140274128533
14146,82494L,0.9378543734901048
14156,22960,0.9959819535419696
14156,23293,0.9952762692213027
14156,22112,0.9918877021825534
14156,21790,0.9898160454743631
14156,23298,0.9896345307768731
14156,21914,0.9890674220036157
14156,22662,0.9880230805968764
14156,21977,0.987840272578393
14156,22699,0.9873668304955839
14156,21733,0.986650200461073
14157,23355,0.8387109459940285
14157,21485,0.811218639976371
14157,22835,0.7656617145860998
14157,22114,0.7375293017299396
14157,22112,0.7352140371184734
14157,22969,0.6876934385608007
14157,22113,0.6542016952915674
14157,22086,0.6490061150151983
14157,22111,0.6465929394157648
14157,23240,0.6458993122533069
14159,20728,1.0
14159,21976,0.9997477724983298
14159,22382,0.9997472314376254
14159,22951,0.9993832936898074
14159,20725,0.9991694126070123
14159,22097,0.999128114319207
14159,21993,0.9990632440562486
14159,23308,0.9990205108265487
14159,21990,0.9990195723247272
14159,21931,0.9990180929623527
14173,23083,0.7921943667423296
14173,22633,0.6988611780375942
14173,23439,0.6915884820181033
14173,22906,0.6782011704473031
14173,21592,0.6756809251897743
14173,23084,0.6437854992111178
14173,23077,0.6407577320841747
14173,85123A,0.6403230390961933
14173,21034,0.6389314971048816
14173,22386,0.6106564242551246
14178,22620,0.9953681625082019
14178,22621,0.9919131832283706
14178,22138,0.9874802383402833
14178,23242,0.9864991563680939
14178,22356,0.9853581762964312
14178,22398,0.983868772060938
14178,21791,0.980438018639555
14178,22629,0.9797358923181176
14178,22630,0.9794369952349157
14178,20724,0.9790209724658347
14180,82484,0.9201825823649682
14180,22424,0.919851509293967
14180,21216,0.8878134935037937
14180,21754,0.8875066094253267
14180,21533,0.8830435916617404
14180,22072,0.8811609812175245
14180,21843,0.8655492086317228
14180,22139,0.8526198414023173
14180,22763,0.851310260227632
14180,22844,0.8388887477969313
14189,22726,0.9774408758325998
14189,84755,0.9683699859476993
14189,21790,0.9649552057951295
14189,22910,0.9649430988849558
14189,82580,0.957979609989801
14189,22083,0.9511578108638716
14189,35970,0.9434324400221954
14189,21914,0.9417507200688571
14189,22730,0.9413007618542139
14189,21136,0.92332074020844
14191,22577,0.9922134939670898
14191,20723,0.9894335173544446
14191,22595,0.9877143626773534
14191,22356,0.9839057268874448
14191,20724,0.9837706392213291
14191,22661,0.9830525364428813
14191,22578,0.9719292870002789
14191,23035,0.9706504610401472
14191,22579,0.9695690114749446
14191,23201,0.9658417106747368
14194,47566,0.9968509935292555
14194,22139,0.9966627015208568
14194,23203,0.9961782978590598
14194,23298,0.9958028828254455
14194,22727,0.9953343447713924
14194,22722,0.9941732919378838
14194,22726,0.9938647668776609
14194,23201,0.993635069304591
14194,21314,0.9912974310514322
14194,23208,0.9908119030382406
14198,82482,0.9619122812144019
14198,82486,0.9582675526087392
14198,82483,0.8751139960064885
14198,22086,0.8691876766241088
14198,48187,0.8351847207499511
14198,22910,0.8337560456433153
14198,82494L,0.7961954261970086
14198,23031,0.7528434038363235
14198,22960,0.7457552471707525
14198,23029,0.7226531936122119
14205,22865,0.8117441105950606
14205,23300,0.7614691211808925
14205,21524,0.734416690361156
14205,23284,0.7304912223947536
14205,23301,0.7266707833013992
14205,23344,0.6743349948655973
14205,22114,0.6614542316379164
14205,84029E,0.6598290094259173
14205,22113,0.6365472716062093
14205,23439,0.6235287685392862
14209,22169,0.9650334689068261
14209,21733,0.957744836882999
14209,82494L,0.9536902595402154
14209,82482,0.9367968176362153
14209,22804,0.9307581410913538
14209,82484,0.9288691661805522
14209,21754,0.9096503303219661
14209,85123A,0.9067570199386362
14209,22171,0.8416724146368028
14209,21755,0.8382735036174358
14215,22866,0.9265140361142246
14215,22577,0.9061171663724595
14215,22867,0.8817678476527149
14215,20725,0.8782355345298927
14215,22578,0.8536311500215732
14215,21673,0.8533883620701831
14215,22734,0.8475015898134831
14215,21671,0.8443287896246248
14215,22175,0.84015078091051
14215,22633,0.8386378229258162
14216,82494L,0.9626927946793427
14216,82482,0.9618277545929682
14216,82486,0.9559007037589671
14216,82483,0.9453116862699172
14216,23284,0.9426881632666715
14216,82484,0.9421290302898749
14216,84347,0.9294224211259592
14216,85123A,0.9108802197904046
14216,23012,0.8940438058584236
14216,23318,0.8440701229375225
14217,82484,0.9491698352979793
14217,22457,0.9479536557918554
14217,84792,0.9118146044285682
14217,22624,0.9073983954165961
14217,47566,0.9065066929546136
14217,84879,0.8964725565533488
14217,23322,0.8955849254488509
14217,82494L,0.8862757844545242
14217,23146,0.8766462562070564
14217,23152,0.8742732261516466
14227,21169,0.9832373689060767
14227,22411,0.9785545681128146
14227,23202,0.9772801489452325
14227,23206,0.9752881883699746
14227,23199,0.9750712523006714
14227,23200,0.9726399484011491
14227,20685,0.9717358449801597
14227,23201,0.960898066258279
14227,21929,0.960018802273
14227,22386,0.9550245314420431
14234,23275,0.9260755667355745
14234,23263,0.9031797256835381
14234,22144,0.8845643655050702
14234,22150,0.8826865381192743
14234,22601,0.8675110324646399
14234,23265,0.8493767774760047
14234,35970,0.8355844418330837
14234,22573,0.825520433377421
14234,22574,0.8114845926456883
14234,22734,0.7988924824822481
14243,82494L,0.978190380673423
14243,22835,0.9702244839229903
14243,23243,0.969903029554442
14243,23355,0.9654438178235989
14243,82483,0.9646498536322474
14243,22722,0.9617237022050489
14243,82482,0.9595055870783894
14243,85150,0.9547198824466413
14243,21756,0.9417956533385556
14243,21754,0.9404174569941519
14250,22086,0.9901826903902188
14250,22083,0.9880771441969718
14250,22666,0.9848647116958936
14250,23240,0.9829859655462811
14250,22960,0.9713953478116296
14250,23355,0.9659479630989678
14250,22865,0.9618489526162589
14250,23298,0.9586962238212641
14250,22720,0.9562230596421633
14250,20728,0.9504771629183967
14251,22086,0.9757829487538118
14251,22732,0.967350698308263
14251,22734,0.9607955033736935
14251,21791,0.957549681908145
14251,23158,0.9554608222790621
14251,22910,0.9526603438234225
14251,22621,0.9520253369063808
14251,22144,0.9464011568076213
14251,23159,0.9436872077307292
14251,22534,0.9431075907633389
14258,82482,0.968140477568774
14258,82494L,0.9593565465151659
14258,82486,0.9408793027518834
14258,85123A,0.9361783687375117
14258,82484,0.9300856971685596
14258,85099C,0.9099769370291491
14258,85099B,0.8951992452668414
14258,85099F,0.8928368057501168
14258,21080,0.8817465252308966
14258,21094,0.8629560122746238
14262,21914,0.961389232329005
14262,21791,0.9520720212879937
14262,22144,0.9506241812577264
14262,22141,0.944991301819933
14262,22150,0.9445315270576903
14262,23313,0.9428242772007535
14262,21790,0.9417431482202507
14262,21892,0.9407301246482721
14262,22274,0.9399892781374671
14262,23084,0.9353454975720843
14277,23203,0.9819159364275633
14277,22505,0.9778101376298995
14277,21165,0.9773264196628785
14277,21669,0.9740395142522806
14277,20728,0.9740253538559049
14277,22382,0.9730859160900828
14277,85099B,0.9721500725348963
14277,20725,0.9708382016018459
14277,22301,0.9690740095349785
14277,23209,0.9675790929942637
14282,23203,0.998177785071285
14282,21928,0.9946409540107554
14282,21931,0.9938649506351648
14282,20727,0.9918214067610778
14282,85099C,0.9906052967375092
14282,22356,0.9899666411727209
14282,23204,0.9894175006116722
14282,20724,0.9889154404985483
14282,22355,0.988664776177832
14282,20713,0.9879439419518182
14285,22113,0.9736502297444688
14285,22910,0.959931904993371
14285,22086,0.94022392340227
14285,23318,0.8670479887488883
14285,22909,0.844368301736417
14285,23319,0.8300458209668335
14285,22623,0.8234383301111698
14285,22734,0.7983577671910639
14285,23234,0.7566784646294746
14285,23349,0.7466571168094976
14286,23192,0.9804758185272889
14286,22746,0.9790119393765391
14286,22563,0.9777648268950856
14286,23351,0.9769937811465698
14286,23177,0.9768263150520549
14286,23353,0.9643239462781806
14286,23350,0.9611558435765697
14286,23349,0.961098313888343
14286,23354,0.9585585202100936
14286,23176,0.95769673961385
14287,22138,0.7065905270450252
14287,21791,0.6997685976701733
14287,47566,0.6759884137753303
14287,22423,0.5957611739257996
14287,20718,0.5926770977258444
14287,22960,0.5595889787889914
14287,21156,0.5572253920533209
14287,22469,0.5466238348134312
14287,22457,0.5329636134378638
14287,22961,0.5266441385510935
14289,48194,0.9649416767270206
14289,48184,0.9428182792235629
14289,20685,0.9115827611271101
14289,23084,0.8893191361044649
14289,21524,0.8524662549137797
14289,48116,0.8275540824687624
14289,22457,0.8242785115817186
14289,48129,0.8153733895176775
14289,23283,0.811993683448452
14289,22693,0.8016511598860746
14290,23245,0.9667446780700514
14290,22722,0.9538390021365888
14290,22086,0.953071725441125
14290,22865,0.9450562273647919
14290,22910,0.9381861934252356
14290,22726,0.935012272551059
14290,22727,0.9266187904936343
14290,22720,0.9232032586136621
14290,21485,0.9176906376770232
14290,22728,0.9072639004980355
14291,22662,0.9936850201238142
14291,22382,0.9932464856853886
14291,22149,0.9851195833913331
14291,22027,0.9848049125540903
14291,22629,0.9845386566437417
14291,20726,0.9819393077162065
14291,22139,0.9799579689053413
14291,22138,0.9786936444866227
14291,22899,0.978381941568227
14291,22745,0.9756532987182859
14292,23173,0.8559768057983069
14292,23338,0.8550884680430056
14292,85014B,0.8479518467455847
14292,22698,0.834513473877056
14292,22423,0.8293612380355019
14292,22813,0.8154148493291639
14292,22197,0.8120995279995792
14292,23240,0.8027583040685267
14292,22697,0.8015558732773043
14292,22699,0.7916397516309808
14293,22867,0.9541497408483561
14293,22111,0.9439822683963488
14293,22714,0.9380200695872057
14293,22866,0.9378086214765284
14293,21509,0.9358506895717761
14293,22632,0.9345966790120747
14293,21508,0.9312097054502259
14293,21485,0.9284992680981452
14293,21507,0.9260581472008359
14293,79321,0.8980631432499204
14297,23333,0.979037790425511
14297,23265,0.9667993202128531
14297,23266,0.9542472658811153
14297,22596,0.951927679258614
14297,23329,0.9506877994820534
14297,84029E,0.9428853918202488
14297,22300,0.9400262583712712
14297,23493,0.9395472835670002
14297,23263,0.9355726242313398
14297,23356,0.927649203138471
14298,21929,0.9961485698979599
14298,85099F,0.9945092027838164
14298,21928,0.9933894333829234
14298,22386,0.9912822674425844
14298,85099C,0.9906148934007918
14298,21931,0.9873920891428561
14298,22411,0.9870962341397486
14298,22385,0.9858924100437039
14298,20712,0.9826084118478416
14298,85123A,0.9770955385489617
14299,22699,0.9761064928412191
14299,22865,0.9678841327973722
14299,84879,0.963863245871536
14299,21889,0.9573514830903711
14299,21166,0.9536839973384647
14299,23240,0.949473274630962
14299,21507,0.9394936098718902
14299,72351B,0.9392526734570066
14299,23243,0.9358509257284727
14299,22969,0.9334632872360737
14309,23012,0.9899135489044549
14309,22697,0.9891207300520838
14309,22698,0.9814117646213121
14309,23013,0.9804120914247555
14309,22423,0.9684769523720784
14309,22699,0.9663611372381848
14309,22746,0.9623042124397818
14309,23084,0.9545741980827601
14309,22748,0.9539409071908076
14309,22745,0.9390951953894608
14321,21506,0.9343558607839484
14321,22037,0.9274136484767551
14321,22983,0.8964424150268061
14321,84879,0.8912984227274892
14321,85048,0.8015606411334022
14321,23321,0.799298186644773
14321,20992,0.7836235694241498
14321,22112,0.7789781441619891
14321,22835,0.7639422552968496
14321,22488,0.7554770526776089
14329,20728,0.9844357369558661
14329,22382,0.9821297998579209
14329,22662,0.980316050160623
14329,23209,0.9663068138875955
14329,21931,0.9549365903621301
14329,23344,0.9513260884573879
14329,22383,0.9505413984900262
14329,23207,0.9479408738953535
14329,20727,0.9469042891226758
14329,85099F,0.9430570406449186
14332,21034,0.8610071373143217
14332,84347,0.8499478115874548
14332,23322,0.8361889348671174
14332,22470,0.7968305628163228
14332,22866,0.7808317815560348
14332,22632,0.7454395668140992
14332,23103,0.735333581572783
14332,23109,0.7130810186308763
14332,23083,0.7102220651120874
14332,85123A,0.6752311988876677
14334,23300,0.9882310508796917
14334,22077,0.9849817554314569
14334,22367,0.9838180439656479
14334,84945,0.9814289652635341
14334,48187,0.9794740716572136
14334,23301,0.9764214188507038
14334,22795,0.9704881569631768
14334,48194,0.9696946375177894
14334,22457,0.9692230213401888
14334,21899,0.9644556129195059
14335,22727,0.908788865290274
14335,22698,0.8991079371952467
14335,22697,0.8900605477995972
14335,23300,0.8461696823563885
14335,22725,0.841593556051466
14335,22554,0.8228526769015673
14335,22371,0.8208002905585249
14335,23301,0.8147738171751988
14335,22726,0.8061813859341401
14335,22556,0.7975822669303813
14336,82482,0.963560165708587
14336,22175,0.9114123434749938
14336,21733,0.9014190943793652
14336,85123A,0.8821509622785847
14336,22457,0.8782750417123996
14336,22066,0.8616766803532084
14336,22469,0.8226174697311525
14336,22508,0.8133579074508642
14336,22960,0.7947967019037603
14336,22595,0.7888305462835209
14342,84879,0.9129966500301955
14342,23245,0.7423534495982755
14342,22423,0.7000477406839098
14342,21500,0.695975915443881
14342,22457,0.6952419836527106
14342,21484,0.6527990429164718
14342,23112,0.5899048207651688
14342,21716,0.5793453667328251
14342,22816,0.5745553421934205
14342,22191,0.5728041658391421
14354,22601,0.4813317195253297
14354,22734,0.44204592456374003
14354,85199S,0.4340031469063314
14354,22077,0.4170736009247831
14354,85032A,0.3445312535476802
14354,22423,0.20263946767364455
14354,22578,0.1709384137141243
14354,22469,0.16999946383029976
14354,22470,0.1695640657803823
14354,22577,0.1570986638832623
14359,22113,0.9829462860514003
14359,23301,0.9789720681743931
14359,22699,0.9673866031307642
14359,22697,0.9604741642822303
14359,22698,0.9559201416716057
14359,23110,0.9416725941857934
14359,23013,0.9339110590811104
14359,23245,0.9304460355779569
14359,23014,0.917470284868539
14359,22429,0.9164571221684268
14367,47566,0.992131809302769
14367,23298,0.976440227142654
14367,23203,0.9730113165305149
14367,23199,0.9650037638758084
14367,22720,0.9642819022811441
14367,22384,0.962762789483409
14367,23209,0.9626231922052643
14367,22909,0.9588274070127227
14367,22666,0.958076518959556
14367,22086,0.9575497233557422
14388,22411,0.9657239048445928
14388,22385,0.9527060052004269
14388,23203,0.9510464441469033
14388,23202,0.948388028238338
14388,23245,0.9463776332576913
14388,85099B,0.9462866377346251
14388,21931,0.9455604966100056
14388,21929,0.9444044859040958
14388,23201,0.943358652287586
14388,23344,0.9375211522714657
14390,85099F,0.9976914133381456
14390,21479,0.997109474206319
14390,22835,0.9970936827047342
14390,84997A,0.995611040654043
14390,22384,0.9925822629581424
14390,84997D,0.991823262559171
14390,84997B,0.9915548634025582
14390,22110,0.9908388752195446
14390,22371,0.9904870742296422
14390,22554,0.988905159339388
14395,22505,0.9974824530379484
14395,22112,0.9972866232251018
14395,21485,0.9963511179934308
14395,22173,0.9956671023583353
14395,22507,0.9934971220634636
14395,82483,0.9912484877728138
14395,21166,0.9910939712237372
14395,21169,0.9899074299507095
14395,23355,0.9876305084107156
14395,22470,0.9846818244715998
14397,23144,0.9869051976680706
14397,22178,0.98195016733695
14397,84946,0.9727247861195258
14397,82484,0.9696270339315889
14397,22478,0.9511407857945451
14397,22596,0.9470091863189267
14397,23145,0.9465040052376029
14397,23130,0.9288960981232659
14397,20975,0.7584751056820097
14397,22694,0.5681856662213276
14401,82483,0.9529169380780085
14401,82486,0.9473065540189322
14401,82494L,0.9472484624805312
14401,82482,0.9411821191300782
14401,21158,0.9261381218662297
14401,35961,0.9146297870364174
14401,21165,0.9122658539211244
14401,21382,0.9020808204418663
14401,22268,0.8998998554441382
14401,21162,0.8897676504200952
14408,21175,0.983741022171055
14408,85152,0.9727342695867679
14408,21166,0.9662161542180507
14408,21165,0.9335615584891775
14408,21181,0.924706322200977
14408,22178,0.904839939603973
14408,84836,0.8988560591050588
14408,82582,0.8940106660259977
14408,22412,0.8862366898519478
14408,21907,0.8723944793418593
14415,22867,0.9979461009475808
14415,22112,0.9975489291538842
14415,22111,0.9965267476124332
14415,20685,0.9950866410826448
14415,85123A,0.9948977457303333
14415,23343,0.9941496964094063
14415,21485,0.992674942835114
14415,85099B,0.9926140160091295
14415,22866,0.9918903661443479
14415,23202,0.9912842444569602
14416,23084,0.8510805065383281
14416,21136,0.8184968717676683
14416,84879,0.7431491307633782
14416,23201,0.7358806822322228
14416,22584,0.7051908535946055
14416,22418,0.6435248819414944
14416,22582,0.551917532235633
14416,23399,0.5367698940050917
14416,20711,0.5163953908086492
14416,22437,0.49172485016126954
14418,22095,0.8957115615280562
14418,22467,0.8923188475000535
14418,22326,0.8786977141398044
14418,22457,0.8657061128093873
14418,21791,0.8636913166915386
14418,21790,0.8601140940787418
14418,21787,0.857600664859556
14418,22197,0.8522004618948362
14418,23084,0.8507290190616521
14418,22961,0.8454748018475657
14419,22727,0.9970363891645311
14419,22728,0.9936906449775449
14419,22726,0.9887197012377158
14419,22557,0.988464294028317
14419,22554,0.9859270478988814
14419,22865,0.9848454746212528
14419,21328,0.9843328074199805
14419,23439,0.984160840470164
14419,23237,0.9819675698424262
14419,21754,0.9800516674543425
14422,22112,0.972516229867154
14422,23355,0.9594443537062849
14422,22111,0.9551977052825916
14422,21485,0.9487882156640655
14422,23301,0.9412755760321457
14422,23300,0.9245953115172131
14422,22114,0.9132288081173375
14422,21175,0.9098215632524161
14422,22835,0.8980680259325502
14422,21166,0.893363795872061
14426,20970,0.9321021427334838
14426,20969,0.9290429313860589
14426,84946,0.9281517337315339
14426,22274,0.9255890212667184
14426,22271,0.9199005255277427
14426,84347,0.8754191308954986
14426,20971,0.8645957972776159
14426,21154,0.8596266044001813
14426,84947,0.8478906981877516
14426,22464,0.829803902618339
14428,22720,0.9221628590476536
14428,22722,0.9155747065431753
14428,22666,0.9098447779754965
14428,22507,0.9075390066585323
14428,21257,0.9062413141346659
14428,22423,0.8953676098467397
14428,23396,0.8818170340901497
14428,23393,0.8801574952856348
14428,22602,0.8799200731425973
14428,22595,0.8689989720908854
14432,22766,0.9910316153699499
14432,82494L,0.9850285081348755
14432,82482,0.9817689015406175
14432,23439,0.9817215916598389
14432,22632,0.9797490919161055
14432,85032A,0.9698852946870017
14432,22865,0.9684163940169259
14432,22866,0.9678359374741111
14432,21818,0.9639783323495539
14432,85032B,0.960933821595756
14434,23355,0.9666013736363408
14434,23284,0.9575474114134829
14434,23301,0.9248156150282809
14434,21108,0.11241047497728035
14434,21110,0.10525417357436127
14434,16169E,0.09997405484948811
14434,22734,0.09410371963403454
14434,21115,0.0931656626818333
14434,22138,0.09160754065544233
14434,22959,0.09024091645135451
14440,82494L,0.9811593726890389
14440,82482,0.9718775333810519
14440,21754,0.943319778320833
14440,22457,0.9176129138119506
14440,21755,0.9168224870321997
14440,82483,0.9078077058046923
14440,85123A,0.9037369211971162
14440,82486,0.9023161550383918
14440,85066,0.8997500826036002
14440,21523,0.8958117505577462
14441,23355,0.9499800944558768
14441,22112,0.9292072169667591
14441,84029G,0.8807597410200105
14441,22413,0.8471190806943315
14441,23322,0.8372948259453344
14441,21175,0.8170857648156447
14441,48138,0.7911721575297125
14441,21181,0.790421532031022
14441,21754,0.7862625131774933
14441,21174,0.7831843879231812
14446,23318,0.9658680752998731
14446,23319,0.9522297645816226
14446,23343,0.9388264473011716
14446,23349,0.9121638323087059
14446,23353,0.9096761027408877
14446,22367,0.9019475139551821
14446,85123A,0.8945830832182045
14446,23193,0.8882648164309264
14446,23084,0.8837789680051151
14446,22469,0.8744936149050172
14447,23254,0.9713056397824895
14447,22748,0.9359894922039022
14447,20728,0.9303241867600055
14447,23256,0.9185923702855782
14447,22745,0.9165049167441365
14447,20969,0.9102303724051366
14447,84997A,0.9086918655980618
14447,22751,0.908469394075259
14447,22750,0.9080654013735853
14447,84997C,0.9043865703779557
14448,22470,0.6352074472705319
14448,22457,0.6265925969180038
14448,20978,0.5999999421987009
14448,85014A,0.592285229497751
14448,85123A,0.5885744185921163
14448,22197,0.5798703316705807
14448,22553,0.577453865229845
14448,21584,0.5650334758050377
14448,21928,0.563581548846257
14448,21929,0.5608116934287483
14449,23083,0.941407882370674
14449,22210,0.9317686619155571
14449,23082,0.9251298233360817
14449,22197,0.915824652850467
14449,20971,0.9158154683117155
14449,22621,0.9118685263304608
14449,22208,0.9115493408367619
14449,21591,0.9095385932263146
14449,22209,0.9060157218457774
14449,23238,0.9040874410798252
14452,22098,0.7947968258660694
14452,84997B,0.7837202903990077
14452,23300,0.7397597097408778
14452,84997C,0.7289058409723348
14452,84997D,0.7248393582161595
14452,21563,0.7139625586067523
14452,23301,0.6879305475894177
14452,23328,0.6873434358848372
14452,22840,0.6764240303077721
14452,23318,0.6740942327361361
14456,23203,0.9993961043586145
14456,23202,0.9991751510682091
14456,23199,0.9987891452275086
14456,23321,0.9986033798024505
14456,22557,0.9981819464169037
14456,22554,0.9980294706263096
14456,21931,0.9979205712902555
14456,22386,0.9978681023845657
14456,23200,0.9978002647789223
14456,23300,0.9970730914584275
14467,20972,0.9509509439785776
14467,23321,0.9491747148258664
14467,20971,0.9418723160717574
14467,22568,0.9279613845993816
14467,23333,0.9033694019756605
14467,22149,0.9019175852618342
14467,22144,0.8983847975641709
14467,22189,0.88948495983996
14467,22086,0.8847794392463264
14467,20982,0.8802703717936019
14470,22086,0.7648794444761997
14470,84879,0.7139352019568251
14470,22114,0.6509730258258041
14470,23355,0.5761191863811493
14470,23242,0.57076344849352
14470,22945,0.5379391918012634
14470,23241,0.525306520950792
14470,85099B,0.5248332394084478
14470,22910,0.5013724591085003
14470,22835,0.5006663514862182
14477,23344,0.9309363542002764
14477,23343,0.9164443457885024
14477,85099C,0.8425693747878568
14477,23199,0.8227318181429684
14477,85099F,0.795615296729983
14477,23200,0.7766601237209709
14477,85099B,0.7455612341382865
14477,23084,0.12406565123112333
14477,21108,0.11242657247744475
14477,22423,0.11151003179503367
14482,22577,0.9710668950117228
14482,22579,0.9602265827169973
14482,22197,0.9598183383903105
14482,22578,0.9554671196949249
14482,85099B,0.9407938574538692
14482,85099C,0.9022713929237117
14482,21928,0.8785399699024523
14482,22411,0.8661730994170167
14482,22386,0.8601687582874905
14482,21931,0.8374322196939618
14487,84946,0.9308551068192924
14487,21314,0.9267057818111945
14487,22698,0.9079044198055092
14487,22867,0.9047582005069635
14487,22866,0.9032536868619745
14487,23321,0.8934006886575522
14487,22469,0.8872184584319627
14487,22386,0.8803224311405445
14487,22111,0.8781006287413606
14487,22909,0.8659846554523017
14493,22086,0.98136252570977
14493,22727,0.9750699735803181
14493,22865,0.9745130562605916
14493,22726,0.9715033480261588
14493,21791,0.965257752019171
14493,22910,0.9599781797803056
14493,22728,0.9487346860117587
14493,21790,0.9483277529138627
14493,22632,0.9390253428142306
14493,23084,0.916580275265386
14499,20728,0.9819304033856023
14499,22993,0.9817574978349497
14499,23332,0.9770151397971415
14499,22557,0.974500203733429
14499,22554,0.9695048005051867
14499,22328,0.9666954238060659
14499,22866,0.9655347257942052
14499,23266,0.9625993728399012
14499,22910,0.9620154552882051
14499,23329,0.9613186472632879
14502,22469,0.9982898112577359
14502,82494L,0.9975263134020121
14502,22666,0.9966793019629424
14502,22156,0.9938212785275085
14502,22077,0.9932170428156386
14502,22470,0.9926955246257336
14502,84836,0.992512691188222
14502,22460,0.9915284245642039
14502,22766,0.9909808440357871
14502,22558,0.9907431269092507
14503,22726,0.9895570143953472
14503,22086,0.980744960240879
14503,22910,0.9805293202444034
14503,22727,0.9791764984042605
14503,22139,0.9760932863491099
14503,22728,0.9742673422841227
14503,22411,0.9741753201650355
14503,22138,0.9741107378176287
14503,21485,0.9708309962971837
14503,21931,0.9558789418395283
14505,22867,0.9923328293957328
14505,23439,0.9901986191243499
14505,82552,0.9785931477997546
14505,22555,0.9780789488387281
14505,23332,0.97726155890307
14505,22910,0.9771377256728114
14505,22464,0.9738997999560348
14505,22834,0.9736446901283303
14505,22144,0.9722379127742461
14505,22086,0.9721011233257794
14506,22737,0.9938418308141439
14506,22739,0.9916234252404457
14506,22273,0.9829544373207547
14506,22738,0.979445403347051
14506,22749,0.9792747612520359
14506,22150,0.9787610289208474
14506,22750,0.972430524604647
14506,22078,0.9683564814470619
14506,20972,0.9678716485595197
14506,23100,0.9678139186967034
14507,23356,0.8551048425886554
14507,85123A,0.8542454744969227
14507,22300,0.8179008128527321
14507,22301,0.8131468194102262
14507,22302,0.8109536739107143
14507,22303,0.8009602284424702
14507,22411,0.7953081016074642
14507,22652,0.7919028950869862
14507,22386,0.7736808621442819
14507,21506,0.7642973773911319
14508,23354,0.8397195911492645
14508,23353,0.8184079462671918
14508,23350,0.7971731778303772
14508,23349,0.7938602071312003
14508,23084,0.7868021584000237
14508,22113,0.7791855651388502
14508,22910,0.7655430141935139
14508,23318,0.7636737904535015
14508,23321,0.7633659137479462
14508,22909,0.7450719801307515
14511,23029,0.9374547118275249
14511,23396,0.9323653221912006
14511,23395,0.9318234568814284
14511,22916,0.9298701566210403
14511,22918,0.9249924755247189
14511,23032,0.9245089015047735
14511,22457,0.9218769053771522
14511,21136,0.9194249949874236
14511,22917,0.9145351576206651
14511,23013,0.8859048790841666
14515,23203,0.9774899191928842
14515,84879,0.9737181559337834
14515,22178,0.969809414430552
14515,85099B,0.9654105023373419
14515,21136,0.9561733179525574
14515,22158,0.9428386940833381
14515,23202,0.9391934280088617
14515,23321,0.935801896445621
14515,23199,0.9318435983585507
14515,23356,0.9223262510455847
14520,85099B,0.8650596043326872
14520,22197,0.6093324217186532
14520,20685,0.5466064995349874
14520,22423,0.3180790293961063
14520,23284,0.3070110678182882
14520,POST,0.28791115191336886
14520,85123A,0.2778037348360781
14520,84879,0.2758996495052814
14520,48187,0.27536527961820123
14520,22469,0.2733920217334646
14522,35970,0.9202821123251681
14522,23283,0.8668459489949392
14522,48138,0.8176736649236496
14522,22457,0.8123629877238627
14522,84947,0.7856162031037802
14522,84970L,0.7507100332153096
14522,84970S,0.7492807037004774
14522,23399,0.7480209283231911
14522,23393,0.7318020060887631
14522,46000M,0.7157149979327899
14525,85123A,0.9639046227165787
14525,84949,0.9633990743094254
14525,22158,0.9610469811970601
14525,22792,0.9586907555161952
14525,84946,0.9532081877409079
14525,84406B,0.9374233943402395
14525,82482,0.9297430950714702
14525,21754,0.9285588796526669
14525,21385,0.9283071137034
14525,85062,0.9261110793091336
14527,22112,0.9986005940959641
14527,22795,0.9982245379835025
14527,82484,0.9979736684015813
14527,48194,0.9978747040197006
14527,71053,0.9977613168143665
14527,23284,0.9974300849135307
14527,22424,0.9970879371700907
14527,22111,0.9967587202124921
14527,21216,0.9965905693625688
14527,21485,0.9962375141306021
14530,82483,0.9531065298390109
14530,22189,0.9513978743636122
14530,82486,0.9397040701955772
14530,22170,0.9261128901925207
14530,82482,0.924974495637098
14530,22470,0.92365063724374
14530,22188,0.9216030356494089
14530,22766,0.9208751528904798
14530,22178,0.900685899788405
14530,22171,0.8949539235509953
14533,22326,0.772687701835923
14533,23209,0.7199481613035315
14533,23328,0.712332896791171
14533,22138,0.6999892256578645
14533,21891,0.6860907392492425
14533,20974,0.6796640883946028
14533,21212,0.678871421401847
14533,23215,0.6702042656412016
14533,23294,0.6679014813153569
14533,23084,0.6668812098753837
14534,23200,0.9819749705444704
14534,22992,0.9785112892997399
14534,23202,0.9769801808256942
14534,23203,0.9728989942032001
14534,22991,0.9703424276270878
14534,85099F,0.9664799562119293
14534,85099C,0.9664317985147702
14534,22411,0.9650468729290439
14534,84378,0.9647787739820199
14534,22964,0.9633160447890892
14539,35970,0.8155954244025196
14539,21791,0.727047221696221
14539,21914,0.7245503749633984
14539,22142,0.7056949121052595
14539,22489,0.6782713972469996
14539,22560,0.6779337612732407
14539,22144,0.6776824157203994
14539,22531,0.6521968690413524
14539,21731,0.6512643614564414
14539,23176,0.6502200548092716
14540,84347,0.8377548122027813
14540,23320,0.8051196514805
14540,23328,0.7715203418842892
14540,21485,0.7664516593703746
14540,22690,0.7659683753951532
14540,22113,0.6854098237395738
14540,21754,0.6698503998209447
14540,22429,0.6347094098024383
14540,21755,0.6315898155724862
14540,23356,0.630530281413414
14543,22722,0.9196796558536778
14543,22666,0.9020503407752772
14543,22960,0.8595778889164095
14543,21843,0.8564991511374228
14543,22624,0.8479877366821429
14543,22628,0.8381477803672132
14543,22605,0.8313954599072063
14543,22487,0.8287986775844426
14543,22625,0.824841829489495
14543,21936,0.8190034238663599
14544,21584,0.9264346395026005
14544,22639,0.9166661477503267
14544,22586,0.9112501945957765
14544,22587,0.9011787715511151
14544,20750,0.8987775022577781
14544,20749,0.8941397259787802
14544,22411,0.8847088600563412
14544,21811,0.8814053644891992
14544,22602,0.881132583147589
14544,23301,0.87422044821497
14546,22555,0.9961486856750625
14546,22866,0.9947327073139197
14546,22553,0.9934299219378607
14546,22766,0.9930635419022362
14546,23355,0.9924465194743907
14546,22556,0.9917919330586712
14546,23439,0.9902066163321807
14546,22554,0.9881678067540863
14546,22632,0.9863709422727532
14546,22557,0.9848709519108765
14547,22694,0.9943134046925565
14547,23439,0.9942714344582823
14547,21929,0.9925830296279072
14547,21908,0.9925772892658601
14547,22865,0.9924965927948007
14547,23329,0.9923019299980785
14547,23322,0.9912531339275293
14547,21175,0.991077302322505
14547,22173,0.9906847699503131
14547,22470,0.9899653397989215
14550,23189,0.909570230507864
14550,23083,0.9050029469441818
14550,23109,0.8874186353181095
14550,21121,0.8303807352677958
14550,23320,0.8284452457276162
14550,23319,0.8282072020634886
14550,21584,0.8131213353918292
14550,35970,0.8040301885070078
14550,23309,0.7901302698824992
14550,21985,0.7664659803349239
14551,22791,0.8228727170928459
14551,84946,0.5857744041746992
14551,23012,0.5350275707058325
14551,23298,0.4584730617671402
14551,23118,0.40770932907174817
14551,22485,0.3962853297405326
14551,22423,0.3654183435058967
14551,22469,0.3592741101061258
14551,21790,0.3559308382799864
14551,21034,0.3235895169451174
14553,23328,0.9585150543602526
14553,23320,0.9186157002267802
14553,22197,0.9057845234629927
14553,23100,0.8984576595778968
14553,23247,0.881597094800898
14553,22195,0.8726182749300392
14553,84946,0.8480439401507239
14553,23080,0.8396606122419321
14553,23188,0.8386262324912548
14553,22910,0.8354097713335824
14554,21327,0.9812289582480465
14554,21329,0.9773964546543938
14554,22141,0.9734347340570956
14554,22910,0.97198293217761
14554,22632,0.9709272315832177
14554,22867,0.9708961074310442
14554,84946,0.9701384808347384
14554,22556,0.9648107138720009
14554,22666,0.9620086275230839
14554,22554,0.9613894868140999
14560,22776,0.9491594348013668
14560,23307,0.9462753117821654
14560,84991,0.9403114097132915
14560,22720,0.9334533104039802
14560,21977,0.9303527861292147
14560,22624,0.9286226882369101
14560,22625,0.9157613064002441
14560,21080,0.9048227722323278
14560,48138,0.8946260790439226
14560,23309,0.879784985719679
14562,22667,0.9961329246006909
14562,22141,0.9957029487005633
14562,23301,0.9931460889487453
14562,84030E,0.9915774197672013
14562,22918,0.9913578681821249
14562,47566,0.9904515257804271
14562,22720,0.9900597664441413
14562,22666,0.9895446606318793
14562,22916,0.9895269456898008
14562,23355,0.9889746316558522
14572,22423,0.9599523446211763
14572,23245,0.9303954393654303
14572,21559,0.9222528260989621
14572,22654,0.915320321925203
14572,23238,0.901505664654819
14572,22900,0.882158646456554
14572,22659,0.8795676101423032
14572,23198,0.8770677775986045
14572,22113,0.876988876027922
14572,22971,0.8755508815624777
14577,21907,0.9804175535758284
14577,22112,0.9718804520597764
14577,22111,0.9717427387008971
14577,22866,0.9582388598728168
14577,21175,0.9580003137549747
14577,21484,0.9541453820387484
14577,23355,0.9538804084408139
14577,22385,0.9537668018435037
14577,21931,0.9531717803025024
14577,85152,0.949314579879748
14583,20727,0.9612994983151408
14583,22197,0.9539082830130887
14583,21559,0.9390297890711777
14583,22600,0.9270237899866549
14583,22601,0.9213272234686211
14583,22553,0.9165442586728435
14583,23306,0.9118188245165503
14583,22355,0.9076194492240631
14583,22080,0.9052549642709575
14583,20719,0.9000546823815747
14587,20728,0.9907758753868632
14587,84997D,0.9893215864341244
14587,21559,0.987394119310951
14587,21733,0.9836587593881965
14587,22384,0.9813628864955414
14587,22697,0.976801518204252
14587,21754,0.9767708049964837
14587,22457,0.9763368503953992
14587,82486,0.9748636185387172
14587,22382,0.9741361619091682
14591,22629,0.9936493947379798
14591,85099C,0.9852340816517794
14591,22630,0.9816045220358804
14591,23202,0.9799007781260841
14591,21931,0.9793473630908405
14591,85099F,0.9732504861187141
14591,22411,0.9657537481628288
14591,23199,0.961314121507863
14591,21175,0.9609835971041304
14591,22386,0.9589063176150735
14593,23202,0.9739191018679579
14593,23199,0.9639446900644324
14593,23208,0.9507533119123213
14593,23203,0.9493074196248591
14593,23300,0.9456013372386929
14593,23301,0.9401977247333605
14593,23188,0.9309546873951327
14593,22141,0.9289723021166933
14593,23103,0.9282836940257184
14593,23320,0.9269122207449209
14594,22470,0.8734366723194997
14594,22173,0.862666349089928
14594,21523,0.8416889752099227
14594,22457,0.8250372754147753
14594,85123A,0.7830993598260244
14594,23284,0.7824765555189696
14594,22383,0.7442079567932063
14594,84879,0.7278802105798976
14594,21034,0.7276857083601433
14594,85099B,0.7276332602281166
14595,22197,0.8405186469615535
14595,23332,0.7615250959106926
14595,84378,0.747428048885963
14595,23082,0.7327672284250213
14595,22966,0.7308779921161557
14595,23240,0.7103273001864172
14595,85048,0.709429597455387
14595,23109,0.7049243524607456
14595,22621,0.7026981236987329
14595,22138,0.6919277774356607
14597,23301,0.7914195069285682
14597,23300,0.7615302089749639
14597,22907,0.7397578001460876
14597,21930,0.7172476501698923
14597,22174,0.7145500460371994
14597,22197,0.71225681793867
14597,23321,0.711843152340138
14597,22066,0.7048743993909448
14597,22469,0.702643713233371
14597,21098,0.6932579009417178
14606,22348,0.9982640951206626
14606,20718,0.9981677197916305
14606,22697,0.998054895926748
14606,20972,0.9976062921728345
14606,22563,0.9969043634219452
14606,22379,0.9961697632320702
14606,21889,0.9950708771945744
14606,21868,0.994832186233938
14606,21154,0.9945778506408706
14606,20726,0.9944029506534654
14607,22356,0.9794153018299457
14607,23204,0.9762499563514482
14607,85099B,0.9715510689565796
14607,21931,0.9713297287194538
14607,20724,0.9644792855922019
14607,23205,0.9590876524354329
14607,22355,0.9543577881282791
14607,23344,0.9503219394725076
14607,22386,0.9157205254720822
14607,23199,0.9154285255636188
14608,23355,0.981723933327853
14608,22111,0.9752855004246913
14608,22114,0.9690203793584686
14608,84029E,0.9665128128137707
14608,22112,0.949888820690077
14608,22207,0.7545379735391939
14608,21481,0.5526424338325965
14608,21181,0.13086279053755187
14608,23320,0.11874028140294361
14608,22734,0.11579755643907925
14618,22791,0.8263568555303078
14618,22800,0.8059387947065952
14618,22792,0.8009568700497537
14618,22801,0.5984221907828337
14618,22464,0.5768231572740131
14618,23245,0.5370746018244432
14618,21755,0.4402632854204518
14618,21754,0.33295989725331204
14618,22138,0.2896234988256366
14618,22139,0.2713298974762218
14621,22865,0.9834511698402328
14621,23344,0.970946936995771
14621,22867,0.9650568301287145
14621,22114,0.9176269789924244
14621,23351,0.8949109367232315
14621,22961,0.8409966638784684
14621,47566,0.838224419665693
14621,22743,0.836146068218437
14621,23367,0.8263282159818761
14621,23355,0.8165183743008669
14626,23343,0.8399216426060772
14626,22698,0.8375119630448103
14626,22697,0.8347172995376558
14626,22699,0.8328275296862929
14626,23084,0.8019998169137411
14626,23344,0.8016185619671872
14626,82494L,0.7613916598029445
14626,22835,0.750758877802747
14626,21733,0.7486660064384245
14626,22112,0.733606381898966
14629,22867,0.9598211207278966
14629,23355,0.952878919381011
14629,22866,0.9439480210663208
14629,22577,0.93420460576748
14629,23439,0.9279195311508852
14629,23284,0.9269013981050725
14629,23082,0.9139629805503455
14629,22112,0.9122340743344999
14629,23109,0.9080600746563018
14629,22909,0.9063629305004711
14640,22138,0.9147202156596876
14640,22423,0.9129035101928495
14640,23322,0.8622612709928262
14640,22698,0.8559899579903579
14640,22617,0.8506417949454933
14640,22086,0.8381239811624762
14640,23175,0.8366560308197114
14640,22697,0.8288389592110579
14640,21534,0.8189492017521938
14640,21533,0.814924560679482
14646,20712,0.9958735584864706
14646,22326,0.9949791442048812
14646,21559,0.9949762771954619
14646,22553,0.9939829522646985
14646,23245,0.9935041537759649
14646,22556,0.9934831870596719
14646,22328,0.99292951631753
14646,21481,0.992824587994336
14646,22551,0.9925522243277757
14646,22367,0.9919004823290125
14649,82482,0.9652420543623299
14649,22766,0.9613846832099159
14649,23493,0.960356670006076
14649,23344,0.9545398221228372
14649,22158,0.9509349603975359
14649,84378,0.942722041966576
14649,23322,0.941682229813379
14649,21314,0.9382703934054513
14649,23203,0.9263158036351476
14649,20972,0.9256379728623225
14653,23439,0.982812791792707
14653,22865,0.9813363775759452
14653,23012,0.9769011008519762
14653,23332,0.9766843908441044
14653,23013,0.9759249587604347
14653,23188,0.9743380305350369
14653,23084,0.9738987786653
14653,22142,0.973465232743224
14653,23198,0.9675792776264949
14653,23329,0.9669036219063663
14655,23355,0.9729457115789092
14655,21485,0.9578459516807911
14655,22633,0.9442977503922003
14655,21928,0.9217137186573819
14655,22632,0.9122950956548088
14655,21929,0.9040266862208409
14655,23077,0.903821244047645
14655,23199,0.8922944129369993
14655,21931,0.8695306228432048
14655,23076,0.8679092198387521
14657,84380,0.9756982531882425
14657,22964,0.9695932379693556
14657,84378,0.9676336605550955
14657,22666,0.9467404635938644
14657,21124,0.9182812795566736
14657,22457,0.9124212094642897
14657,21122,0.9016830530577346
14657,21034,0.8969673440565519
14657,82494L,0.8960306072629074
14657,22720,0.8874196427215671
14658,82486,0.8626996537605411
14658,22175,0.7982675195797834
14658,22941,0.7230064771343682
14658,48187,0.7024406268654382
14658,23298,0.6881785219039945
14658,82483,0.6746882551983698
14658,85099B,0.6687806593995966
14658,22766,0.6647784619083434
14658,22086,0.6624330466235622
14658,21928,0.6533873743284656
14659,23209,0.9928350432440591
14659,22112,0.9918846728735464
14659,22384,0.9917034338393504
14659,22114,0.9896240419726446
14659,23203,0.9890654996594147
14659,22866,0.9890527852389472
14659,85014B,0.9850306062709157
14659,21484,0.9839578313331504
14659,84997D,0.9828073977604109
14659,20727,0.9821591788513218
14662,22910,0.9563474928523482
14662,22556,0.9535384167625316
14662,23349,0.9517775211787551
14662,23351,0.9421690205607727
14662,23355,0.939876801360574
14662,22086,0.9321126402722651
14662,23350,0.9312327917513739
14662,23319,0.9198946389354397
14662,23344,0.9188314503769668
14662,22564,0.9121437796034252
14664,23264,0.9754195837466614
14664,22694,0.973487203416422
14664,23265,0.9528108382263656
14664,23321,0.9481961649568031
14664,23322,0.9430913781767443
14664,23266,0.942049015701024
14664,72351A,0.9413266443780691
14664,23147,0.9347813249972474
14664,22776,0.9297668999654544
14664,23263,0.9295056211881858
14667,84879,0.9908854547757904
14667,85099B,0.988376579776139
14667,21172,0.988005573306657
14667,23300,0.9863083845401283
14667,23301,0.984399707135246
14667,22077,0.9838764720275206
14667,22082,0.9831897139030343
14667,20685,0.9813199004775536
14667,22083,0.9800363404757416
14667,23284,0.9770838183057852
14673,22865,0.9716315479910073
14673,22114,0.966824149242783
14673,23084,0.945440559097807
14673,22178,0.9328709049659655
14673,23355,0.9313926549898256
14673,22633,0.9306802260534556
14673,84946,0.9181890125381368
14673,35970,0.9178448545865894
14673,84347,0.9117630303145359
14673,22835,0.9054752517431185
14680,22386,0.9943211237875198
14680,85099C,0.9907862024878606
14680,85099B,0.9900961084475961
14680,20712,0.9828586295479388
14680,22384,0.9790236339151431
14680,21930,0.97811429341138
14680,21931,0.9758391957849852
14680,20713,0.9757873029880958
14680,21731,0.9757511933448481
14680,79321,0.9705466537737317
14684,23439,0.9931421226470608
14684,22867,0.9920345528194544
14684,22754,0.9915710021296608
14684,22562,0.9908635078169029
14684,22271,0.990843072949013
14684,22273,0.9898020893781012
14684,21329,0.9886203442995914
14684,20982,0.9885058597252112
14684,20983,0.988128586854761
14684,22633,0.9866670506701287
14688,22379,0.9951264956008545
14688,79321,0.9900701600901508
14688,21770,0.9855395155013201
14688,22381,0.9855271765284793
14688,21900,0.9745603685218581
14688,23182,0.9744293885265364
14688,22138,0.9741255475240107
14688,21901,0.9708996231516445
14688,22380,0.9689466066049877
14688,22090,0.964497601900959
14696,82484,0.8945548002226492
14696,22909,0.8696532595099842
14696,85099C,0.8497089502880447
14696,84375,0.8351089622094674
14696,23319,0.8248382042902404
14696,21080,0.7984947547289477
14696,22178,0.7973813903295934
14696,23247,0.7968848465108863
14696,21790,0.7799344839501398
14696,22749,0.7773667154934771
14698,23321,0.9755272337080461
14698,82494L,0.9607971869723516
14698,22138,0.9567751530105291
14698,82482,0.9544477402701017
14698,23292,0.9541102349340845
14698,22113,0.942344032303846
14698,22580,0.9386661047642032
14698,23328,0.928809385992653
14698,23130,0.9287738311844768
14698,23291,0.9253542443338233
14701,23266,0.9660972194805341
14701,22733,0.9580964658349088
14701,23320,0.9553278601056462
14701,23354,0.9511060998247859
14701,22734,0.9472782990142696
14701,23318,0.9454946509625036
14701,23439,0.941787236839833
14701,23319,0.9376730984497078
14701,23353,0.9365997994909124
14701,23493,0.9346503054396668
14702,23313,0.9975001845612599
14702,22086,0.9911091467468858
14702,22722,0.9897163160671897
14702,23296,0.9889516970961988
14702,22144,0.9884248427448566
14702,22795,0.9873486263175172
14702,22141,0.9855260161662818
14702,23355,0.9854586089603712
14702,22624,0.9815441062813653
14702,21411,0.9811786676169265
14704,82494L,0.9945276773221909
14704,82482,0.9899791124108174
14704,22733,0.9831859057987814
14704,22732,0.9787851890181344
14704,23321,0.9748975057892196
14704,22577,0.9730569727017931
14704,22578,0.9699341650761623
14704,21902,0.9698671137712542
14704,22209,0.9684946830523667
14704,22579,0.9665983167047074
14708,22622,0.8544454532338538
14708,21137,0.7413579589361355
14708,23084,0.716044940610193
14708,23188,0.6870158071812893
14708,84879,0.6757724570798769
14708,22090,0.639669642665041
14708,22467,0.6380165593554336
14708,21889,0.6368722254373687
14708,23367,0.636690749747158
14708,22716,0.6332368998729473
14709,23203,0.9984522810965226
14709,23199,0.9979781316200681
14709,22386,0.9970626818010158
14709,85099B,0.9970378468564921
14709,23202,0.9966707318460521
14709,21931,0.9965330739323749
14709,22411,0.9965310557609905
14709,85099C,0.9943678919759198
14709,23201,0.992391256342338
14709,21929,0.9843859702273674
14710,23240,0.979597132480889
14710,23084,0.9591874210973009
14710,23322,0.9575490665424569
14710,23344,0.9569844220943731
14710,21591,0.956734383205184
14710,23192,0.9534135004441828
14710,20685,0.9470274269413804
14710,22470,0.9338120482074213
14710,22727,0.9308511505175872
14710,22602,0.9302564559944945
14711,23300,0.9751095006754694
14711,84792,0.9746982402804576
14711,82583,0.9707468791223438
14711,23184,0.9678998605965154
14711,22507,0.9668583030612323
14711,82484,0.9667790640805337
14711,82551,0.9667010691676611
14711,82552,0.9666181345765263
14711,23301,0.9663269854874715
14711,23320,0.9652099758078194
14713,82484,0.9893287155720674
14713,22113,0.9892248860238506
14713,22633,0.9829124266922413
14713,23300,0.9801033816203332
14713,22111,0.9743772298173765
14713,23301,0.9692481051626112
14713,23199,0.9651601970471173
14713,22367,0.9635878141519152
14713,21929,0.9627092390729158
14713,22865,0.96039039237485
14715,82552,0.961004861544616
14715,82551,0.9587437557782801
14715,71053,0.949616732485852
14715,23298,0.8981467478425144
14715,47566,0.8600970541687957
14715,22766,0.7826299106441188
14715,82484,0.7646456994045189
14715,16016,0.7499352483352255
14715,21908,0.745802126482195
14715,82583,0.7253332239989443
14719,22557,0.9911270811245358
14719,22551,0.9903795580962568
14719,22556,0.9886717974250199
14719,22086,0.9879372678455112
14719,22865,0.9878214198159679
14719,22867,0.9847154945261472
14719,22866,0.9845311989690555
14719,23307,0.9776233602695851
14719,22910,0.9749254093150881
14719,22555,0.9744484302196914
14720,22617,0.9018660781053078
14720,20750,0.8907427798585237
14720,22467,0.8732964028648648
14720,23254,0.8294360000516825
14720,22138,0.8183198263666324
14720,23245,0.8114709515045079
14720,23007,0.7868210195278944
14720,22720,0.7840514891744692
14720,22139,0.7775628703414535
14720,23008,0.7598560892894739
14723,85123A,0.9586324886836546
14723,22411,0.9449095809424487
14723,84879,0.9438086592705406
14723,22866,0.9432627109206343
14723,22197,0.9405628177440587
14723,85099C,0.937200162426347
14723,22557,0.9348376682698925
14723,22222,0.9301967853550551
14723,22457,0.9199949535623739
14723,21098,0.9167035276222303
14730,22326,0.9731304513134515
14730,21929,0.9691222879801209
14730,22630,0.9636421878613174
14730,23290,0.9635055594949389
14730,23345,0.9423782771769481
14730,21430,0.925543779109085
14730,23346,0.9231870417537451
14730,23289,0.9227497597056674
14730,22197,0.9211617515036162
14730,21977,0.9197522920787564
14732,22171,0.9665261331321033
14732,23084,0.9625429618839177
14732,22169,0.9553974188923771
14732,22077,0.952769546382649
14732,21314,0.9342804235692891
14732,23082,0.9312040656614667
14732,23112,0.9290559435859024
14732,22771,0.9290509655322491
14732,23293,0.9274298256254921
14732,23493,0.9252863617882429
14733,22720,0.9871239295482581
14733,82484,0.9748357057583937
14733,47566,0.9733639344314912
14733,22469,0.960914333543945
14733,85123A,0.9606193427987315
14733,22470,0.9603961216716507
14733,71477,0.9572007605043016
14733,22169,0.9545961092577098
14733,84978,0.94698741355993
14733,22086,0.9452968014484071
14735,22727,0.9937318229815071
14735,20914,0.9926670947644674
14735,22726,0.9924837274182376
14735,22730,0.9923039662322879
14735,22728,0.9844182669153978
14735,71459,0.9830090021822216
14735,23206,0.9796144132606114
14735,22725,0.9752324104076684
14735,21928,0.971783142727126
14735,20979,0.97143942952659
14737,22086,0.769889624161575
14737,22910,0.6902906805451113
14737,21621,0.6900207572960589
14737,22083,0.6650329166297458
14737,22090,0.5907625719854062
14737,22734,0.5847016233049218
14737,21533,0.5441000882082693
14737,85049A,0.4614409955964526
14737,21534,0.3854360571708377
14737,21260,0.338466246412059
14739,22910,0.9555219988839793
14739,22086,0.9447768929863376
14739,21791,0.9292940151893396
14739,21790,0.8963205345782961
14739,48138,0.8235391964659082
14739,85049A,0.8221635784406086
14739,21888,0.7913307678322098
14739,22726,0.770499505185177
14739,22727,0.750667438054521
14739,21704,0.7290982307915945
14741,22457,0.9718642297344178
14741,23298,0.9571327157223899
14741,84832,0.9547284354805738
14741,22792,0.9459413330972556
14741,84946,0.9113884945209844
14741,23313,0.9058269451416222
14741,23252,0.867897609081146
14741,22429,0.861301481551748
14741,85053,0.8542888737926546
14741,22189,0.8513839922326731
14744,22384,0.861304561689185
14744,21122,0.8302818325554352
14744,20725,0.8275860309996836
14744,20685,0.7882460362857393
14744,22558,0.7650646304334354
14744,48188,0.682761886821445
14744,21212,0.6763282247940264
14744,72351B,0.6140389775003275
14744,22966,0.5791295049090035
14744,23252,0.5405363096921373
14755,22507,0.9916659716898998
14755,23298,0.9902670121181306
14755,23355,0.98950500176905
14755,22139,0.9874431056757175
14755,22112,0.9855491331333652
14755,21485,0.9853331072024692
14755,85123A,0.9852727920541673
14755,22467,0.9840298951553031
14755,22727,0.9832625009440186
14755,84879,0.9830240665856451
14759,22111,0.9074935458104312
14759,21533,0.9035909319043821
14759,23355,0.9029214028470991
14759,82484,0.901357307094349
14759,22507,0.8927559581001994
14759,20685,0.8856469689844368
14759,21485,0.8852205131069172
14759,23245,0.8785068435138655
14759,22508,0.876998645064809
14759,22144,0.8742559438431857
14766,22086,0.9871456923115098
14766,23082,0.9798405197534958
14766,22083,0.9743478590139
14766,23083,0.9656255510319193
14766,22960,0.9582699890405687
14766,23209,0.9373233105136122
14766,23298,0.9364990958793392
14766,84879,0.9148380382657968
14766,82494L,0.9123638155626255
14766,22771,0.8234643056040531
14768,22138,0.8867160023056474
14768,21452,0.7312645591727994
14768,21481,0.715787980842686
14768,22619,0.5608458470780507
14768,22578,0.43558117924323575
14768,22423,0.3886074192684577
14768,23330,0.3786770707468698
14768,23322,0.36324428477054305
14768,22469,0.36167016230712035
14768,23367,0.3380775303891988
14769,22960,0.9216948228963425
14769,23295,0.9179864513403849
14769,22722,0.9059196729820026
14769,21121,0.8965814225368713
14769,22138,0.8768053187499206
14769,23198,0.8757197075340813
14769,22961,0.8732894734834938
14769,23293,0.8691635306166872
14769,23296,0.8672000767273372
14769,22979,0.8442562121341936
14784,22578,0.7717824138631936
14784,84879,0.7475827932052274
14784,22577,0.7360687899531569
14784,35970,0.6491778791661198
14784,23330,0.6286977575801949
14784,23351,0.6008863363320307
14784,22156,0.5662272340363391
14784,84078A,0.5174553313551955
14784,21136,0.466039639735515
14784,23343,0.4231238371181152
14790,22383,0.9653847040164768
14790,20727,0.9642908447704532
14790,20719,0.9491847052423962
14790,20726,0.9303317044056282
14790,20725,0.9302059001367867
14790,22355,0.8771393436984596
14790,20981,0.8292192971578191
14790,85175,0.8251037510384344
14790,20983,0.7826172759530099
14790,21731,0.7115435767346383
14794,23344,0.935711179125793
14794,21535,0.9317497251327052
14794,23202,0.9173848073025477
14794,22725,0.8923722517142872
14794,22727,0.8851994620446739
14794,22174,0.8626699289781796
14794,22895,0.8222644607664298
14794,22384,0.8170798989507264
14794,20728,0.8145918050913356
14794,21559,0.8098147809046822
14796,22900,0.9993440035054293
14796,37448,0.9984443663710071
14796,47559B,0.9983681299857132
14796,84992,0.9982422317191743
14796,84596F,0.9981545686191633
14796,85152,0.9977307848419212
14796,82583,0.9973284916058517
14796,84596G,0.9970677413416846
14796,82582,0.9969092554631404
14796,22064,0.996859486164481
14805,48138,0.9340200060180096
14805,48187,0.9220563892240285
14805,21523,0.9116830144774752
14805,23284,0.8122176113771122
14805,21524,0.7850071420094219
14805,23355,0.7740967476738145
14805,21755,0.7602077848269482
14805,72741,0.7600155928058153
14805,22413,0.7087548911658508
14805,22114,0.7085998184450515
14820,22086,0.880308848345496
14820,21137,0.836771828448714
14820,79321,0.8082968431035228
14820,84836,0.7952681906667987
14820,22457,0.7913720874392848
14820,22960,0.7586237946809633
14820,23061,0.7558997219800999
14820,22041,0.6747091256524679
14820,22941,0.6406218127631963
14820,84946,0.6327455441030149
14824,23203,0.9838530194460133
14824,22694,0.9773776234281686
14824,85099C,0.9719828788292353
14824,22470,0.9697773490588414
14824,22386,0.9594424456361613
14824,23355,0.957419989890019
14824,23201,0.9548521257655419
14824,22469,0.9483026664750239
14824,85099B,0.9409597903893645
14824,23344,0.9291421061075865
14825,21733,0.9886962881720786
14825,23202,0.9850861400931764
14825,23203,0.9839740215653626
14825,23199,0.9836451724421769
14825,84879,0.97919546954107
14825,22386,0.9778719022793755
14825,85123A,0.9707347037702518
14825,23200,0.9656435065412527
14825,22086,0.9625086995884258
14825,23344,0.9551239631214892
14834,22910,0.9685960916756031
14834,22086,0.9578232475899373
14834,22197,0.9518007883701485
14834,23082,0.9358227282452926
14834,23083,0.9262962369956363
14834,23109,0.9258890020188
14834,23201,0.9231122709083347
14834,84879,0.9082677304586423
14834,23100,0.8948623417015551
14834,21731,0.8947395124720767
14836,22992,0.7393311650808996
14836,22561,0.5091758945529408
14836,21888,0.3153451952120743
14836,22423,0.20947915989182503
14836,22138,0.20466874503854546
14836,22578,0.1893759446688793
14836,22577,0.18608527263932303
14836,22531,0.17578881676659616
14836,22782,0.17478283282058202
14836,22470,0.16667274845590258
14849,21977,0.996953440576577
14849,22961,0.9928100478901898
14849,84879,0.9927554794820134
14849,21975,0.9905800994335775
14849,21122,0.9895528254183751
14849,21916,0.9882578237233226
14849,22909,0.9876713472984551
14849,22910,0.9874521533181092
14849,84692,0.9872075747255508
14849,22722,0.9854614976338208
14851,22865,0.7341911871149783
14851,22086,0.7014257831139916
14851,22209,0.6600670070797234
14851,23503,0.6412867929608146
14851,22991,0.6326466479151283
14851,22992,0.6313897894066668
14851,23344,0.6281765773876682
14851,23084,0.6198151835458455
14851,22810,0.6144426922859312
14851,22090,0.6031558130957198
14853,22423,0.8724123412868253
14853,22941,0.6613418756853635
14853,23089,0.6142490823036301
14853,23175,0.5960805326175196
14853,22739,0.5956738393972077
14853,22699,0.541082009817965
14853,23173,0.5380214054939064
14853,23161,0.5095618482824764
14853,22469,0.4411673119262311
14853,23323,0.4257320750501177
14859,21929,0.9579905777928462
14859,22867,0.9567112378148059
14859,22411,0.9542738830325849
14859,23203,0.9510424893834
14859,22866,0.9441820448814364
14859,23202,0.9426800678596904
14859,85099B,0.9274439977063355
14859,21928,0.9270193261424435
14859,23344,0.92251726615677
14859,23200,0.9131269061792073
14862,85048,0.800987991393678
14862,22142,0.7953906244986139
14862,23354,0.7826340341893852
14862,23311,0.7681393197786764
14862,23320,0.7582641595418984
14862,23319,0.7475897754055704
14862,23318,0.7269396066366072
14862,35970,0.7240096794610346
14862,23493,0.7100398043065214
14862,22906,0.6960540319565361
14865,15036,0.32883325791796786
14865,40016,0.20418697602123712
14865,23407,0.20006773715132772
14865,72232,0.19788453076253193
14865,22578,0.17831583863856285
14865,22423,0.16242199804237414
14865,23393,0.1527063813330785
14865,23397,0.15168145568762542
14865,22197,0.14846879475124147
14865,23367,0.14413964692430803
14866,23168,0.9544036196009063
14866,22193,0.9514049670287487
14866,22722,0.9485552327083563
14866,22993,0.9443419681074436
14866,23318,0.9390209222697063
14866,22960,0.9313163151476561
14866,22720,0.9254361312478413
14866,23243,0.9148552059902151
14866,22910,0.9093054399625466
14866,22943,0.908729269445638
14868,23084,0.979463506633774
14868,22865,0.9699999872525331
14868,22835,0.9671191435664724
14868,22557,0.9666658076575849
14868,22867,0.9652129800671776
14868,22866,0.9618702679132312
14868,22112,0.9615380276734655
14868,22554,0.95730502373515
14868,22568,0.9559962060341244
14868,23439,0.9501630755452938
14869,82483,0.8532926352871586
14869,84946,0.8159917516122484
14869,82484,0.80110413822704
14869,23208,0.7541000069362016
14869,23396,0.7422722817260193
14869,21232,0.7353751582144209
14869,23300,0.7318446292176883
14869,22077,0.7271365354456925
14869,22666,0.7179950674155129
14869,82494L,0.7107831792508019
14871,22112,0.9335328206058584
14871,22554,0.9314682612119111
14871,82483,0.9300752114060272
14871,22111,0.9076169999605638
14871,22556,0.8891320149488162
14871,22551,0.889050104072726
14871,21756,0.8816998975203622
14871,21754,0.8778659210190549
14871,22555,0.8460379740443571
14871,23355,0.8333047624930219
14878,22139,0.9676878451468868
14878,22900,0.9544431325628375
14878,22891,0.9522882759122958
14878,23301,0.9518969475987897
14878,23284,0.9436131369501911
14878,47567B,0.9389055700804202
14878,21232,0.8876081661448499
14878,21231,0.8652338872694274
14878,23300,0.8634018966995832
14878,23503,0.8568841182682134
14882,85048,0.9354806117633037
14882,22158,0.9339976503025448
14882,22423,0.2539055456289896
14882,23173,0.20783080476668378
14882,22469,0.18926188384217474
14882,22485,0.1817130309603314
14882,22138,0.17889376285251823
14882,22457,0.16667380732381956
14882,21034,0.16599249478739636
14882,72741,0.16340207923759503
14883,20724,0.9466968763018895
14883,84879,0.9395784447284512
14883,22355,0.9332385120127785
14883,23203,0.9275089420410342
14883,20719,0.9235337533568226
14883,22356,0.9071411562191294
14883,22577,0.8335668869139997
14883,22295,0.823813313604584
14883,23209,0.8104002532755934
14883,22382,0.7905405566630629
14895,22748,0.988792750531576
14895,21166,0.9844283036835225
14895,23198,0.9830724919458487
14895,22698,0.9803882969569004
14895,84375,0.9795810000666512
14895,84380,0.9791405233572903
14895,22745,0.9747345029801361
14895,21889,0.9738699016832716
14895,22940,0.9730112432362815
14895,23295,0.9722980167008942
14897,22193,0.9843067704119389
14897,22192,0.9779713387140858
14897,22191,0.9668925912357826
14897,23342,0.9087273740990269
14897,22771,0.8739827685585734
14897,84970L,0.8619579007899184
14897,22670,0.8381454402151274
14897,22772,0.8367183207249733
14897,22775,0.8207426726311805
14897,23341,0.8073307025651042
14898,84879,0.9109767600300921
14898,22727,0.9109096222378923
14898,22795,0.9082833146115825
14898,22138,0.9074690799424938
14898,21034,0.9071639469982995
14898,23240,0.9009054354663746
14898,22469,0.8924044780133171
14898,23209,0.8853353441640928
14898,22666,0.8764944746349662
14898,20728,0.8469758983530079
14901,22086,0.9496336261347816
14901,22909,0.9134847256906476
14901,22960,0.9025106789895758
14901,23356,0.887265657848094
14901,23301,0.8834865292336805
14901,22941,0.8632423941227326
14901,23084,0.8584710166350821
14901,22952,0.8467463946455517
14901,23157,0.818710098882643
14901,22961,0.8115167151233087
14903,21908,0.9865064272855809
14903,85150,0.9727629092893654
14903,22488,0.9693573888257835
14903,21907,0.9657868361872024
14903,22867,0.9645072788247973
14903,22866,0.9644938575484184
14903,22727,0.9588778125916133
14903,22563,0.9587116256853488
14903,21314,0.9585164711659113
14903,23321,0.9525011679862561
14907,22865,0.9808160436263869
14907,22114,0.9657936740041868
14907,22111,0.9629466329000608
14907,84879,0.9488846841957264
14907,22835,0.940384750730286
14907,23209,0.9399945076237145
14907,22621,0.9377642229069024
14907,21791,0.9335527203511849
14907,23293,0.9290800298264145
14907,20728,0.9245353003072673
14910,23335,0.8952935120479789
14910,23301,0.8812690545795946
14910,22776,0.8548903118702591
14910,22457,0.8347031234742246
14910,22588,0.7577841678665029
14910,22379,0.7319559032998206
14910,22668,0.6754057719838672
14910,85099C,0.6746096627451654
14910,21932,0.6689763963538984
14910,23330,0.6671103767396068
14911,23201,0.9999584987484964
14911,22139,0.9999462052104351
14911,22993,0.9997856221200118
14911,22622,0.9996690706290295
14911,22625,0.9995330128902958
14911,23209,0.9993158716078053
14911,22178,0.9993158716078053
14911,22112,0.9992730179219531
14911,22138,0.9992048285669686
14911,23328,0.9991760942822719
14912,51014C,0.8961086174356112
14912,51014L,0.8746216927444952
14912,51014A,0.862265921429594
14912,22690,0.8214898758602985
14912,21169,0.8033489641341205
14912,22197,0.784732361443054
14912,21700,0.7639003230395921
14912,23078,0.6443580000006849
14912,23156,0.6294788692744828
14912,23155,0.6266096863129672
14931,22086,0.9639685953172807
14931,23264,0.9628757079143122
14931,23313,0.9596322175267218
14931,23355,0.9570940289695763
14931,23266,0.9557551637482198
14931,23265,0.949109966916239
14931,23263,0.9405588038615194
14931,35970,0.9397874054090704
14931,84029G,0.9333290381308719
14931,22141,0.9198336629835198
14948,22666,0.9630021007431956
14948,23295,0.9252303337794572
14948,23293,0.8970291533712549
14948,23296,0.890433642593346
14948,23294,0.8852847922164365
14948,22720,0.8705927314559493
14948,47590A,0.8325221777715296
14948,23082,0.8322703375535968
14948,47590B,0.8290080655083074
14948,21217,0.7873309999803103
14960,22578,0.7750580295041823
14960,21533,0.752911762669388
14960,23103,0.749889254773229
14960,22791,0.7466911550649691
14960,21535,0.7428455925450017
14960,84949,0.7410831885877943
14960,22577,0.7307388813142253
14960,22619,0.7194724169547071
14960,22141,0.7106828669395844
14960,21506,0.6895563958721648
14961,22699,0.9791262797495476
14961,20914,0.9789535530487139
14961,22910,0.9702309669152068
14961,22086,0.9654117724016931
14961,23344,0.9643283579497188
14961,22722,0.960908831729547
14961,22697,0.9571068806024168
14961,22698,0.9570794708585566
14961,23200,0.9482393867847037
14961,22197,0.9472998124325094
14963,23321,0.9896834868577072
14963,23084,0.9789566023348819
14963,23206,0.975557179631976
14963,23240,0.9716425017317031
14963,22384,0.9692014831552026
14963,23209,0.9680683735571768
14963,23343,0.9660431708934041
14963,23313,0.9659309494878886
14963,23344,0.9648527204208267
14963,20728,0.963696852758398
14984,22197,0.8238415566138882
14984,48194,0.8043046792572376
14984,48184,0.7889584833383129
14984,82494L,0.7028642879618986
14984,23132,0.6875473568968228
14984,21080,0.6850969605507192
14984,22457,0.6612751518134601
14984,23395,0.649211108347019
14984,21086,0.640134438308028
14984,21094,0.6356227538548502
14987,21733,0.9107215499197265
14987,85123A,0.9103250249594226
14987,22578,0.21989434192773635
14987,72741,0.21401676620073673
14987,22197,0.21357102838085085
14987,23356,0.20949473350640735
14987,21340,0.1998329952136856
14987,23393,0.18923552660091456
14987,22577,0.1801060660497528
14987,22423,0.16511059878395454
15005,23301,0.987446929365353
15005,22197,0.9834092819769533
15005,23204,0.9830612351243214
15005,20723,0.9828759975523872
15005,23300,0.9825719629841629
15005,22355,0.9823069352042061
15005,22661,0.9820402518553787
15005,22142,0.981116320350659
15005,21231,0.979842907129506
15005,23208,0.9795724948268766
15021,21733,0.9925767223511875
15021,23321,0.9909053133137625
15021,82494L,0.9826390404142595
15021,22766,0.9819511740602557
15021,82483,0.9801774225575934
15021,23332,0.9734580059712887
15021,20727,0.9716993171263757
15021,82486,0.9713543039359058
15021,23322,0.9698443269947432
15021,22111,0.9661586481919167
15022,22111,0.988097105449544
15022,22114,0.9815450882936201
15022,22112,0.9798994460019056
15022,22113,0.9733954480122096
15022,23322,0.9684389476985863
15022,21485,0.9665410716474899
15022,84029G,0.9645362455425985
15022,23321,0.9645309608444147
15022,21481,0.9624295677162348
15022,21484,0.9623311413381197
15023,20685,0.99671051741751
15023,48138,0.986034994727866
15023,23284,0.984457001396321
15023,48194,0.9796925632767678
15023,22692,0.9788087810762314
15023,23300,0.9752757407322107
15023,23301,0.9752100693417005
15023,23254,0.9728256605174802
15023,48129,0.9662320159015123
15023,21754,0.964879916626974
15024,22083,0.9849976959165413
15024,22910,0.9832028007274352
15024,22086,0.9726434043345885
15024,22555,0.9684199395945563
15024,84879,0.9634780872824259
15024,22082,0.9497093520293763
15024,22551,0.9444814504221554
15024,22078,0.9422384403560699
15024,22158,0.9322675744460411
15024,23215,0.9190098006656376
15028,22633,0.9026741573830691
15028,22900,0.8806827078596007
15028,21866,0.8637486553230654
15028,21891,0.8570568836376334
15028,22091,0.7850367249978797
15028,23284,0.7691084810295215
15028,22616,0.7420449170638319
15028,23503,0.707777732809669
15028,22621,0.6929337539417485
15028,22750,0.6258949350504424
15031,22698,0.9843704797508194
15031,22697,0.9819146010472712
15031,22551,0.9676546338167109
15031,22554,0.9643389276048421
15031,23240,0.9542643618511776
15031,22666,0.9541451137634518
15031,23245,0.9497110542248927
15031,22699,0.9473904416493044
15031,22556,0.9444209952513661
15031,23242,0.938190651392095
15033,22620,0.9985384466576965
15033,21891,0.992970801227685
15033,23197,0.9926590449375131
15033,22367,0.9922138932029974
15033,23300,0.9918060501834614
15033,47591D,0.9917424692996109
15033,22208,0.9907938227096509
15033,23198,0.9892897066611166
15033,21718,0.9887493992875565
15033,22899,0.988639817655766
15034,22727,0.9894060684678736
15034,22726,0.9875670617450675
15034,21733,0.9852266913627138
15034,22730,0.9843512731834078
15034,23344,0.9804884320477576
15034,22728,0.9780540038168476
15034,23332,0.975128457784648
15034,22630,0.9739048656116146
15034,22766,0.9732064210798032
15034,22326,0.9700763472695828
15039,21428,0.9948871714115325
15039,71053,0.9905992360258526
15039,22384,0.9890210783801876
15039,20727,0.9881413538657338
15039,47599B,0.9880390809415618
15039,23209,0.988005690476842
15039,22382,0.9870301728027642
15039,23321,0.9867594433884768
15039,21430,0.9866842814282795
15039,20679,0.9849627712920151
15044,82484,0.9972799942261342
15044,22633,0.9941040843182394
15044,82494L,0.9935005244086875
15044,22866,0.9926660104547463
15044,82482,0.9920595688085776
15044,82483,0.9919031396045742
15044,22113,0.9913981488296554
15044,22835,0.9910069927455927
15044,22423,0.9902256992481542
15044,82486,0.9884734549118945
15046,84879,0.9814510978935105
15046,23131,0.9381457564210433
15046,23103,0.9319109201993664
15046,22158,0.9272891143635569
15046,23322,0.9249239482374607
15046,21390,0.9210366384606421
15046,23210,0.9110645196799957
15046,22082,0.9045726548658667
15046,21034,0.9044404140516836
15046,21811,0.8914546705830253
15050,84879,0.9100121191314868
15050,23328,0.8846624792938227
15050,85123A,0.8524857747682173
15050,22111,0.8362337490745517
15050,22113,0.829330636350609
15050,22189,0.8178729457894256
15050,22457,0.8139313571858091
15050,21485,0.8094871849579076
15050,22909,0.8090904921352492
15050,23321,0.8086663856099746
15051,23355,0.9735346972444935
15051,22113,0.9530539544397866
15051,23321,0.9179550400813703
15051,22632,0.9142684674974957
15051,23322,0.9046471640833825
15051,23503,0.8974032191853049
15051,23292,0.8889598139673539
15051,22909,0.8794601201936338
15051,22138,0.8582944638951434
15051,21790,0.8500245044895428
15053,20981,0.957198147607505
15053,20982,0.9477341333923505
15053,22992,0.9176259108993194
15053,22610,0.8992394730110805
15053,23354,0.8659010241937669
15053,23353,0.8615204051307408
15053,21034,0.8295545663448498
15053,22746,0.8219977099263829
15053,23318,0.8140716949501474
15053,23077,0.8129296927867035
15054,22810,0.9350013133732987
15054,22809,0.923116489102257
15054,84347,0.8997838460515953
15054,23319,0.8963131025999231
15054,22633,0.868034429149729
15054,23157,0.8616730245202816
15054,22866,0.8554770510088742
15054,23439,0.8501455882745117
15054,23083,0.8443637236963754
15054,22867,0.8359484623538975
15058,22141,0.9789932154814835
15058,22144,0.9667980121077226
15058,15056N,0.9611586410164377
15058,22142,0.959541179648801
15058,15056BL,0.9488269589502121
15058,22149,0.938667805177321
15058,22356,0.9386329749858587
15058,20723,0.9328678873170017
15058,22488,0.9322471097599035
15058,23240,0.926016131937583
15061,22630,1.0
15061,22328,0.9995293981365176
15061,22629,0.9991950007410408
15061,48187,0.9988806971619776
15061,20719,0.9972510853432197
15061,21498,0.9971256482810053
15061,20685,0.9970377568137887
15061,22558,0.9963712554817499
15061,22659,0.995596445206174
15061,71459,0.9942216537148143
15073,79321,0.8251089506604621
15073,85014B,0.7679449016901736
15073,23298,0.7021558574275333
15073,23313,0.7012289749807433
15073,23108,0.686732533059363
15073,21770,0.6849979662214255
15073,47566,0.6811990691044305
15073,85014A,0.6597425834136367
15073,84946,0.6511974780583204
15073,22720,0.6365243991107657
15078,23201,1.0
15078,21931,0.9997470941275926
15078,23203,0.9997441110988382
15078,20711,0.9995285886549766
15078,22379,0.9991884464373034
15078,23202,0.9991754297133938
15078,85152,0.9990708145969255
15078,22386,0.9984581600076406
15078,21929,0.9982178300396358
15078,85099F,0.9978651614989307
15081,85123A,0.9396499262865649
15081,84970S,0.7703544956112572
15081,23321,0.6886776054485122
15081,85048,0.5869677094011019
15081,84970L,0.537201654714124
15081,84347,0.5290082296114681
15081,23323,0.5009831015315566
15081,23144,0.49787481645327575
15081,22487,0.4900553536264716
15081,23112,0.447753067432464
15088,22113,0.9278009579659677
15088,22114,0.9009680445606101
15088,22557,0.84414206997721
15088,21754,0.8175947697508237
15088,48187,0.8162507639006745
15088,22910,0.8139568125873041
15088,22189,0.8103482266948693
15088,23245,0.8019872840508323
15088,22197,0.8018151051421957
15088,20685,0.79966843942837
15089,22916,0.9349408695491286
15089,22918,0.9271526109038174
15089,22917,0.9046758521842656
15089,22919,0.89138696750071
15089,22835,0.8885736458569926
15089,22138,0.8588148403297282
15089,22624,0.8550166755655211
15089,22139,0.8502970000540806
15089,23245,0.8408562397931029
15089,22625,0.827779265621663
15093,22682,0.9344239503565743
15093,20685,0.9330252639460976
15093,21754,0.929574033365048
15093,22681,0.9224696473869087
15093,84879,0.9220992187173094
15093,21175,0.9011364468236798
15093,22680,0.8984805571289018
15093,21524,0.8851116260981599
15093,48138,0.8631908865265803
15093,84077,0.8528773964828816
15101,84949,0.595224928990553
15101,15056N,0.5812797501046293
15101,21326,0.5801312223831849
15101,22792,0.5297152460579121
15101,21463,0.4813598238503282
15101,22151,0.44671232650380865
15101,22423,0.3843858370661623
15101,22791,0.37495807183062024
15101,22578,0.3659839879108944
15101,22379,0.33518202777155715
15105,22568,0.9256864969423652
15105,22750,0.8811061167326462
15105,22749,0.8396309546811247
15105,22940,0.8216046013765909
15105,23108,0.8197654276303726
15105,22722,0.8148507103715609
15105,22910,0.8130501129734865
15105,23396,0.8078660181428637
15105,22961,0.8025843611320783
15105,22720,0.7975088292344961
15106,22577,0.9302299733360869
15106,22909,0.9145130943915456
15106,23311,0.8894010737285085
15106,22138,0.8655341835965256
15106,22578,0.8596973052416528
15106,85048,0.8345406363910596
15106,21733,0.8342195686762387
15106,22620,0.8233555042309635
15106,21791,0.7920302308431024
15106,22114,0.7901123808068653
15110,22726,0.9346155298615586
15110,22727,0.9143575167259709
15110,22193,0.9050699886724028
15110,22192,0.9046348498209841
15110,22114,0.867369155355417
15110,22197,0.8132621470610064
15110,84078A,0.7950912588721242
15110,22725,0.7908132477463515
15110,22943,0.6980917597141651
15110,22360,0.6914883519632182
15113,22551,0.9641486502821754
15113,22555,0.9521884930301405
15113,21733,0.940130940774057
15113,22961,0.9358998157908659
15113,21790,0.926620984514121
15113,22960,0.9226514007674624
15113,22457,0.9181371400760412
15113,21977,0.9161148969246051
15113,85123A,0.9157337432010434
15113,21914,0.9085412699472009
15116,21535,0.9501051609963577
15116,21531,0.9471259339831593
15116,84997B,0.917326943946684
15116,23162,0.8890408796109911
15116,22138,0.85645775430072
15116,22952,0.8445061611630698
15116,23243,0.8163903912658115
15116,23298,0.8074276479955321
15116,22139,0.7997998276665247
15116,22203,0.7623083967642618
15117,20725,0.9080283200448381
15117,85099B,0.8937817596345081
15117,23209,0.8509109700121696
15117,22113,0.8502814078855331
15117,22750,0.8348742328948577
15117,22150,0.8220335160113073
15117,23203,0.789375488952366
15117,23208,0.7663162969923528
15117,22865,0.7546184107781584
15117,22086,0.727160023236304
15123,22326,0.9345133623503998
15123,84879,0.9303459029775976
15123,22727,0.9269517636120904
15123,22423,0.9155028344614593
15123,21754,0.9090129490121821
15123,22300,0.9078391619075298
15123,22349,0.88542652545936
15123,23029,0.8820137387749687
15123,22301,0.87996790437703
15123,22636,0.8765931128688601
15124,22577,0.7768108024870077
15124,22578,0.748115626850772
15124,22595,0.6642609513000433
15124,22961,0.6294188512107778
15124,23397,0.5361807262603788
15124,22909,0.44563099654749405
15124,84997A,0.4358120164421533
15124,22921,0.36173993926419923
15124,22918,0.36043211381977647
15124,22920,0.35395934775948507
15125,23203,0.8752679319464085
15125,23108,0.7479490781489271
15125,20718,0.6956158267625675
15125,22846,0.6458430471511125
15125,85099B,0.631970795402085
15125,22561,0.6239129986263742
15125,22423,0.6220787175006622
15125,23199,0.6128349605407098
15125,21524,0.6002256812848468
15125,23202,0.5957378381381532
15132,22910,0.8966098671485355
15132,22865,0.8709153612300311
15132,22138,0.8601929859734395
15132,22866,0.8370853014778775
15132,21485,0.8350362252256569
15132,22113,0.8293358948861183
15132,21791,0.8262586514589775
15132,22111,0.8149978692488353
15132,20728,0.8009307379550643
15132,22090,0.7748383775560037
15134,85123A,0.9651678152936951
15134,71477,0.9591033253953509
15134,22139,0.940518323797941
15134,71459,0.9075704157057629
15134,22493,0.9029642038847921
15134,22759,0.893818233229981
15134,23082,0.8930584986778327
15134,21704,0.890262879475907
15134,23177,0.8783727292925884
15134,22619,0.8775010248045276
15136,23344,0.9436568650129605
15136,22557,0.9370930898766746
15136,20725,0.9149708267910593
15136,23300,0.9118695755560401
15136,85099B,0.9109694215677916
15136,22086,0.907663279208733
15136,22666,0.8875739937728956
15136,22551,0.8750859737331818
15136,22139,0.8746301083958127
15136,22759,0.8733136990913244
15144,22726,0.998307142459195
15144,23199,0.9964435966852676
15144,22112,0.9919831306289632
15144,23202,0.9888468067565778
15144,22727,0.9872201610307195
15144,22835,0.9861234987774034
15144,23201,0.9839906049375158
15144,23200,0.9835099127843475
15144,23344,0.9834168355186995
15144,85099B,0.9833911940161429
15145,22193,0.8475795275692264
15145,22910,0.7733598730529404
15145,22759,0.7588314532959302
15145,21844,0.7292093153954571
15145,22568,0.726821699265321
15145,22633,0.719093857184829
15145,84946,0.7176554327173422
15145,20983,0.7091494101293297
15145,21889,0.6958548960684044
15145,21843,0.6951290603943002
15150,22910,0.9833722037566751
15150,22086,0.9742368176436219
15150,23319,0.946119210218815
15150,82484,0.9458299269317054
15150,23108,0.9362202778705885
15150,35970,0.9297305030971861
15150,22619,0.9287320010037127
15150,23353,0.9285080877898798
15150,22722,0.9211964027958318
15150,23313,0.9146205991005338
15152,84946,0.9688573622999873
15152,22966,0.9686289045569695
15152,22573,0.9666222289034248
15152,23202,0.9632273411075403
15152,22574,0.9621269566464807
15152,22909,0.9536739323988594
15152,85199S,0.9504893634000301
15152,23201,0.9464599082703605
15152,22086,0.9444056944650225
15152,23343,0.9438022156481258
15156,22916,0.9249898639620661
15156,22918,0.9076508919479346
15156,22917,0.9070977591443928
15156,22919,0.8733029207019329
15156,21791,0.850260551115742
15156,22920,0.8064019270497714
15156,21891,0.7873759187662944
15156,22561,0.7814485573436896
15156,22921,0.7743507839234277
15156,22605,0.7312776734317324
15157,22799,0.7531960048231122
15157,22119,0.7478535614648169
15157,22500,0.7226064220686957
15157,22215,0.7169545370620519
15157,22807,0.686901732280461
15157,22596,0.657292104496796
15157,22915,0.6493106784838416
15157,22185,0.6478734698396211
15157,23020,0.6466398077108604
15157,23320,0.642122420934962
15159,22697,0.9979933700190836
15159,23208,0.9974456789732371
15159,23209,0.9969808248560734
15159,23207,0.9961178096853847
15159,22699,0.9956905380402452
15159,21137,0.9955786821577711
15159,22727,0.9953803970041744
15159,23298,0.9952864876663199
15159,22382,0.9946991586050395
15159,20726,0.9946574766072888
15163,22734,0.7631305890439544
15163,23313,0.7179304404851073
15163,23320,0.7157803612584442
15163,47566,0.6978652142939813
15163,22469,0.6865697036323885
15163,21790,0.6825153329729342
15163,22941,0.6737830054407483
15163,21791,0.6498059033698841
15163,22910,0.6145473940419865
15163,22491,0.613848070850677
15172,23209,0.9290416290148978
15172,22728,0.9056864666083911
15172,20727,0.8910163558191537
15172,23203,0.8876555989928352
15172,22727,0.855710111867618
15172,22726,0.8554791013741206
15172,20728,0.8479918796029513
15172,22139,0.8316276864953194
15172,22578,0.8123486453423342
15172,22619,0.8098791214286033
15179,23351,0.8827212293076981
15179,23349,0.8605459166689783
15179,23350,0.8319910702295391
15179,47590B,0.8102434189501713
15179,23203,0.7956961181604619
15179,85099B,0.7913908062490663
15179,84212,0.7876006792650969
15179,23321,0.7798275460317844
15179,22457,0.7740570587648566
15179,85048,0.7722109650472386
15186,22079,0.854679007041207
15186,22082,0.8348208162736276
15186,22297,0.6825158322164315
15186,84029E,0.6592790846823349
15186,21485,0.6520034821649298
15186,85066,0.6268394688992626
15186,22173,0.6247908069906567
15186,21390,0.6204229412100113
15186,82484,0.6193590138402515
15186,22456,0.6173261994453736
15187,23109,0.960476083957487
15187,22622,0.9519934744096871
15187,22630,0.9448930879983369
15187,23312,0.9422090608216901
15187,21929,0.9414447578201359
15187,23080,0.9357197165042317
15187,84945,0.9248578289202997
15187,23201,0.9142572638296119
15187,23081,0.9051866542286152
15187,22992,0.9045772819511267
15189,22699,0.9969032529210253
15189,22697,0.9949429202539193
15189,22698,0.9925711326717184
15189,22139,0.9925323308618901
15189,84978,0.9890797984404207
15189,84946,0.9889251946304092
15189,47566,0.9782060936075715
15189,22457,0.9768792470122287
15189,85053,0.9751058394028538
15189,71459,0.9747738161794147
15194,22156,0.93200515025344
15194,84978,0.9129364024351629
15194,22386,0.9077280123481621
15194,22749,0.8902408664922742
15194,84879,0.880342281245417
15194,22423,0.8675172537984405
15194,20972,0.849814411738719
15194,22722,0.8447488804513313
15194,23355,0.8379354351632566
15194,22169,0.837737549686879
15197,22178,0.8230918028121378
15197,84347,0.8201609489462142
15197,21498,0.774951814751289
15197,84945,0.7015069174061821
15197,84879,0.6976893597562384
15197,84946,0.6934406402267492
15197,21136,0.6679867486035997
15197,22174,0.6589751767947865
15197,21499,0.6468137090252568
15197,84947,0.6378085866430037
15203,23204,0.984900070514916
15203,22356,0.9843812062236927
15203,23208,0.9748493692117383
15203,20719,0.9699849402112636
15203,20725,0.9690333832508645
15203,23203,0.967753081782745
15203,22355,0.9602698370502477
15203,22983,0.9585669634641366
15203,22661,0.9584490623659576
15203,23209,0.9557644335483281
15206,22697,0.957445060981744
15206,22698,0.9525241413265034
15206,22699,0.9468092418628851
15206,23503,0.1454769419235728
15206,35970,0.1327813202108074
15206,21034,0.1065409326209653
15206,72741,0.10341939939144358
15206,22469,0.09697029941374406
15206,84879,0.09438367608269006
15206,22776,0.08643140691417257
15208,23080,0.9620024364304773
15208,21535,0.9558505789896742
15208,21533,0.9303657364057217
15208,22619,0.9214861560078283
15208,21217,0.9120432947979771
15208,22193,0.9004751207337666
15208,22625,0.8967096135814568
15208,22086,0.8569460770777706
15208,22138,0.8438265309910706
15208,22626,0.8431700200199167
15214,23311,0.8038825020161148
15214,22596,0.7993646396972309
15214,84879,0.7816991140369771
15214,23247,0.7759469721778484
15214,22866,0.7743568356483456
15214,23234,0.7733359812406672
15214,22909,0.7673782122929179
15214,23318,0.7635558459618412
15214,22734,0.7628399282728002
15214,22816,0.7624464609872436
15218,21930,0.9904423468441921
15218,85123A,0.9834651516111175
15218,85099C,0.9823705505592086
15218,85099B,0.9822591982377246
15218,23203,0.9801873063010298
15218,23298,0.9795463755682243
15218,22379,0.9791554690084607
15218,23301,0.9790414299711538
15218,23200,0.9684151990241628
15218,20685,0.965197022623236
15237,84879,0.9205959771417914
15237,23206,0.8901557869656006
15237,22964,0.8847988756337251
15237,23240,0.825371989541587
15237,23293,0.820456963419626
15237,22744,0.817401655247262
15237,20981,0.8011148771986004
15237,22749,0.7944724070404419
15237,22457,0.7675731553131094
15237,22750,0.7671900757906848
15239,82494L,0.9322373745242252
15239,82482,0.8836796098852492
15239,22960,0.8751414897898646
15239,22144,0.8706986384083577
15239,22138,0.8633385752742667
15239,23493,0.84578587686158
15239,23319,0.8384023236273287
15239,22621,0.7854379139460955
15239,23343,0.7613615411897969
15239,22759,0.7592318898057203
15251,22457,0.8076471396166454
15251,22952,0.7087883168584168
15251,23209,0.7022367806494388
15251,23191,0.6771046099620744
15251,23245,0.6653501252694188
15251,22699,0.6633044877541265
15251,22720,0.6593408027811137
15251,22191,0.6589213583208172
15251,22993,0.653353455259452
15251,22846,0.64944336377987
15253,22077,0.8693008593621075
15253,22578,0.863157178240762
15253,22577,0.8548977012534938
15253,23298,0.8171961042791609
15253,85123A,0.8090026721943605
15253,84997D,0.8030092387165927
15253,22554,0.7977195896949351
15253,35970,0.769835387907182
15253,20972,0.7634653685582011
15253,22593,0.7387046640784646
15267,22144,0.7057581096897072
15267,84347,0.617074482487621
15267,23194,0.5124031405902895
15267,22311,0.42170975163984087
15267,22138,0.36625336613878473
15267,85123A,0.13377970324836844
15267,21108,0.12257259092471616
15267,22734,0.11743914460843248
15267,21034,0.11646649230524898
15267,23268,0.1160477119439529
15270,75049L,0.8851368275853492
15270,22156,0.8453240222405168
15270,85123A,0.7711677779460019
15270,22457,0.7062040995138663
15270,20725,0.6469600834799567
15270,22822,0.6273286338499755
15270,22189,0.6071185068230308
15270,22158,0.6059516931155616
15270,20724,0.5563090335418256
15270,22624,0.5044126290102866
15271,22554,0.985776851570527
15271,22865,0.9854177331060646
15271,22909,0.9682485807084074
15271,85123A,0.9667304897951664
15271,23300,0.9627623141455834
15271,22730,0.9616345819307132
15271,22114,0.9586026657489458
15271,22722,0.9540949081235969
15271,22619,0.951601445877698
15271,22726,0.9473459912822246
15287,85014A,0.9201114349622899
15287,85014B,0.8777635746020875
15287,21479,0.7818594782113648
15287,20727,0.7696063081866878
15287,23002,0.722334939156504
15287,22650,0.5893339444282133
15287,21495,0.5673364722056505
15287,22553,0.5671693921706137
15287,22994,0.5626063136007431
15287,21504,0.5471064745029547
15290,22699,0.991400854171514
15290,22568,0.9826595757988296
15290,22077,0.9793838477065127
15290,22302,0.9770150358837564
15290,22423,0.9730648902124922
15290,22303,0.9728683718192201
15290,21080,0.9724532954599131
15290,20749,0.9639478698220103
15290,21888,0.9634971343636213
15290,21704,0.9579554274863401
15291,21754,0.9608648289162632
15291,82486,0.9505917670877477
15291,84406B,0.9338971803396277
15291,48188,0.933686809327929
15291,22579,0.9085374749581018
15291,22219,0.9081090936702142
15291,21756,0.9039257248658159
15291,22578,0.8997265128162134
15291,21755,0.8994426659782779
15291,22577,0.899052178387673
15297,23012,0.9290153332796683
15297,23013,0.929007428179864
15297,23014,0.9176519501320447
15297,22362,0.8613325214824143
15297,22361,0.8604850277014047
15297,21790,0.8406637861891889
15297,23229,0.6972384002521028
15297,84879,0.6892460713211902
15297,23154,0.6829728982400124
15297,72741,0.6797083087080699
15298,79321,0.9952466434322154
15298,23344,0.9800094183381735
15298,23202,0.977094065778167
15298,20914,0.9761881382544718
15298,22661,0.9760035723933036
15298,22779,0.9688980059158799
15298,22966,0.9654892650818577
15298,23355,0.9625123891675129
15298,20723,0.9581918300691541
15298,23201,0.9574252847527841
15311,22678,0.9990560607836898
15311,84997A,0.9969942503334214
15311,21989,0.996908075288852
15311,22683,0.9968904294136134
15311,21439,0.9967076479365101
15311,21928,0.9965886903086928
15311,22758,0.9961997614786702
15311,85099F,0.9958473039556217
15311,22677,0.9957763035679417
15311,21899,0.9956538318382965
15344,82486,0.9611591812368444
15344,85066,0.9409570921482472
15344,23426,0.800363483104919
15344,48194,0.7572999348164086
15344,21754,0.7439814997913325
15344,22624,0.7408771498370262
15344,23245,0.7300758929272265
15344,23243,0.7210514702429829
15344,22698,0.6766858496357429
15344,22697,0.6608049751389216
15351,23084,0.9805429494668931
15351,22662,0.9722049048049906
15351,23126,0.966418517708286
15351,20970,0.9640526715506141
15351,23080,0.9631358864125324
15351,23332,0.9580836972324702
15351,22382,0.9573908575998119
15351,84997D,0.957029945351712
15351,23323,0.955607632094681
15351,23199,0.9549355088973186
15358,23295,0.996629567545358
15358,22077,0.992246339743906
15358,22082,0.9917826594724041
15358,85049E,0.9910271965831142
15358,23294,0.990945438924655
15358,23293,0.9901425899064926
15358,20972,0.9882234100092891
15358,22962,0.9856070809868666
15358,84380,0.9838401490642102
15358,22745,0.9803215633086197
15365,23351,0.9663227880959382
15365,23350,0.9463339510111258
15365,22144,0.940923074625666
15365,23319,0.935847231071365
15365,85049A,0.911198364133862
15365,23320,0.9106965694410928
15365,23374,0.8926316197122179
15365,23354,0.8904840330626002
15365,22141,0.8904344282232264
15365,84879,0.8694036889583577
15373,22698,0.9788531936328255
15373,22835,0.9760348898602319
15373,22191,0.9757714130172711
15373,22113,0.9723204381144528
15373,22699,0.9700488126676888
15373,22072,0.9694915640633125
15373,22179,0.966920880082071
15373,22192,0.9646630251877442
15373,82484,0.9578227134329493
15373,21843,0.9553075928549365
15380,22193,0.967377880442008
15380,22727,0.9460968112803299
15380,22726,0.9359263864298254
15380,22728,0.9332333699598981
15380,23316,0.9112867384562433
15380,23341,0.9073573240134571
15380,22191,0.8893532397016454
15380,22192,0.8856079639345961
15380,23342,0.8792185946278342
15380,22730,0.840838577233812
15382,20914,0.9834561560060733
15382,22630,0.9812616623543675
15382,23209,0.9779026526136236
15382,79321,0.9730326238704674
15382,23205,0.9660889364189609
15382,22467,0.9647932804246157
15382,23207,0.9643947421007776
15382,20726,0.9643405831231684
15382,22992,0.9632737046270845
15382,20719,0.9583749735522876
15392,84347,0.7962875247346273
15392,22909,0.7913075818552201
15392,85199S,0.784009231137402
15392,22587,0.7557326160100688
15392,22303,0.6955336377569319
15392,22302,0.6897111062144173
15392,22557,0.6807938429554709
15392,22633,0.6583120122594406
15392,22149,0.650032423557498
15392,85071B,0.6444189446283047
15393,72351B,0.8644625951537298
15393,72351A,0.7987945417712358
15393,72349B,0.7358187517237722
15393,84879,0.5997675526265409
15393,21314,0.5571221567621131
15393,22423,0.42731840839857443
15393,85123A,0.3604827302266809
15393,84945,0.34551481947654056
15393,47566,0.33067719149855357
15393,84755,0.30218162948095945
15394,23199,0.9784503065500568
15394,21929,0.9747986535989329
15394,23202,0.9723202773508258
15394,85099C,0.9598545969577824
15394,23203,0.9521008626863424
15394,85099F,0.9463771346790412
15394,22699,0.9443182865540896
15394,22663,0.9389493562398341
15394,21928,0.9298389793369154
15394,22630,0.920242548397275
15398,23240,0.9696168767941515
15398,23355,0.9675243035856503
15398,22720,0.9668672228191152
15398,20728,0.9668412040858205
15398,22666,0.9566067569782971
15398,22910,0.9533266217606596
15398,23298,0.9511021695713459
15398,22960,0.942205606662287
15398,22554,0.9367885537195954
15398,84879,0.9330117047055315
15399,22910,0.93533471403911
15399,23206,0.8808995954435962
15399,22086,0.8760194297745458
15399,20726,0.8660967976979479
15399,23301,0.838784466792592
15399,23245,0.8349834410783604
15399,22722,0.8206027520480574
15399,23207,0.8118464226066819
15399,21791,0.7938900666474372
15399,21175,0.7207111403128869
15411,21754,0.9477777568218025
15411,22457,0.9214096010417889
15411,85099C,0.9096091729513779
15411,22508,0.9045882589540952
15411,22910,0.9025193705012504
15411,22669,0.8975302624610957
15411,21523,0.8972313769886953
15411,21755,0.8970608834658997
15411,20685,0.8955530050832728
15411,22411,0.8927408888277828
15414,22274,0.8566272532628815
15414,23084,0.8446154940846671
15414,23080,0.8180715480048532
15414,20971,0.753309360074969
15414,22271,0.6958753886084598
15414,21756,0.6824291957036592
15414,21703,0.6593648055463979
15414,22301,0.659309732823934
15414,22326,0.6569158321795306
15414,22661,0.6512638743674182
15426,23393,0.9680951587320346
15426,21158,0.9644295602809397
15426,23396,0.9529479093387071
15426,23321,0.9490725027596488
15426,23395,0.948644623009951
15426,22639,0.9458062782680308
15426,21162,0.9415230336687513
15426,22402,0.9410569393106636
15426,23399,0.9389175832886161
15426,22577,0.9373529354817951
15429,20972,0.8644060759285211
15429,20971,0.8559535000481489
15429,22086,0.8480758018374889
15429,22577,0.8353493490085917
15429,22621,0.8303184124369392
15429,22993,0.8085534148311752
15429,22578,0.8058191043952978
15429,21754,0.803041829164105
15429,47590B,0.7842372394457712
15429,23298,0.7826959237472366
15434,23355,0.9929908125355098
15434,22835,0.9893597978112338
15434,22112,0.9849102505973722
15434,22111,0.980711215303143
15434,22113,0.9757895559657362
15434,21479,0.9752865088351337
15434,84029G,0.9713673603109172
15434,22866,0.9469170126781429
15434,22114,0.9390020093998674
15434,22865,0.9383467277078269
15436,22722,0.9651331841841304
15436,22865,0.9649666961737131
15436,22727,0.9612216283446519
15436,22866,0.9603096586355954
15436,22554,0.9492947002468505
15436,22666,0.9488265136543375
15436,23344,0.9460372759861173
15436,23330,0.9455562360894297
15436,22555,0.9446835266606343
15436,22867,0.9424668546073782
15443,23301,0.9909433920416313
15443,23355,0.9898674682761953
15443,22730,0.9892877301844544
15443,23351,0.9887943731870358
15443,22835,0.9882516336220125
15443,23318,0.9878472080733413
15443,23319,0.9875943495707133
15443,82583,0.9865310551814304
15443,23300,0.986196355023203
15443,22909,0.9838654945656291
15444,22722,0.9835353248032539
15444,82494L,0.9814910357738164
15444,21993,0.9775830907663287
15444,22274,0.9748229588097077
15444,82482,0.9738918201721493
15444,23035,0.9663174455701293
15444,21328,0.9655840219660462
15444,23084,0.9544501113876452
15444,23245,0.9486310491752289
15444,23147,0.9435209459662591
15449,22139,0.9077849459063335
15449,21889,0.8737182218311007
15449,22867,0.8547509482329027
15449,22138,0.8526078313261726
15449,84375,0.837472176357281
15449,22759,0.8241134734847623
15449,22865,0.815705558543734
15449,22866,0.8058666547301692
15449,22578,0.8024002918244694
15449,21559,0.7994052185350206
15453,23301,0.9923329272479869
15453,82494L,0.9922138218329678
15453,82482,0.991499701541356
15453,22766,0.9842781216412169
15453,84836,0.9831804357689483
15453,23300,0.9802501974992229
15453,23321,0.9800678750393162
15453,22457,0.9768224915461435
15453,22507,0.9664835851825417
15453,22865,0.9591639566238646
15465,21523,0.9815132347894532
15465,21430,0.9795296940987833
15465,48185,0.9740734742735931
15465,21524,0.9646480261276974
15465,22423,0.9556316873544324
15465,21754,0.9523595544294792
15465,22507,0.9461483219995873
15465,21756,0.9423664843101436
15465,22666,0.9345564279533214
15465,21623,0.9329462044376371
15467,23212,0.9655697264669004
15467,22594,0.9573822946314544
15467,22593,0.9323625528020208
15467,22178,0.9054098202423562
15467,23213,0.9042775327906137
15467,22792,0.8983468641556027
15467,23103,0.8952513561356269
15467,22595,0.8425235905079195
15467,22152,0.8139512558436759
15467,21121,0.7991403866480244
15473,22910,0.9155220293683554
15473,22086,0.8641916539107213
15473,22158,0.6142942508998082
15473,23131,0.5115300398720063
15473,21108,0.1523570889691452
15473,85099B,0.1296663181897398
15473,22423,0.12810780925455684
15473,84879,0.11764677659571417
15473,22734,0.11322574652306029
15473,21212,0.11205721179542501
15482,22173,0.9521869398376399
15482,22423,0.9470131302376804
15482,22114,0.9443430823342593
15482,82482,0.939666367213495
15482,82494L,0.9286581952938265
15482,82483,0.9071319027662056
15482,46000M,0.8787083814458754
15482,85123A,0.87016657136942
15482,23355,0.8618846646752274
15482,21843,0.8469195874254835
15484,22970,0.9829164729658133
15484,22971,0.9796238996237873
15484,79321,0.9572703811258325
15484,22411,0.9543210817776873
15484,23238,0.9542950404323869
15484,22436,0.9501742515558095
15484,22531,0.9450295269078731
15484,22437,0.9418436552788281
15484,22988,0.9357950909774797
15484,20727,0.9355729196261442
15489,23251,0.8710035989925666
15489,23252,0.820195057205717
15489,23250,0.7917259021158881
15489,21889,0.7779684907477014
15489,22561,0.6776373251399186
15489,22361,0.6731522887708079
15489,22744,0.6676395264985213
15489,22734,0.6587906382775184
15489,35970,0.6448255621404093
15489,22738,0.642501818193013
15492,22992,0.8936429441612561
15492,22560,0.8392170215408713
15492,23188,0.8067298745501805
15492,22561,0.7851581180773064
15492,22734,0.743824429474585
15492,23318,0.725281964137934
15492,22191,0.7007221457923495
15492,84077,0.6839029538146943
15492,21915,0.5939919671104742
15492,21914,0.5701943527495936
15494,22734,0.89055567887059
15494,22910,0.8633553518948164
15494,23108,0.860113441729026
15494,23313,0.8562901538805382
15494,21889,0.8222337873491977
15494,22941,0.8199259177122209
15494,22909,0.8169955065649522
15494,23344,0.8167412943312193
15494,22767,0.8123220799417273
15494,23355,0.8087015277725037
15497,82483,0.889306742633587
15497,82486,0.8814899327744526
15497,22423,0.6762767292098596
15497,82482,0.6518740763890445
15497,82494L,0.6112373437259954
15497,84879,0.5789068984485617
15497,85038,0.5205773265618787
15497,72741,0.4818047457890669
15497,37450,0.2137372254139409
15497,21730,0.16499339831483958
15498,23284,0.991549848995469
15498,48194,0.9814150209724164
15498,22457,0.9798719107392465
15498,21524,0.968271899273875
15498,20963,0.9663093293110726
15498,48173C,0.9615002861726265
15498,21479,0.956746663269054
15498,48185,0.9555844567691436
15498,22423,0.9493221206048297
15498,85099B,0.9483563347963665
15500,23351,0.8382711503153225
15500,23349,0.8358088434657146
15500,23367,0.8235240748765652
15500,22800,0.8118405292434411
15500,23350,0.7967161566895247
15500,22571,0.7892998233127342
15500,22423,0.7862575717252575
15500,22900,0.780174734153941
15500,21523,0.7775412416590457
15500,22637,0.7708088662827547
15502,22698,0.9774369848799093
15502,23301,0.972032914674335
15502,23300,0.9649143569558064
15502,22197,0.9525656858094931
15502,22699,0.9421166642189616
15502,22697,0.9418131895057601
15502,22867,0.932273018242936
15502,23245,0.9300638382546136
15502,23175,0.9292097595307279
15502,23162,0.9256534637990139
15506,22384,0.9946141633412428
15506,20727,0.9915567721618406
15506,20728,0.982452727572268
15506,22382,0.981208397155721
15506,23206,0.9798127571418708
15506,22383,0.9794707217615418
15506,23208,0.977488430214728
15506,23207,0.9748670647485881
15506,21175,0.9588125555752669
15506,21902,0.9534823901733591
15511,22423,0.9587610985817143
15511,82484,0.9488247053528706
15511,48184,0.9383423507781113
15511,22470,0.9350648265361438
15511,23245,0.9210793153100141
15511,48187,0.9174649805867389
15511,20685,0.9099776849369385
15511,21733,0.9050729655238636
15511,22138,0.9040536222246741
15511,22766,0.8955039998315664
15514,22970,0.9871231522301923
15514,22726,0.9831083148581824
15514,22727,0.9825912842914089
15514,22971,0.9664954736147685
15514,22976,0.9662933805354322
15514,22728,0.9639838739225959
15514,22725,0.9602026691408543
15514,22988,0.9582136386517494
15514,22730,0.9536122822053422
15514,22943,0.9524686071054723
15525,22972,0.9560426850746501
15525,21993,0.9457043535329547
15525,21974,0.9418927377047398
15525,84378,0.9411961206881464
15525,23198,0.9340373889157453
15525,21452,0.9325613966561553
15525,22621,0.930104119628687
15525,22549,0.9277410899720006
15525,22966,0.9240090554250403
15525,23084,0.9238222108356323
15527,23245,0.9617529855538594
15527,20712,0.9505158733321085
15527,22699,0.9499748170812461
15527,22697,0.9462833821434044
15527,23203,0.9351944649622183
15527,22423,0.9348744854236503
15527,22865,0.9054994027656396
15527,22561,0.9049852437293324
15527,22111,0.9009980659055369
15527,22867,0.9007236963701973
15529,23202,0.9937133082665283
15529,22983,0.9892790196470308
15529,20726,0.9892339653356862
15529,22970,0.9876634430545611
15529,47591D,0.9870730697587118
15529,21918,0.9862425514051141
15529,21506,0.9857725460277215
15529,20975,0.9848399509426995
15529,21507,0.9845746520682269
15529,22411,0.9843776517111797
15530,22900,0.8338721505525816
15530,22865,0.8247664203084165
15530,22745,0.8125181436121978
15530,22910,0.7931440864483901
15530,22895,0.7913256854354589
15530,85123A,0.7841826920342658
15530,22748,0.7744330385587962
15530,22693,0.7624210438074477
15530,22746,0.758922422961385
15530,22440,0.7469025353425923
15531,22728,0.9578605640624005
15531,84596F,0.953004789407485
15531,22083,0.95203440715124
15531,20914,0.9454951971967401
15531,21326,0.9435131411059934
15531,22726,0.9410579298835732
15531,22727,0.9407839580659747
15531,84596B,0.9284731029544516
15531,20992,0.9258204266235098
15531,20676,0.9203918664688449
15532,22111,0.9259826130547733
15532,22114,0.9247243246530599
15532,23355,0.8992439573065701
15532,22734,0.8854048970894407
15532,23243,0.8821636398159552
15532,23439,0.8698454076053131
15532,82486,0.8668109357905318
15532,21428,0.8637597111953327
15532,23319,0.8565219260546388
15532,85040A,0.8448465284907709
15533,23300,0.9520870531136234
15533,22114,0.9509263898935554
15533,22989,0.9376894813900577
15533,21929,0.937321808189702
15533,22993,0.9367078254448102
15533,47566,0.9365924988332872
15533,22666,0.9231341056343741
15533,22720,0.9144803707556529
15533,84378,0.8900872123169296
15533,82484,0.8789387052204239
15544,20675,0.9933498128742476
15544,21243,0.9888003212568847
15544,84997A,0.9876182537908793
15544,84997C,0.987587943094429
15544,84997B,0.9820396336952513
15544,21495,0.9801963901713896
15544,20676,0.9796776099414715
15544,21238,0.9784159645577495
15544,20674,0.9751627451635316
15544,21242,0.9740167357789031
15547,22970,0.9877147649409455
15547,23323,0.9851981092001753
15547,84347,0.9843946253529484
15547,23103,0.9835537374245624
15547,21592,0.9818588260933495
15547,85150,0.9795072176293883
15547,72351B,0.979042237377532
15547,84992,0.9777775033687183
15547,22620,0.9773142329588941
15547,84596B,0.9754538349685633
15550,23245,0.9656785996447096
15550,22178,0.9520966693915185
15550,20828,0.9263042899925504
15550,22662,0.9193363864957471
15550,22383,0.9147957015868571
15550,20726,0.9135722167206438
15550,23207,0.909656772438849
15550,22423,0.9020782642974133
15550,84755,0.8384291091828565
15550,23084,0.7677184388361704
15555,22558,0.9992057011846536
15555,22996,0.9991821796660895
15555,22556,0.998951425989117
15555,22382,0.9988074248032874
15555,22999,0.998793567122471
15555,22551,0.9984649273101269
15555,22554,0.9982272312576042
15555,23208,0.998214920187911
15555,22553,0.9980362477439695
15555,23198,0.9979856892920378
15561,23282,0.5991982561919706
15561,22620,0.5907499243716359
15561,22992,0.5728778241666905
15561,23280,0.5692345308525878
15561,22607,0.4864553702333945
15561,23209,0.4534335406372348
15561,21912,0.4243865476336186
15561,23207,0.4070569271006317
15561,21716,0.3997421680125642
15561,23126,0.39748574484080845
15563,22748,0.9687560973913935
15563,22745,0.964302305919411
15563,22898,0.9562649809033607
15563,21495,0.9461360775880856
15563,22746,0.9431541832095075
15563,46000S,0.9265571225324806
15563,22367,0.9265459505854585
15563,21918,0.9199931249852784
15563,21917,0.9167718409103963
15563,20974,0.9105740695079412
15568,23355,0.9940851561032598
15568,84029G,0.9874709431978844
15568,22659,0.9741312255520429
15568,22633,0.9707138800427085
15568,22900,0.9701625221822118
15568,22112,0.9692102865122691
15568,22970,0.9395984591592842
15568,23005,0.9375638884347586
15568,23238,0.9317097151995822
15568,22998,0.9217875200140994
15570,22086,0.9688844807025518
15570,22910,0.962306803859041
15570,23318,0.9600549834596183
15570,23319,0.9500858755270246
15570,23439,0.9397313599969859
15570,35970,0.9339577464444799
15570,22909,0.9300549827441545
15570,22867,0.9291590073446107
15570,22727,0.9203614116851054
15570,22632,0.9132059176934247
15571,21588,0.9303398113618452
15571,23439,0.9092720356864796
15571,23169,0.906610547239362
15571,23323,0.9043323722886708
15571,21742,0.8922396056229288
15571,22411,0.8822141265748454
15571,23084,0.8690321609681644
15571,22906,0.863340227633445
15571,20685,0.8517496707965214
15571,22982,0.8502205940520469
15572,23318,0.973841638491755
15572,22734,0.9562379788672863
15572,23320,0.9511308446381882
15572,23351,0.9497684626221405
15572,23439,0.9451268950391456
15572,23311,0.9253820018906392
15572,23319,0.9222121007293045
15572,23503,0.9123336158304984
15572,21034,0.909272872826649
15572,23493,0.908957883924863
15582,22568,0.8359199984647661
15582,22743,0.7879827468720496
15582,22445,0.7516099570168369
15582,22178,0.6990933913056502
15582,22271,0.6801956699919136
15582,22274,0.662287195147001
15582,22456,0.6414445599409689
15582,22452,0.6364731005624203
15582,22273,0.6306801855143533
15582,20969,0.6196285544333666
15584,21931,0.9948872281329973
15584,85099C,0.9919967271519731
15584,82482,0.991114395364917
15584,21929,0.9867352277758082
15584,23202,0.9846205981933622
15584,85099B,0.9808975995015108
15584,22411,0.9765169503493893
15584,20724,0.9726730082542484
15584,22086,0.970836836758657
15584,23201,0.9654323044881058
15594,22112,0.9248570285078679
15594,23355,0.906405304526175
15594,20983,0.8367719940178909
15594,20982,0.832739027851428
15594,22111,0.8294996511650946
15594,22077,0.7964964632403979
15594,22835,0.7880247910868726
15594,22960,0.7875768455385544
15594,23349,0.7874674703779723
15594,21985,0.7825681562891517
15599,23245,0.8053950197468763
15599,21977,0.7532822584757566
15599,22962,0.7419408622296585
15599,23493,0.7224353563590025
15599,22027,0.7123421074321222
15599,22963,0.7072884339745282
15599,22720,0.6999120028522896
15599,21212,0.6924183745400633
15599,21498,0.6904507951424623
15599,23232,0.6892507289964745
15601,22865,0.9662225279578579
15601,22328,0.9647893061118663
15601,20914,0.9560724096711374
15601,22727,0.9550527001186634
15601,22722,0.9326228738856893
15601,22697,0.9307328924616876
15601,23243,0.9287143098625743
15601,21756,0.9284435036328057
15601,21977,0.9247416993349602
15601,84596B,0.9239994737873597
15602,22178,0.9441697230106816
15602,84946,0.9167074540981425
15602,22464,0.8411386914893562
15602,22457,0.807201830214397
15602,21811,0.7885929680830831
15602,85123A,0.7600110026281406
15602,22158,0.7586704005756992
15602,22423,0.7476243296494512
15602,22460,0.702325531188079
15602,46000S,0.6011856456290836
15608,23310,0.8666615457124188
15608,23245,0.8565562696068497
15608,82486,0.822852329160648
15608,82483,0.8203706484713553
15608,21889,0.8033110175109395
15608,22456,0.8005620282294605
15608,22505,0.7936981366233149
15608,22697,0.790910613402339
15608,22383,0.7889495198982803
15608,23234,0.7808952372986817
15611,21481,0.9405393140446247
15611,22423,0.9353808263789372
15611,23356,0.9311801337996409
15611,22941,0.9259873650222532
15611,22144,0.9030695671104807
15611,21116,0.9024640456525158
15611,23082,0.9004815093541771
15611,22942,0.8791107503110999
15611,23084,0.8618705106870489
15611,23319,0.8562852991530402
15615,23199,0.9961644642626705
15615,85099C,0.9917170548581996
15615,23344,0.9909221115438468
15615,23343,0.9880509299714265
15615,22386,0.986880580441416
15615,23355,0.9865076882005006
15615,22411,0.9823506598203122
15615,22178,0.9818091978863892
15615,21929,0.9813204852953842
15615,23319,0.9813096356323516
15628,82494L,0.9918708267838477
15628,23322,0.9871655346361217
15628,22470,0.9839355583593032
15628,22138,0.9836950265766989
15628,23284,0.9722341143106001
15628,21181,0.9706740388179611
15628,22077,0.9694992716661619
15628,21733,0.9652623960768371
15628,22139,0.9558182812991133
15628,23321,0.9532717341993227
15632,22726,0.9361023824553933
15632,22727,0.9266988991139936
15632,22621,0.9126969668435555
15632,82552,0.8940770660445035
15632,20975,0.8792004842224416
15632,22147,0.8748353608793644
15632,23209,0.8664288244662592
15632,23206,0.8655380481128598
15632,22557,0.8631974961712824
15632,22383,0.8611890095623898
15640,23344,0.9906759760056423
15640,22867,0.9896852511435179
15640,22866,0.9795292561056086
15640,23343,0.9788418368151908
15640,22988,0.9775159451816064
15640,22086,0.977288675999437
15640,23247,0.9772216796253571
15640,22910,0.9762948750384974
15640,23355,0.9762098064363322
15640,23234,0.9757714709178316
15660,23209,0.9863519203668621
15660,84946,0.9821187093253761
15660,22383,0.9819025856990036
15660,84945,0.973300957304885
15660,20728,0.9659094757583032
15660,20685,0.9564323566745266
15660,21914,0.9490483477079233
15660,22961,0.9425455641691398
15660,22384,0.9333349242912635
15660,22189,0.9275983826294233
15671,22595,0.937083307549989
15671,85150,0.9166124847066978
15671,22086,0.9077544623109943
15671,85152,0.8757331840471773
15671,22578,0.8716238630259645
15671,21166,0.8469110993657115
15671,22594,0.8453720042432562
15671,22593,0.8324694913765814
15671,22584,0.803353381699707
15671,21181,0.8021038183782276
15676,85048,0.6777392456578756
15676,85123A,0.6464661086940032
15676,22384,0.6320325751203195
15676,23439,0.6279177621819925
15676,22441,0.5697722007947276
15676,84945,0.5454501751607886
15676,22197,0.5414179871256277
15676,23132,0.5215275227312406
15676,23229,0.514144068482004
15676,22768,0.4909467998977211
15679,21931,0.8250528317623811
15679,22383,0.8236179500783932
15679,22621,0.7070575832092403
15679,22384,0.6949421107362991
15679,21108,0.6904258032598518
15679,22630,0.6873469144201053
15679,22995,0.6770488326863563
15679,23300,0.6703882737435768
15679,23301,0.6683305058238609
15679,21935,0.6643448460970454
15680,84879,0.9127216854189834
15680,21136,0.884485753360124
15680,23344,0.8598600014441353
15680,22151,0.8516140522377381
15680,23301,0.8358085853688394
15680,23300,0.8046343861204354
15680,22111,0.792730477377157
15680,22112,0.7773916484675075
15680,21733,0.7656566701311767
15680,21811,0.7643838390651327
15681,84978,0.8908296678784793
15681,23084,0.847824424396127
15681,22961,0.8394466311238762
15681,22863,0.8172153255905816
15681,20979,0.7667614021131903
15681,22980,0.7226352379407373
15681,22916,0.720687258467611
15681,22920,0.7196329814090591
15681,22917,0.7142388437287515
15681,22921,0.7133239316739574
15687,23355,0.9527685164292418
15687,22424,0.9404601663032405
15687,23284,0.9382444080623139
15687,22429,0.9365846741842044
15687,22624,0.9196930080356681
15687,22625,0.9186122477565776
15687,22139,0.9133962110365436
15687,23300,0.9040586725103817
15687,48138,0.9017545369264063
15687,23301,0.9012050198844296
15690,23275,0.6415205842230579
15690,22228,0.6406792655818341
15690,22076,0.6214448807750582
15690,22227,0.6018515868134514
15690,23148,0.5990010323829178
15690,22267,0.5873076571065856
15690,22219,0.5686359698708479
15690,21989,0.43703327305684697
15690,21901,0.4126232315240917
15690,22196,0.3931651035036261
15694,22423,0.9575974746384271
15694,22726,0.9566789198581125
15694,21137,0.9555910186298135
15694,20749,0.925346692031642
15694,22681,0.9137779119932382
15694,22727,0.8853775887515511
15694,22041,0.8831521740584282
15694,22679,0.875128266440147
15694,23084,0.8709600141084851
15694,22683,0.8708123508910087
15701,22551,0.9519797248879763
15701,22555,0.9449821702122303
15701,22557,0.9439717370406663
15701,23321,0.9420575499864291
15701,23322,0.936364067853404
15701,82483,0.9347444517590269
15701,22114,0.9327075360635653
15701,22138,0.9303901751140836
15701,82482,0.9201890383733845
15701,23108,0.9150445369839728
15712,22138,0.9393072777400217
15712,84970S,0.9200343030835728
15712,22470,0.9137705588417064
15712,22457,0.8953744728289119
15712,22178,0.8943516730863909
15712,23298,0.8871743329569374
15712,22694,0.8844145690683083
15712,22384,0.8779172124535342
15712,22139,0.8746175919702307
15712,23355,0.8490985926017447
15714,22818,0.758952699227007
15714,22816,0.7323571604817966
15714,23068,0.7223882841040147
15714,22894,0.7176787250118686
15714,16169E,0.7048187648029258
15714,22411,0.6962390187703705
15714,23092,0.6818508703276249
15714,84997A,0.6744030872803118
15714,20675,0.6588686678416221
15714,22767,0.6450984066748666
15727,22383,0.9838261449741401
15727,23209,0.9835119143169851
15727,22384,0.9811961927459624
15727,23206,0.9807499867947083
15727,22630,0.9795806005451516
15727,22558,0.9703249126804616
15727,22629,0.9696736611551601
15727,22722,0.9684036747599761
15727,22470,0.967949534199634
15727,22197,0.9640026876584873
15737,22138,0.8889959689358456
15737,22457,0.8809979409694367
15737,22617,0.8748465470819375
15737,22171,0.8713450432126153
15737,23407,0.8622121228800467
15737,20725,0.839863885538757
15737,23209,0.8238739490487432
15737,22384,0.8049442285333716
15737,20727,0.7972765425058178
15737,47566,0.7922780226284131
15738,22090,0.9954239870562401
15738,21086,0.9916686151490982
15738,21094,0.9835340995661894
15738,21080,0.9818227408373065
15738,22083,0.9808933391228775
15738,47590B,0.9776154306142555
15738,84375,0.973639594446389
15738,22333,0.9731814757786473
15738,47599B,0.9694201240946662
15738,21243,0.9614664930089641
15743,82494L,0.9789428536729236
15743,22666,0.9751739498482999
15743,82482,0.9738657969714695
15743,22170,0.9640405909169888
15743,22508,0.961083964487939
15743,23321,0.9586814510824408
15743,23298,0.9557981170859041
15743,82484,0.9512594673584539
15743,22835,0.9510749358562911
15743,22507,0.9454789531030346
15745,23355,0.9251276774496529
15745,22112,0.9090815357743469
15745,22111,0.8945600794473827
15745,22835,0.8551854510863183
15745,23245,0.8319425834729632
15745,21169,0.8241881338968586
15745,22423,0.7888357792337525
15745,22666,0.7640228022901648
15745,82484,0.74670161912709
15745,22508,0.740346087165783
15747,20728,0.9958287496475513
15747,22662,0.9941742596561
15747,22383,0.9936302682568732
15747,20727,0.9900013731731455
15747,85099F,0.9891345469260646
15747,22382,0.986454839867876
15747,22386,0.9862124877011256
15747,20713,0.9837277067819643
15747,23202,0.9834057867331022
15747,21928,0.9829043087739602
15750,22867,0.9910169372580071
15750,23355,0.9906058458667936
15750,22866,0.9896527166169797
15750,22865,0.9889755549825937
15750,22112,0.9860930622586034
15750,23300,0.9838254159651637
15750,23084,0.9816048933678809
15750,22111,0.9723082862314307
15750,22633,0.9716843678773245
15750,82494L,0.9667787477371593
15755,85099B,0.9520668301427408
15755,20914,0.9451256562303214
15755,23203,0.9317611183057072
15755,22171,0.9133523590197331
15755,22666,0.9069185519957621
15755,22139,0.8880264629553676
15755,22169,0.8638256729393284
15755,22077,0.8549568855771815
15755,46000S,0.8205797348216335
15755,22720,0.8107570616080544
15769,22385,0.9951880622994899
15769,85099B,0.9937921696040475
15769,22386,0.991315375505981
15769,20713,0.9904589542816505
15769,23201,0.989629144826126
15769,23199,0.9890028309359339
15769,85099F,0.9871367695012491
15769,84997A,0.9805285035732633
15769,21929,0.9800523229566687
15769,21928,0.9782501178444662
15781,23264,0.7262294672712699
15781,23344,0.7224786078925819
15781,23266,0.7193322294187761
15781,23265,0.6976367997628926
15781,22909,0.6913399412592315
15781,35970,0.6740369163123925
15781,23263,0.608974361673364
15781,84879,0.5950080105731504
15781,22577,0.5224798077093761
15781,22866,0.50032891740635
15782,22835,0.9565514573542989
15782,22112,0.9359548524168283
15782,22086,0.9293735369637147
15782,22158,0.9204807976743621
15782,23355,0.9176388328840479
15782,22624,0.9117796583831432
15782,22625,0.9067403889111839
15782,23426,0.9003335626571913
15782,23344,0.869349521199401
15782,84029E,0.862428920356236
15787,23300,0.9840975689801238
15787,22867,0.9765949704539449
15787,22722,0.9705417609903566
15787,22554,0.9684580284197334
15787,22556,0.9683748533569496
15787,22667,0.9661613085422717
15787,22551,0.9651488939428441
15787,22488,0.96505155207626
15787,20975,0.9612464316672106
15787,22557,0.958452026012773
15793,84879,0.9334713447414068
15793,85123A,0.9291376354606308
15793,23084,0.8118970295949235
15793,84946,0.7891768043590669
15793,21314,0.6538552572943638
15793,23367,0.14292281670760804
15793,20668,0.12348901108123783
15793,22423,0.10863428305953175
15793,22469,0.1057175747935469
15793,85099B,0.10473966829048821
15796,22698,0.9903531248848341
15796,22697,0.989087555823929
15796,22699,0.9885026095461916
15796,82494L,0.9846304801940022
15796,22795,0.9783366310475439
15796,22423,0.9711303865213722
15796,21754,0.9658850684116878
15796,82482,0.9578843190113264
15796,22470,0.9406702801930091
15796,23171,0.9387827282397782
15804,22726,0.9820245858247195
15804,84832,0.9818843555982918
15804,23328,0.981420000185642
15804,22113,0.9790423463590935
15804,23108,0.978860031006095
15804,23356,0.9772109580098584
15804,21136,0.9755121534278315
15804,22899,0.9726892445116342
15804,84946,0.9713276114823007
15804,21791,0.9701851702214571
15805,22411,0.9742410202152129
15805,47566,0.9686552990071806
15805,85099F,0.9657222301329379
15805,23201,0.964492007665145
15805,22727,0.9643261293063083
15805,85099B,0.962779358905454
15805,22086,0.9566515504345636
15805,22386,0.9525927184319903
15805,23199,0.9350836052630617
15805,21929,0.9280109813891323
15811,22734,0.9215073666833894
15811,22865,0.8852873185572544
15811,22086,0.8811191295055126
15811,23344,0.8702361042960279
15811,23355,0.8687688875522936
15811,22144,0.868438747627719
15811,22866,0.8639575636872403
15811,23318,0.8612528483277962
15811,23319,0.8550691681552965
15811,22142,0.8485646510398724
15814,23202,0.9533768261917813
15814,23293,0.9465030882654876
15814,21975,0.9462622776865208
15814,22910,0.9457712438708139
15814,23296,0.9388441037223015
15814,23295,0.9136805993234187
15814,21213,0.9056260402693033
15814,22467,0.9024760148792789
15814,23200,0.9020504200612194
15814,23318,0.9010493086907644
15822,84949,0.8745024397265367
15822,84947,0.8613400199199394
15822,21385,0.8210701361276211
15822,22178,0.7953333904567554
15822,23323,0.7207627068362789
15822,21742,0.7106979758217534
15822,23322,0.7067477493079456
15822,84946,0.6917388788607155
15822,23321,0.6866315032695379
15822,85048,0.6727472273722345
15838,22632,0.9968172610056312
15838,22637,0.9950155861523093
15838,82482,0.9949101977083595
15838,22866,0.9943834591129224
15838,22633,0.9937931218245676
15838,84997B,0.992556659968796
15838,84997C,0.9916419238660498
15838,21156,0.9904082732236551
15838,22386,0.9895859598558504
15838,85099B,0.988758205883766
15845,22568,0.9475619251772126
15845,22144,0.9423219312918243
15845,84879,0.9377787210557567
15845,84946,0.9116691253347381
15845,84978,0.9084607128000437
15845,23301,0.9048051039456787
15845,22142,0.8982207809829146
15845,23109,0.8957137623797754
15845,22147,0.8946969056879199
15845,22083,0.8705904032346132
15850,21890,0.8717307897020934
15850,23395,0.851961803548932
15850,23396,0.8379412803353092
15850,23210,0.8366293323230763
15850,21891,0.8356882086588104
15850,23323,0.8227542301592288
15850,22669,0.8105166739115502
15850,23263,0.8022795550841441
15850,22562,0.7965964392929376
15850,22561,0.7952099778785598
15854,15056N,0.9576443971304375
15854,20679,0.9569894916922577
15854,15056BL,0.9366388678359228
15854,85123A,0.9171888515785612
15854,15056P,0.9009058982721448
15854,22091,0.8971748384001663
15854,22573,0.8795419760820706
15854,21733,0.8709754308461913
15854,23212,0.8460291390558119
15854,85014A,0.8382451676076362
15856,82552,0.99750371584472
15856,23156,0.9969561511185295
15856,82484,0.9969036600505192
15856,21169,0.9962009077358522
15856,79321,0.9960621540351936
15856,21175,0.9952199921006528
15856,82483,0.9947063496241816
15856,82580,0.9939893290228997
15856,85123A,0.9936658958487048
15856,82582,0.9926288225658144
15858,22778,0.9330399851157696
15858,23082,0.9209948643530511
15858,21314,0.9142805390684905
15858,20728,0.8979763522844206
15858,22382,0.8903147371536829
15858,21791,0.8818446819982567
15858,22439,0.8800220845657458
15858,23215,0.879451875111313
15858,22900,0.8667351817746575
15858,22082,0.8635429993754711
15861,23206,0.9993197646113542
15861,23207,0.9983386483487762
15861,23209,0.9979597579052785
15861,20726,0.9975380057812486
15861,20719,0.9972058136678176
15861,20676,0.9965502211711943
15861,22367,0.9961948366242944
15861,20724,0.9953190638889983
15861,20725,0.9951325750950594
15861,22356,0.9946902091062255
15862,23319,0.9366280583496994
15862,22144,0.9310923348756145
15862,23318,0.9251994774907547
15862,22734,0.9140296641217994
15862,21034,0.8799185816088279
15862,22910,0.8739632249466445
15862,23344,0.8663777268229734
15862,22866,0.8582796674099938
15862,23343,0.8530718748740799
15862,22867,0.8505583459690736
15863,22835,0.798766311475526
15863,22617,0.7452355675364236
15863,23084,0.6859687584466676
15863,23200,0.6763140534345534
15863,23159,0.674610793447473
15863,21429,0.668844087799348
15863,22398,0.6542806012955463
15863,22752,0.6506676152015382
15863,22367,0.6147179610706734
15863,22114,0.611496923623052
15864,22791,0.8691533334057664
15864,84947,0.7954855634271711
15864,22699,0.7033665248979714
15864,22429,0.6589960594004106
15864,23328,0.6547460923592887
15864,84946,0.5403661804935157
15864,22426,0.5144382985131751
15864,23252,0.5028988378888154
15864,23251,0.4703542238940471
15864,22427,0.3445955576583675
15867,23284,0.993237373610168
15867,21523,0.9843710493328327
15867,21122,0.9826705816761622
15867,20685,0.9812380980891853
15867,48138,0.9799135864151702
15867,22834,0.9784886732198845
15867,85049E,0.9756270037187795
15867,23084,0.9753460082531362
15867,84879,0.97498167422933
15867,15056N,0.9736019883743275
15883,72741,0.9198133223625449
15883,21108,0.9107753799167322
15883,23355,0.8704366129436
15883,23493,0.868019297292182
15883,84029E,0.8268232988733809
15883,22423,0.8246037355166435
15883,21485,0.8210777692860812
15883,21154,0.8013933776547834
15883,22114,0.7878065609183807
15883,22303,0.7759805660496091
15898,23201,0.9601846709876398
15898,85099C,0.9535633715638567
15898,22900,0.9392376191599133
15898,85099F,0.9289856408554672
15898,22386,0.9277806213048888
15898,85099B,0.9193684653943631
15898,48194,0.9118579071698525
15898,48138,0.8898306205333756
15898,21524,0.8727581532743223
15898,22111,0.8470562123466123
15901,23264,0.9124720569502722
15901,23265,0.9083890234892942
15901,23266,0.9082043317753165
15901,23351,0.8999481085314651
15901,23245,0.8975966143183888
15901,22138,0.8949981714612764
15901,84997D,0.8874028993397178
15901,22086,0.876204237788702
15901,22960,0.8757287349696329
15901,23284,0.8622693436703711
15903,22111,0.9804344418368063
15903,22114,0.9749393997104924
15903,23355,0.9742495144965143
15903,21485,0.9734581924455945
15903,22835,0.9676855079450222
15903,22112,0.9640367806275408
15903,84029E,0.9554124872163461
15903,22866,0.9263011788762031
15903,84029G,0.9185435103077507
15903,22867,0.9150913257917337
15906,20754,0.9482130214113724
15906,22698,0.9473051427275562
15906,22139,0.9453710704541961
15906,20751,0.9448849442579769
15906,23493,0.9413102602085716
15906,22979,0.9405351116203817
15906,22697,0.9371294702799136
15906,22699,0.9344625373785838
15906,21908,0.9314678691288762
15906,22900,0.9223226492122489
15907,23300,0.9739774293498802
15907,23343,0.9559565018444132
15907,22867,0.9551208139781443
15907,23301,0.9547146452172632
15907,22866,0.945320749221547
15907,23203,0.9439350873776173
15907,23318,0.9411851516157981
15907,22766,0.9381337139485413
15907,22374,0.9375915873332978
15907,23344,0.9372401864615157
15910,22142,0.9354232012057546
15910,22087,0.9298630998247901
15910,23103,0.9261333338078951
15910,23293,0.925125465992284
15910,22596,0.921310962085249
15910,85049A,0.9201017445539662
15910,23101,0.908589679927407
15910,22818,0.8994838592323566
15910,23100,0.8956115724737496
15910,23349,0.8924540212570402
15916,84029G,0.918968447818389
15916,23084,0.9025257022915495
15916,22111,0.895101008793008
15916,22810,0.8841361673014725
15916,22696,0.8816029628342115
15916,22639,0.8786500227300288
15916,21479,0.8772302774901717
15916,84030E,0.8735443444156478
15916,22430,0.8698309722507296
15916,21755,0.8464517117581541
15919,20728,0.9304692392832611
15919,22382,0.9267397530098316
15919,23203,0.9197737542457535
15919,22630,0.9120876307399312
15919,22112,0.9103260991136882
15919,22662,0.900655113490982
15919,23300,0.8964622112360555
15919,22962,0.8883963471833464
15919,22620,0.8867203080232857
15919,23198,0.8848139611186137
15932,22398,0.9355839805778019
15932,47503A,0.8736959275463149
15932,85123A,0.8713463169583541
15932,22983,0.8664615036615375
15932,47504K,0.8639755981267437
15932,84879,0.8410816242799382
15932,35961,0.8408192881014677
15932,22115,0.8313507888202197
15932,23321,0.8280261047116161
15932,22030,0.8247731320131395
15933,22138,0.9680616233087549
15933,84879,0.9678634578116145
15933,22139,0.9582601293527917
15933,20725,0.9490543044265072
15933,22457,0.9386760425602241
15933,85123A,0.9359206814427724
15933,20724,0.9316978623198299
15933,22077,0.9144918696170797
15933,20718,0.911628046905966
15933,22667,0.9111099191615739
15948,22083,0.9499978885545077
15948,22086,0.9376973612565541
15948,22141,0.9358231073136563
15948,22144,0.9239401102443827
15948,22734,0.9126241627987455
15948,22138,0.9085541926669372
15948,22142,0.8880587345198512
15948,22654,0.8880467065023652
15948,20969,0.8841176792000258
15948,22273,0.8709582955673812
15949,22737,0.9262322930290031
15949,23129,0.9243298123033848
15949,23130,0.9180357404194084
15949,22739,0.9049231022962018
15949,85199S,0.7866923868501575
15949,23265,0.7808312952615284
15949,23264,0.7276943449037196
15949,22086,0.6522890055223557
15949,23263,0.5934445396262469
15949,22423,0.31402314101426027
15951,22470,0.8760893587703739
15951,22457,0.8372224123141052
15951,22467,0.8319512412187531
15951,82494L,0.7670596033718049
15951,84755,0.7398336778198739
15951,21136,0.7283381404971222
15951,84879,0.7237036560166513
15951,22469,0.6974268447273159
15951,82482,0.6958377255195152
15951,23298,0.6946551359000458
15953,82494L,0.9771541318643335
15953,84879,0.971263758542785
15953,82482,0.9710806433588342
15953,85123A,0.9678780672176077
15953,21136,0.9617053942959113
15953,21385,0.9382857688357408
15953,22189,0.8886859861956405
15953,22469,0.8581413835660582
15953,23332,0.84137897492283
15953,23264,0.8193299878164069
15955,20728,0.9839561033180504
15955,23209,0.9715052459920162
15955,21929,0.9711611827363028
15955,85099C,0.9666195567064579
15955,22411,0.9665469763528857
15955,23206,0.9637321678427128
15955,79321,0.963251654406148
15955,20725,0.958841355951644
15955,22383,0.9582431022266886
15955,22382,0.9551569432299601
15963,23126,0.7972477970756011
15963,84978,0.734890142650716
15963,84580,0.7200207414060037
15963,84879,0.7095226244917923
15963,23298,0.6942126297874298
15963,23300,0.6857505700764832
15963,22211,0.6753498638593817
15963,22595,0.6746915859986368
15963,22634,0.6610118947840821
15963,23323,0.6166802431910652
15965,21481,0.9051019134681775
15965,23356,0.8920103709840522
15965,85123A,0.888223008096917
15965,23318,0.8770555751555431
15965,23322,0.8597039330917216
15965,84029G,0.8140434748217282
15965,21930,0.8030515640857034
15965,22633,0.8015975351330008
15965,22964,0.791042811632969
15965,84375,0.7833385029910483
15967,23103,0.908578802308826
15967,23439,0.8712677008856455
15967,23101,0.8578264155044709
15967,35970,0.8518922356703553
15967,22139,0.848380137008392
15967,22138,0.8472847378130228
15967,23100,0.8442241951099967
15967,21899,0.8404662576312577
15967,20983,0.8301840411852583
15967,22557,0.8290818279416988
15969,22762,0.6785378983242564
15969,22763,0.6148334708764971
15969,22193,0.5556097695725318
15969,22192,0.5409227216757123
15969,21754,0.5358559663729512
15969,22694,0.5252548907114938
15969,21756,0.5234894482990382
15969,22191,0.4990067447548044
15969,23283,0.49748182107108485
15969,22795,0.4909242220334649
15971,85099B,0.9660244706493758
15971,22385,0.948834901907184
15971,22379,0.9415170276053275
15971,21931,0.9414113437610051
15971,47566,0.7982390498253255
15971,22378,0.6934989074610819
15971,22377,0.6749856677136566
15971,POST,0.4714088779654393
15971,22084,0.3757620924555959
15971,22734,0.21905726003194337
15977,84029E,0.9818921424270265
15977,84029G,0.9556642210477463
15977,22114,0.9553455918532944
15977,84030E,0.9383089167042801
15977,23321,0.9380648190459385
15977,23323,0.9162887948660722
15977,22625,0.9104088448034007
15977,22469,0.9057456764771096
15977,22170,0.8992734995129511
15977,22577,0.8771964802789944
15981,23202,0.9962391685203356
15981,23203,0.9914568447741378
15981,23201,0.9911492231411091
15981,21975,0.9760511248187136
15981,23207,0.9707806866112044
15981,23012,0.9681060640740327
15981,23013,0.9670973376578511
15981,23014,0.9652389588568163
15981,23208,0.9639658938763008
15981,21977,0.9581371393029652
15983,84879,0.8289063185521598
15983,21914,0.8213237172369302
15983,72800E,0.8211145686873967
15983,22082,0.818027269305753
15983,22561,0.8133783757196165
15983,22139,0.8050628717330902
15983,22150,0.7987962977922863
15983,84347,0.7951931288971382
15983,23192,0.7820478846133182
15983,22694,0.755248655479453
15984,22113,0.9693113511769559
15984,22086,0.9645762882237958
15984,22632,0.9497698590123392
15984,22867,0.947587558022629
15984,22865,0.94196249359402
15984,23349,0.9380318703378167
15984,23351,0.9314810012159084
15984,85123A,0.9304850333566657
15984,22633,0.9276012630386808
15984,23350,0.9216485940356388
15987,21034,0.9159464972522157
15987,22178,0.9138207707063745
15987,23493,0.9056492142619816
15987,23328,0.829458843758643
15987,22197,0.8292053374928139
15987,23320,0.8216788081120744
15987,22082,0.819183287764155
15987,22141,0.8105093268935618
15987,21080,0.8101989153799015
15987,23354,0.808179139096248
15993,22335,0.9967756859274317
15993,22865,0.9964819980721935
15993,21914,0.9939214888762428
15993,22577,0.9931144657548161
15993,22867,0.9929821915854026
15993,23300,0.9923010218123236
15993,23198,0.9917860546773907
15993,84030E,0.9917428511363588
15993,22952,0.9914384350116643
15993,22549,0.9909437151463969
16005,20728,0.9734192697304282
16005,20726,0.9717812866308306
16005,23209,0.9687540923248169
16005,22384,0.9685340496376095
16005,22383,0.9661116457671117
16005,22411,0.965376151873679
16005,23202,0.9639519901074274
16005,20725,0.9616845513555871
16005,23206,0.9516906600490875
16005,23203,0.9485501621829225
16008,20728,0.9500679782716531
16008,20727,0.932898355458424
16008,20726,0.9305044017740323
16008,22384,0.9300314263244555
16008,22386,0.9068480747305578
16008,85099B,0.89878315077687
16008,21034,0.8530079004718272
16008,85123A,0.8197956209371614
16008,20992,0.7575909869562797
16008,22112,0.7498930341399179
16009,23322,0.908034808254338
16009,23084,0.8382885130471025
16009,22086,0.8341745376906904
16009,22910,0.8049517397162911
16009,37449,0.77221825950288
16009,23342,0.7637514536260708
16009,22061,0.7487666670780212
16009,22112,0.7363865558241817
16009,22728,0.7355730586190663
16009,22940,0.7326377260944384
16011,22467,0.9953351185565911
16011,22457,0.9897824900997477
16011,22077,0.9795379087387078
16011,84946,0.9782914709582474
16011,22773,0.9604640050670948
16011,23395,0.9431161659345503
16011,23031,0.9420694314102148
16011,23032,0.939065972749551
16011,22943,0.9321752062532814
16011,22771,0.9280858634591547
16013,22680,0.9984046029771989
16013,22678,0.997647492507136
16013,22676,0.9969015123177986
16013,22679,0.9958805531643913
16013,79321,0.9955417551649093
16013,22677,0.9942000182948117
16013,22683,0.9926007038031606
16013,71477,0.9910550540746826
16013,22682,0.9899210792427423
16013,85123A,0.9896463018956687
16015,21329,0.9702227889761603
16015,20727,0.9656300184234413
16015,20975,0.9607721300391893
16015,22382,0.9598531664233997
16015,21327,0.9510171228878865
16015,23321,0.9450904658346817
16015,22754,0.9361436838517485
16015,20973,0.9359809837078061
16015,20726,0.935512372597563
16015,21992,0.9324027638233798
16016,22554,0.9861922953166193
16016,22553,0.9767128316297689
16016,23321,0.976075788541312
16016,23355,0.9759380106753235
16016,23356,0.9652946117701672
16016,22556,0.964702613505862
16016,23208,0.9588735692609477
16016,22326,0.9573299800702909
16016,23207,0.9524226786308462
16016,23200,0.9492927440662828
16020,23300,0.9179849684974636
16020,23301,0.8897490427946498
16020,22083,0.8410605272042091
16020,22720,0.8030145552727928
16020,22960,0.7921332304301322
16020,22909,0.7869055139891661
16020,23493,0.7598513091114333
16020,20728,0.7591888529399552
16020,23355,0.7581281754899348
16020,22383,0.7575567461818961
16033,22722,0.9995706656462556
16033,23300,0.9965472561908939
16033,22726,0.996087755997631
16033,22667,0.9960475014299558
16033,21974,0.995812828351577
16033,22728,0.9949372913181515
16033,22139,0.9944107649313522
16033,22727,0.9943377441881194
16033,22637,0.9939305103439189
16033,22730,0.9939289426431888
16038,15056P,0.7879835631164209
16038,22138,0.6677225997372472
16038,85123A,0.5722401176836113
16038,22061,0.5715250879673284
16038,22784,0.507250445357102
16038,21787,0.5052294974804848
16038,22055,0.5003881152023614
16038,71053,0.49715664332915227
16038,21126,0.46989655023986066
16038,22644,0.46074841697842694
16042,22726,0.8878799784155429
16042,22865,0.8626222763251663
16042,22910,0.8524369430529171
16042,23313,0.8481955732159601
16042,22727,0.8480806153627305
16042,22568,0.8461159785414277
16042,22867,0.8271870840724174
16042,22866,0.8238466601798434
16042,23367,0.821713395906614
16042,22662,0.8073561782687785
16057,22722,0.9570402883042622
16057,21754,0.9343415503194912
16057,22083,0.9265789609775883
16057,22720,0.9163121481720843
16057,22086,0.9133062153319014
16057,23318,0.9088485564824615
16057,22910,0.9020928332598392
16057,23203,0.8973204042028876
16057,85123A,0.8962404627489823
16057,23298,0.8863870660384939
16062,22086,0.9302306598628766
16062,22865,0.8681131403099859
16062,23344,0.866586100552701
16062,23298,0.8638994757437142
16062,22111,0.8557890919791401
16062,22952,0.8373015789452927
16062,23307,0.8323012667033471
16062,22423,0.8291052821562136
16062,21733,0.822802393360778
16062,22909,0.818723340297758
16066,23355,0.9662664969672812
16066,22114,0.9508337796066572
16066,22138,0.9432692028961825
16066,22551,0.9349635133264865
16066,23284,0.933063371478162
16066,22086,0.917520798157924
16066,22144,0.883224816749525
16066,22470,0.8741398312216442
16066,20972,0.8694502249533652
16066,21754,0.8634537209120932
16070,22577,0.8131572633734283
16070,22578,0.7902428731464354
16070,22086,0.7193127187176603
16070,23354,0.6970605488739785
16070,23344,0.685028786844924
16070,23311,0.6480681220466235
16070,23313,0.6429809680459907
16070,23328,0.6308927139354368
16070,23234,0.6225142269600163
16070,85049E,0.6197854706263617
16076,22138,0.9911237807002362
16076,22867,0.9872837507577795
16076,23301,0.98646674321385
16076,22865,0.9821062128035669
16076,22139,0.9772999694518216
16076,23300,0.9702979301749184
16076,21790,0.9686683578415981
16076,22621,0.9644813044573961
16076,23208,0.9582684469580518
16076,22619,0.957536931714399
16079,23084,0.9053066377558691
16079,22086,0.8873390356938807
16079,22910,0.8527894948930044
16079,22197,0.6682442042507584
16079,22952,0.6394985751613297
16079,22738,0.5728828760637605
16079,22909,0.5679514165952168
16079,22170,0.5609984215458251
16079,15058A,0.5514074656839864
16079,22421,0.5425654094012556
16085,22086,0.9822872305458119
16085,21790,0.9715454308783702
16085,22470,0.969859994572569
16085,22766,0.9676236403912016
16085,22549,0.9599770976812537
16085,21791,0.958563874005262
16085,22865,0.9549344004701186
16085,21891,0.9548370122118718
16085,21892,0.9542443985929452
16085,21915,0.9527498136979861
16094,22607,0.9266708790055871
16094,22469,0.917875877087823
16094,22961,0.8820852382716223
16094,22423,0.8707116136660347
16094,35970,0.8598355620210335
16094,71053,0.858700311788776
16094,22993,0.8404949604961771
16094,22605,0.8311028088629817
16094,23307,0.8216971906759963
16094,21912,0.8185436603866647
16103,23052,0.939028283688628
16103,22766,0.9119356135204633
16103,23051,0.8742437806133398
16103,85123A,0.8280292625591895
16103,23050,0.8204982022935267
16103,23092,0.817816693468497
16103,22189,0.8093282186703735
16103,22170,0.7899740756946927
16103,22087,0.75053795049647
16103,22677,0.7055200615666943
16107,79321,0.959996916691926
16107,47566,0.9510470087774587
16107,22699,0.9487191576967152
16107,23084,0.9379350175001472
16107,22697,0.9327708377127562
16107,85123A,0.9249359472659067
16107,22865,0.9084079873576578
16107,22720,0.8895002584761441
16107,22698,0.8782092506932334
16107,21481,0.8188254223081578
16115,23301,0.9929808126452963
16115,23300,0.9925399981067098
16115,23296,0.9891517938345011
16115,23293,0.9882998493080307
16115,23295,0.9858262273274049
16115,22666,0.9811471675145519
16115,22993,0.981066880073754
16115,22722,0.9800805061366934
16115,23294,0.9798987862283927
16115,23198,0.9797574544107363
16119,22457,0.7979217376917769
16119,22831,0.7100329260583644
16119,22759,0.6815184045791475
16119,84947,0.597102105630995
16119,22082,0.5887031264683128
16119,35970,0.5862613364197671
16119,22178,0.5840262627753298
16119,22079,0.5674586451715236
16119,22784,0.5648596796063979
16119,23395,0.5567792031843845
16128,22866,0.962960659992866
16128,22867,0.9587694599102692
16128,22960,0.887917197337692
16128,23343,0.8558202430807182
16128,23084,0.8518402439073949
16128,84347,0.8410302643520663
16128,85053,0.8110490642924976
16128,20972,0.8048608035187558
16128,22086,0.7915756127217238
16128,84832,0.7907086859409109
16133,22961,0.9883121593102396
16133,22139,0.9830794610552644
16133,23295,0.9771117468428302
16133,21791,0.974914158560852
16133,23294,0.9725085594135906
16133,23296,0.968413250294791
16133,23240,0.9628442020850042
16133,23503,0.962696214725637
16133,47566,0.9553765897694548
16133,23293,0.9535337407462802
16134,21876,0.7635267884297449
16134,22909,0.7189209389145604
16134,22457,0.715972679186944
16134,22413,0.6906433706496269
16134,82583,0.6639418712900959
16134,21175,0.6581213793940256
16134,22488,0.6532915866883793
16134,23192,0.6462983158937128
16134,23426,0.643987004351659
16134,22809,0.6263570711126664
16139,23126,0.9055060048095723
16139,23328,0.8758062340821154
16139,23298,0.8635734262042705
16139,35970,0.8179300375641034
16139,22271,0.7989318590884571
16139,23311,0.7746842867939161
16139,23127,0.7540577774150058
16139,23330,0.7471292657416762
16139,23353,0.739090820749747
16139,23318,0.7368321677420622
16143,22667,0.9737622724698634
16143,22470,0.9682960859747508
16143,22666,0.9682522605800685
16143,21430,0.9586599737749893
16143,47566,0.9423505350916043
16143,21166,0.9387495307075556
16143,21428,0.9339652785099065
16143,21181,0.9246813711116033
16143,47559B,0.9246240470589512
16143,21175,0.9182574221733586
16145,20914,0.9959468968012963
16145,23298,0.9918783942658278
16145,22720,0.9850995206061096
16145,21733,0.9831462579686362
16145,23295,0.9820834411375456
16145,22219,0.9793804593252952
16145,22077,0.9768870357514531
16145,85123A,0.9748123612100219
16145,23294,0.9732740236906472
16145,84792,0.9687174087696455
16149,85199S,0.6671679915905921
16149,22158,0.6531489106039706
16149,23275,0.6207174046492739
16149,85061W,0.6001704261082212
16149,22144,0.44091597859936066
16149,22141,0.4230316253028807
16149,22694,0.39844085021920034
16149,22066,0.3839904029457192
16149,23032,0.3720326515996537
16149,22335,0.36819077239438613
16156,22910,0.9734509594233649
16156,22086,0.9683983923837238
16156,22720,0.9477237930504065
16156,23355,0.933117531852803
16156,23344,0.9273671261716506
16156,23157,0.9199082255129851
16156,23313,0.9139782249282484
16156,23288,0.9107880700451048
16156,22083,0.9067247091956384
16156,23084,0.8951871457571834
16157,22456,0.8786822941428608
16157,23089,0.8621917806285114
16157,23169,0.6869062229814515
16157,84879,0.647924437636865
16157,21326,0.5773800990565459
16157,47566,0.5746367827066979
16157,21314,0.560924633605562
16157,21313,0.5050396818673101
16157,22423,0.47801699560768585
16157,22469,0.40356703039246655
16161,22113,0.9925298267251615
16161,22910,0.99056004023674
16161,21259,0.9879361188820557
16161,22086,0.9817311160839098
16161,22144,0.974202387398917
16161,23203,0.9716322590823959
16161,23103,0.9674643173369432
16161,22568,0.966254727496083
16161,21559,0.9648449715393138
16161,22909,0.9607455708279514
16164,23109,0.9452070601210626
16164,23318,0.913556735110854
16164,22910,0.9061409293978044
16164,22584,0.9042311555873233
16164,84832,0.8724448959368317
16164,22738,0.8608983999369134
16164,23350,0.7771442140374097
16164,23353,0.7587628929015788
16164,22086,0.7208439704765814
16164,23192,0.7187981618732914
16168,23301,0.9792943910407678
16168,22456,0.9485923099909032
16168,21174,0.9475129933182503
16168,22087,0.931647729089986
16168,23084,0.9268681915834834
16168,22668,0.9267139204705698
16168,22698,0.9242508998764281
16168,23313,0.9198951400331122
16168,23300,0.9177439968048344
16168,22699,0.9155130759423346
16169,22411,0.9503446006123142
16169,85099C,0.9222922707440538
16169,21931,0.9063809413186955
16169,22077,0.8990579625896387
16169,23202,0.8812414543619597
16169,22384,0.8676370210536023
16169,21928,0.8659246970162526
16169,23201,0.860897498990636
16169,20726,0.8601409768279094
16169,22630,0.8538107537140308
16173,22112,0.9913918300604078
16173,82483,0.9775360180238692
16173,23298,0.9700513459716619
16173,22720,0.9597632937826553
16173,22138,0.9562340603391571
16173,22139,0.9534742643500391
16173,22457,0.9508756014518908
16173,20982,0.9489043785194174
16173,82486,0.948723328703746
16173,22835,0.9372008397169015
16185,23313,0.8110955164347601
16185,22909,0.7187406413374716
16185,23234,0.706374156956109
16185,22142,0.6936833780409101
16185,22141,0.684056127497502
16185,22734,0.6783713954993149
16185,23349,0.6535253785659166
16185,47591D,0.5879556368369492
16185,22940,0.5758459659235148
16185,20914,0.5736550931104331
16186,22726,0.9947935009551443
16186,22865,0.9932520171197465
16186,22727,0.9929710060973743
16186,22178,0.9896245770951299
16186,23208,0.9890198475362695
16186,22988,0.9867711767032108
16186,23209,0.9863072240235782
16186,23205,0.9855372984288401
16186,20971,0.9821277610222906
16186,21481,0.9800400730642881
16189,23035,0.8250139217099635
16189,21669,0.814283517242864
16189,21668,0.7325573737764349
16189,23032,0.6997898625762701
16189,22771,0.6284736108922313
16189,22839,0.6238891124274726
16189,22838,0.5572469603567153
16189,22772,0.4913257424609061
16189,22423,0.3243817130803215
16189,22469,0.2710097699977378
16191,22726,0.9950022894939654
16191,22727,0.9867637628653024
16191,22728,0.983074288970736
16191,84375,0.9714490261823278
16191,22086,0.9707630787981574
16191,22734,0.9651696585300175
16191,23263,0.9638579590798937
16191,71477,0.956644894089645
16191,22964,0.955136614491052
16191,23275,0.9404495092569204
16200,22470,0.9658216075185783
16200,23321,0.9635659839584396
16200,23203,0.9613360399846994
16200,22469,0.9605254021924138
16200,23333,0.9526202997334172
16200,23329,0.9500219474235639
16200,22411,0.9423371758464577
16200,23330,0.9408066165516525
16200,22382,0.9403126767498943
16200,23322,0.9397996812005188
16201,23209,0.99358687268251
16201,22411,0.990878584834634
16201,23344,0.9850074863661165
16201,21929,0.9848554701730143
16201,23204,0.9812811990178826
16201,85099C,0.9799730840573792
16201,84879,0.9793523583456065
16201,20719,0.9791821141134096
16201,23201,0.9782385210166201
16201,23203,0.9729690043150521
16210,22041,0.9806832410731152
16210,21137,0.9722988386943833
16210,85123A,0.9639066253546453
16210,22633,0.9390512436248505
16210,22632,0.9279534471577131
16210,22507,0.9219158871521551
16210,22666,0.9211330479278913
16210,21174,0.9015551306471817
16210,22619,0.8969887943024282
16210,22943,0.8757358205686165
16212,22086,0.7478019697351562
16212,22910,0.738475060758293
16212,23311,0.7046829497964633
16212,20972,0.6835778352171221
16212,22952,0.6733540011512973
16212,23313,0.6666307614625143
16212,23245,0.6496461765103294
16212,22739,0.6276647167792364
16212,23493,0.6122626010462927
16212,23397,0.6080846217109172
16240,22666,0.966019400524026
16240,21210,0.9637514128166664
16240,22720,0.9486824737858703
16240,23201,0.9485488617762083
16240,21889,0.9456405527312719
16240,22086,0.9439749238602091
16240,22699,0.9425699186722839
16240,23344,0.9408412167604325
16240,22960,0.9310731216191368
16240,21121,0.9271672475461485
16241,21929,0.9979582975595872
16241,22662,0.9974077525814509
16241,21175,0.9960177874060618
16241,23321,0.995605160795457
16241,22411,0.9950874642776059
16241,22910,0.9950037081371397
16241,84836,0.9940193708544606
16241,23207,0.9939526333575408
16241,21429,0.9934643495199136
16241,21169,0.9930599758169054
16242,20725,0.9971656008499641
16242,23203,0.9970493792464052
16242,22384,0.9949243626204435
16242,20728,0.9910751643521306
16242,20727,0.9871744998535644
16242,22386,0.9849590629238003
16242,20685,0.977084830110431
16242,23209,0.9753474276736356
16242,21327,0.9729397050733208
16242,85099B,0.9706084366195281
16245,21533,0.9130670147223877
16245,84879,0.9020833811689261
16245,82494L,0.8991318878717081
16245,23265,0.885870430137634
16245,84978,0.8808490078298082
16245,22508,0.8585158491041034
16245,23266,0.854035914875412
16245,22945,0.8497365976298962
16245,23323,0.8473929929057122
16245,23264,0.8449632575106255
16255,22722,0.985026812090285
16255,22666,0.9833298750165407
16255,22557,0.9798686573935883
16255,21080,0.9722046182739753
16255,79321,0.9704205778148057
16255,84378,0.9695323561256667
16255,22723,0.9686019690119316
16255,23293,0.9663320320788997
16255,22795,0.9660400943446675
16255,22173,0.9644844779490535
16261,21754,0.9782608288784889
16261,23328,0.967101441952686
16261,22720,0.9655830785862591
16261,21034,0.9423718864269972
16261,22086,0.9348446893856703
16261,22669,0.9292231454192341
16261,21755,0.9255089371080608
16261,84879,0.9235885740899329
16261,22666,0.9064400927423915
16261,22112,0.8968252150632674
16265,23344,0.9860627818755289
16265,21931,0.9837931473895553
16265,22630,0.9808121638009482
16265,22411,0.9745740930326188
16265,22726,0.9697179862625359
16265,22326,0.9691243343061499
16265,22197,0.9686459424550706
16265,22865,0.968558317608175
16265,22993,0.9623114141860193
16265,84029G,0.9597116420298083
16271,20724,0.9650338069773451
16271,23263,0.9586876698199017
16271,23203,0.9575761950815455
16271,85099B,0.9570683527137358
16271,23293,0.9474320528532536
16271,84991,0.9412050179680093
16271,22644,0.9393257563456865
16271,23294,0.9364367935614867
16271,23182,0.9341837043268383
16271,82580,0.933107272286928
16279,23284,0.9067028569968271
16279,23298,0.9040033761308073
16279,23319,0.9002925124061714
16279,21889,0.8991517272161403
16279,23493,0.8964562345609619
16279,22112,0.890804533358156
16279,22960,0.8861061550156787
16279,22144,0.8841153920217598
16279,23311,0.8821474670280899
16279,22114,0.8777999310811831
16283,22467,0.9562253630467675
16283,22992,0.950590357292423
16283,22991,0.9346065394680778
16283,23082,0.92731111222241
16283,22374,0.9245936800137879
16283,22197,0.9216655364712021
16283,23084,0.9146282126049615
16283,21891,0.9102018360951287
16283,21731,0.9049301349305383
16283,22973,0.8767328386993944
16293,22866,0.9581635658738719
16293,22867,0.9560765167720852
16293,23344,0.9507118167648819
16293,84945,0.9396584906918269
16293,23082,0.938034024203994
16293,23298,0.9333661838307175
16293,22086,0.9286658652057534
16293,21754,0.9186680662336153
16293,85123A,0.9156115380824985
16293,22666,0.913706099761815
16295,23300,0.969469426714226
16295,23301,0.9651397728351857
16295,21754,0.9476763732512707
16295,21755,0.8917126350430491
16295,22699,0.8900773375583475
16295,22734,0.878584567338361
16295,21314,0.8765167656329974
16295,22086,0.8650820617971963
16295,22910,0.8607472223736363
16295,48194,0.8375121067292262
16298,22727,0.8307424809353077
16298,22728,0.811556044644301
16298,22470,0.7284387783455756
16298,22726,0.665528474217032
16298,84879,0.6018364997451545
16298,84836,0.5639911308482289
16298,22469,0.5516931538510307
16298,23089,0.5511833732308096
16298,21232,0.5388934267371528
16298,22694,0.5229478036253945
16303,20726,0.9721018694948422
16303,21479,0.9651195564438682
16303,20712,0.9609595422797995
16303,20725,0.9602152621660262
16303,22083,0.9580499073131542
16303,20728,0.9544340619093055
16303,22382,0.9460887941538964
16303,22662,0.9398789070668505
16303,21481,0.9394649427472359
16303,22385,0.939121028084553
16311,23082,0.8847849357829218
16311,23338,0.8135819356237355
16311,21484,0.7992920664202015
16311,22568,0.7918810590642189
16311,85049E,0.7458991207284282
16311,23147,0.725233134087021
16311,23201,0.7180959267896571
16311,23209,0.7164573048837972
16311,22493,0.6545666169556719
16311,22692,0.6328122953629087
16313,22961,0.640021333208244
16313,22178,0.597994616312703
16313,48187,0.5802955629015252
16313,22274,0.5634071988734417
16313,22624,0.557587629899988
16313,85053,0.549572582098232
16313,22654,0.5483834106722917
16313,17091J,0.5184766493902679
16313,22492,0.5071279811135346
16313,22271,0.4841065326015038
16322,23212,0.9340178670233314
16322,23265,0.923815421154048
16322,23275,0.9142568875915758
16322,23213,0.9041307663237891
16322,23189,0.8656293136172796
16322,22696,0.8050595176099964
16322,22080,0.7837840940482166
16322,23144,0.7729234131238486
16322,21755,0.7680471780117197
16322,22594,0.7602985041449137
16326,48187,0.9917850548845439
16326,48194,0.9885299400780315
16326,23284,0.9884150523468196
16326,23283,0.9855645048209781
16326,48188,0.9853325407748432
16326,22867,0.985297467833442
16326,22866,0.9847881533246198
16326,20685,0.9845397614886207
16326,22692,0.9813542274634651
16326,48173C,0.9790966807874251
16327,15044D,0.9798238286725445
16327,21559,0.9794341298203662
16327,21154,0.9782200210264693
16327,84945,0.9771102095022595
16327,47591D,0.9769201911348635
16327,22348,0.9744514392957088
16327,22467,0.9729166638106487
16327,22139,0.9725102529606672
16327,20972,0.9712132396316766
16327,82580,0.9711057095373661
16330,23330,0.839038963488874
16330,22960,0.8114224530358743
16330,23302,0.7569287025406334
16330,21876,0.7489589207667894
16330,23101,0.7424547255257329
16330,23245,0.7323108581932861
16330,22139,0.7297671945377744
16330,23333,0.7271050289384591
16330,22470,0.7262275177747196
16330,84347,0.7163562303780543
16332,22639,0.9505341399849324
16332,22554,0.9082425819198833
16332,22557,0.8992494199361128
16332,23321,0.8955698787998456
16332,82486,0.891694371219379
16332,82483,0.8702255744049205
16332,23167,0.8659758416938613
16332,21733,0.8637085164064395
16332,85014A,0.8625355607977372
16332,23084,0.8625151734183101
16333,21891,0.9684676982857762
16333,21915,0.9652021445969342
16333,84077,0.9627000608328401
16333,22620,0.9137536270510037
16333,22440,0.8845399996114633
16333,22693,0.8791488701283164
16333,21749,0.8254862460349488
16333,22086,0.8002529834290774
16333,21704,0.6337763186300579
16333,23163,0.16631599082528647
16341,23344,0.9004806105001454
16341,20972,0.8829887448316
16341,21519,0.8766976723739042
16341,85099B,0.8759638115375229
16341,22083,0.8479335433717594
16341,21833,0.844041572477498
16341,20727,0.8383362669952427
16341,20725,0.8335687977829228
16341,22596,0.8333704452101559
16341,85099C,0.8219528950672552
16347,22111,0.9921904207735038
16347,23355,0.986937027217315
16347,21485,0.9833183508018069
16347,84029E,0.9775682132923226
16347,22086,0.9711265603725049
16347,23202,0.9587754388010437
16347,21479,0.9587423492066457
16347,22910,0.9516683397448986
16347,22470,0.9397712533683301
16347,21931,0.9358715808261641
16350,22470,0.8824607963474911
16350,23332,0.877363532187855
16350,23329,0.8678775479520053
16350,22469,0.8510942646128365
16350,82486,0.8291635373527897
16350,23322,0.8255575512517452
16350,22865,0.808252481089333
16350,22972,0.7997029706769633
16350,23321,0.780921717053242
16350,82484,0.7701880687721145
16352,22457,0.838920163175122
16352,23322,0.7765578621096199
16352,22469,0.7625188043536597
16352,23321,0.7588306711450423
16352,84836,0.7543131771392629
16352,22086,0.6951351316795605
16352,21154,0.6868484778301547
16352,21175,0.6850718865859561
16352,22113,0.6847291349668165
16352,22897,0.667981885766832
16353,23313,0.986377359789851
16353,79321,0.9838563088321852
16353,21218,0.9768594627460407
16353,21155,0.9693753861271872
16353,82552,0.9682566497537359
16353,22835,0.9658564956490655
16353,82551,0.9617482403027687
16353,23243,0.96117111027245
16353,20754,0.93581024746384
16353,21154,0.9335069987166968
16358,21790,0.9759642663236541
16358,20719,0.9747790021346746
16358,23206,0.9725375160251176
16358,23204,0.9659885537965349
16358,20726,0.9637345038869828
16358,23208,0.9606557530826055
16358,23209,0.9585197658670328
16358,22382,0.9578463621898191
16358,22748,0.947482394242051
16358,21791,0.9438510729489823
16359,22916,0.9780174878455705
16359,22917,0.9775496538478664
16359,22918,0.9724435209972734
16359,22424,0.9622256587577094
16359,22919,0.9595729549844915
16359,22920,0.958632502982004
16359,22921,0.9293009402759002
16359,84836,0.9223807809070246
16359,22847,0.9092578411352287
16359,22722,0.9059927595715904
16360,22114,1.0
16360,84029G,0.9995750701203948
16360,22557,0.9994554530050558
16360,22141,0.9988430561717263
16360,22113,0.9985554589861291
16360,22551,0.9980300787039477
16360,22556,0.9975866369428762
16360,22561,0.9970433433737852
16360,22554,0.9970277633718871
16360,22467,0.9962837513261358
16361,23169,0.9539240245994701
16361,84032B,0.9385308961113699
16361,23083,0.9319355831196819
16361,22734,0.9167796048117589
16361,23082,0.9128879407471354
16361,22429,0.9125629914712787
16361,22077,0.9045854118762069
16361,22607,0.8989115277884407
16361,85053,0.895266010289151
16361,22670,0.8936035000504099
16364,22109,0.8216479561163855
16364,23080,0.8007613346352283
16364,22607,0.7671488692921974
16364,23101,0.7623506076748545
16364,23100,0.7596475730325184
16364,23075,0.7576908584167674
16364,22867,0.7537555119601518
16364,21329,0.7360689644676429
16364,21327,0.7352114119082057
16364,23319,0.6975970963004293
16365,20749,0.8943119269202562
16365,22086,0.8635027233885489
16365,23298,0.7501322840445308
16365,21770,0.7499370501743768
16365,22776,0.7308769981827713
16365,23169,0.7060717969478515
16365,23320,0.6799050405277419
16365,22739,0.6766378361883674
16365,22736,0.6742921823811232
16365,22737,0.6526279760276649
16369,23240,0.9743954535104978
16369,21974,0.9732737341585131
16369,22910,0.9705064521446313
16369,22082,0.9609276209228553
16369,22086,0.959724370257764
16369,23293,0.9596868066234451
16369,21592,0.95967309091069
16369,22561,0.9559895455043536
16369,20983,0.953795761315803
16369,23319,0.9509405359802524
16379,23240,0.9920066480789957
16379,22766,0.975313797306105
16379,22910,0.9682530622361052
16379,23202,0.9655891056652952
16379,22086,0.9652313275404539
16379,22077,0.9639951938598462
16379,23199,0.9559899788110385
16379,23201,0.951570880619848
16379,23206,0.9505105210975372
16379,23209,0.9502534636757881
16386,21918,0.9097806119476284
16386,84946,0.889376520055848
16386,84879,0.8793821607316454
16386,22993,0.8737239366560012
16386,85032A,0.866439165403235
16386,85032B,0.8583736227135269
16386,21326,0.8471553772309014
16386,22558,0.8444813999055482
16386,21982,0.8416378474968549
16386,22197,0.8410324707558238
16393,23343,0.9960390820833053
16393,22867,0.994822745769806
16393,22383,0.9930354163647495
16393,22865,0.9899853083722757
16393,22632,0.9888081798760316
16393,22629,0.9874814515960363
16393,23344,0.9873252891682519
16393,22382,0.9854471402797926
16393,22633,0.9850416721133416
16393,20726,0.98436090066017
16399,85150,0.853932330057468
16399,21733,0.8458331700078084
16399,85123A,0.840456933394576
16399,23439,0.7984546850418309
16399,82581,0.7788416962159845
16399,23182,0.7678332087576867
16399,22632,0.7664717268037873
16399,22077,0.7573965949539013
16399,21326,0.7520708755500742
16399,22112,0.7417910087436457
16401,20726,0.997434113202857
16401,20728,0.9958609087048427
16401,22554,0.9947921024261607
16401,20727,0.9900274145269935
16401,22197,0.9888251251217709
16401,20725,0.9882109119753432
16401,22383,0.9843049998972115
16401,22557,0.9831481969995047
16401,22384,0.9805685749281078
16401,22432,0.9742253432997332
16407,21733,0.9748083960250065
16407,21670,0.9698118936839457
16407,21673,0.96845575019922
16407,82483,0.9652317884455933
16407,21754,0.9645793886287934
16407,23031,0.962528928463113
16407,21668,0.9600553011759816
16407,21671,0.9583970748710796
16407,21672,0.955583081234813
16407,82494L,0.9542481794111948
16411,22867,0.8932058914111471
16411,23322,0.8457402892764583
16411,22865,0.8401991416244083
16411,22113,0.8255407709658523
16411,23344,0.8168985387470915
16411,22866,0.8050900551698027
16411,21889,0.8041045562127289
16411,21154,0.7931987667153418
16411,22966,0.775406220193727
16411,23439,0.7671943667908762
16414,20750,0.8018500721330288
16414,21217,0.796056832603218
16414,23067,0.5260485271896715
16414,84946,0.49892023594183305
16414,21465,0.22386544486670687
16414,21624,0.21998655313620702
16414,21980,0.21353573101860207
16414,23407,0.20890949555282093
16414,21358,0.16771188791625027
16414,84978,0.1591651825710015
16416,23207,0.9712680063075978
16416,23328,0.9592573965731018
16416,82483,0.9382340656295804
16416,23321,0.9380170155223452
16416,20727,0.9330098194910764
16416,82482,0.908435309749373
16416,22355,0.8990258345604911
16416,23152,0.8898735541153061
16416,22384,0.8861855906503363
16416,23298,0.8856319045199306
16422,20974,0.9976284864037204
16422,22333,0.9961052035646741
16422,21080,0.9941684719528572
16422,20677,0.9913581539695128
16422,84755,0.9909415552948061
16422,21380,0.9903835956943517
16422,20975,0.98914565308913
16422,21213,0.9884014631438102
16422,21086,0.9881450385707157
16422,20972,0.9860460652653094
16426,20728,1.0
16426,23203,0.9975866594692684
16426,22865,0.9972637185013411
16426,23208,0.9972425886091357
16426,22554,0.9971700629375505
16426,22910,0.996363143313046
16426,22383,0.9962758918879792
16426,22727,0.9962679014917802
16426,23202,0.9961968463715687
16426,22411,0.9952506880593097
16438,72351B,0.9851603448039727
16438,72351A,0.9845789667775968
16438,22810,0.9697405619206511
16438,85174,0.9617446407308565
16438,85040A,0.96021676274231
16438,85038,0.9547128368896193
16438,72349B,0.9534118425572876
16438,22809,0.9512949237627667
16438,37446,0.9447052180405899
16438,22807,0.9281884525177361
16440,22111,0.9851850544198479
16440,22114,0.9694832837132848
16440,22910,0.9692711595355806
16440,23344,0.9653980539344548
16440,22909,0.9635725716466544
16440,23321,0.9595874156080157
16440,22112,0.9592084214484344
16440,23355,0.9587424349102878
16440,22086,0.9574696544072115
16440,23311,0.9480735920799415
16442,23100,0.902032151023494
16442,21912,0.89772075903227
16442,22906,0.8925687840849563
16442,22113,0.8849663024971804
16442,21993,0.8753634400241314
16442,21592,0.8712607894300028
16442,23083,0.8711672606402142
16442,22991,0.8698281532779248
16442,23344,0.8666135852959862
16442,23109,0.8640103932152664
16446,22396,0.3641919066874576
16446,22982,0.36000541337061615
16446,22098,0.3551760701092672
16446,22138,0.3138326613677843
16446,22804,0.28387691972817547
16446,22835,0.27776503290603327
16446,22635,0.26472623005264045
16446,22617,0.2543153598737054
16446,22980,0.24935713548293598
16446,23084,0.2475874349418737
16458,85099F,0.9990219474516903
16458,21931,0.9987675223904386
16458,22386,0.9980778643940766
16458,85099B,0.9979805148803539
16458,23203,0.9950421279029854
16458,85123A,0.9949129493395755
16458,82482,0.9915297371717023
16458,82494L,0.9882630103326346
16458,85099C,0.9873018019774386
16458,21928,0.9864652665520676
16460,22736,0.7845559365475195
16460,22737,0.7728030585098656
16460,21328,0.7706288364418502
16460,47590B,0.7678340413518171
16460,22621,0.7370997028416265
16460,47590A,0.7348241625911188
16460,22580,0.7304564452083898
16460,23321,0.706295610926195
16460,22111,0.7057324638836313
16460,23300,0.7049882889391402
16463,22139,0.9424971952715132
16463,84077,0.931756710575184
16463,21791,0.92118656355035
16463,22617,0.9106336699020936
16463,22138,0.9059568147209484
16463,22909,0.8906504651700681
16463,22621,0.8582912418032216
16463,22910,0.8458847102577771
16463,84378,0.8191171795613557
16463,21790,0.8040504897363661
16464,22142,0.9909326159826121
16464,22273,0.9880135466471963
16464,21975,0.9823074052861142
16464,22694,0.9799938660133455
16464,84836,0.978389318550411
16464,20728,0.9753036083977383
16464,22271,0.97460531331472
16464,22083,0.9731666288038093
16464,23293,0.9723218426880078
16464,21481,0.970997195033972
16469,23322,0.9214970962775114
16469,21591,0.9137784037334287
16469,21584,0.9100691121910901
16469,22158,0.9091109445843396
16469,85048,0.9033931370518453
16469,20982,0.9002415487972426
16469,23084,0.899190007076817
16469,23393,0.8770061537573046
16469,23329,0.8767505621406404
16469,23266,0.8748674737284222
16474,23301,0.9767551171527141
16474,21755,0.9760691007317801
16474,22555,0.9711176789818986
16474,23300,0.9670029667420372
16474,22457,0.9628690862152219
16474,82494L,0.9619652095452257
16474,22384,0.9592050953893926
16474,22909,0.9590078536737798
16474,20978,0.958961647684193
16474,23328,0.9585205674069459
16478,22138,0.8522336057566038
16478,23080,0.8009187466181458
16478,22505,0.7642441673250066
16478,22766,0.688048443405652
16478,21912,0.6801683236887753
16478,21791,0.6657289250821631
16478,85199S,0.648206848925213
16478,21790,0.6400364502811524
16478,22619,0.6146567596141985
16478,21704,0.579630131398405
16495,22992,0.953644374746138
16495,23103,0.9066950834324992
16495,22150,0.9039402524579057
16495,84375,0.9031119501941799
16495,21124,0.8929225509964037
16495,21122,0.8773742912306727
16495,22367,0.8706082882410031
16495,22139,0.8646120339256553
16495,22991,0.8616253622640545
16495,22141,0.8561545534632053
16496,22865,0.8745428728667591
16496,22867,0.832235453366052
16496,22621,0.8017288849806538
16496,22633,0.8008693647178449
16496,84077,0.8001600118014545
16496,21703,0.786968839733802
16496,22866,0.7653494007883805
16496,23084,0.7634606725206877
16496,23344,0.7598311522462801
16496,22470,0.7501960603740642
16500,22086,0.786908724429282
16500,23493,0.523428901720218
16500,22792,0.5037267687523728
16500,22791,0.4314220856776696
16500,23311,0.3092442768280051
16500,23354,0.3034066606304462
16500,23353,0.287378028812296
16500,23503,0.27858781092194085
16500,22593,0.2559375232900886
16500,21818,0.25440627271760213
16506,22470,0.527622316988118
16506,22696,0.5201997565456977
16506,22296,0.5072592164182751
16506,23407,0.29118867808713506
16506,22942,0.2252285866349475
16506,21462,0.22159305594044412
16506,22600,0.21722156107604468
16506,22531,0.21396282216556575
16506,23235,0.19474076189142647
16506,22577,0.18808275358872356
16511,22662,0.9843440010077361
16511,22630,0.9620164680422806
16511,22139,0.9601910180810467
16511,22629,0.9475639010656048
16511,22382,0.937128028920565
16511,22910,0.9276383034512345
16511,22411,0.9262328581121512
16511,22086,0.9134309106927441
16511,23209,0.9065159569371565
16511,23084,0.901950750098571
16513,22384,0.9203452235874071
16513,20728,0.9041138957814229
16513,22114,0.8955588298758272
16513,22367,0.894870525949762
16513,84375,0.8914227834508246
16513,23206,0.8876593798796828
16513,21213,0.8732438336784041
16513,20726,0.867457206895015
16513,84997C,0.8657863229868178
16513,20727,0.8577093278338268
16519,M,0.6823093686948476
16519,72741,0.624702993838931
16519,22300,0.5758407208366734
16519,21930,0.5745079719912882
16519,22634,0.5524443603330795
16519,22626,0.479546148082152
16519,23103,0.45528503227696415
16519,22992,0.3871343519887372
16519,15056N,0.3813038974612583
16519,79321,0.3777507824060382
16523,23202,0.9967373732968059
16523,23203,0.9964700439651445
16523,85099C,0.9936282674802666
16523,48185,0.9924761734749501
16523,48194,0.9894486936743514
16523,22411,0.9861145188869934
16523,20685,0.9815917342956527
16523,23344,0.9813780360029519
16523,48138,0.9793970352402153
16523,48184,0.9734441438605931
16525,21326,0.9905153061068609
16525,22169,0.9894037065193254
16525,84947,0.9847148803671958
16525,22791,0.9762880037739976
16525,21259,0.9744182378282754
16525,82482,0.9737353120716451
16525,82494L,0.962454629025432
16525,21524,0.9492469480891589
16525,85123A,0.9383034409333993
16525,21181,0.922443277234429
16531,23084,0.9600851128405221
16531,22086,0.9369379514063453
16531,84375,0.8870332797099155
16531,21915,0.8820839459423352
16531,21452,0.8642323015157539
16531,21485,0.790629450375464
16531,22555,0.7811721190581716
16531,22554,0.7757804141035073
16531,22526,0.7625433504375861
16531,84077,0.7604605868670348
16532,79321,0.8060706540008322
16532,23122,0.2414098551108459
16532,85123A,0.06963937909939857
16532,22784,0.06353121004680794
16532,22935,0.06322020208907969
16532,16045,0.05993641703347931
16532,22423,0.059188165047333485
16532,22711,0.058422957105845705
16532,23545,0.05687684474294576
16532,22839,0.05497280782770806
16533,23328,0.9625955678238108
16533,23014,0.9603405505714762
16533,22361,0.9582779446633235
16533,22360,0.9525850766710922
16533,85053,0.94713862858022
16533,21907,0.9465160254888375
16533,21876,0.9432508326246962
16533,23103,0.9418527421400695
16533,23393,0.9411988663349916
16533,82580,0.9408613146908662
16539,21523,0.9387152444383099
16539,21955,0.8932527277029607
16539,82494L,0.8867253765260377
16539,82482,0.8684601901474169
16539,21754,0.8681687273043591
16539,48194,0.7875083673476146
16539,48184,0.7786847067091478
16539,22469,0.741335856432147
16539,82483,0.7270768037007127
16539,21755,0.7133326470602689
16549,23439,0.99953027740095
16549,23103,0.9992011419960402
16549,21169,0.9991529785837066
16549,21314,0.9990699068381035
16549,23207,0.9979489239068849
16549,20728,0.9976778329492088
16549,82552,0.9976267912996284
16549,82580,0.997625341541285
16549,21877,0.9972929734528202
16549,23205,0.9972591723263876
16557,84946,0.694176591022207
16557,22178,0.6279458870413184
16557,22791,0.6159737998328572
16557,22423,0.5638577579168728
16557,82483,0.5471077680357974
16557,22801,0.5334413331332866
16557,22197,0.49707220503157895
16557,21915,0.43547614208264596
16557,21977,0.4234915029415951
16557,21790,0.4035903950216208
16558,22867,0.994996432830621
16558,22960,0.9920048671685754
16558,22114,0.9907856586083832
16558,22909,0.9892488869188261
16558,21314,0.9881266568937868
16558,22112,0.987332119190271
16558,23351,0.985998031359489
16558,23298,0.9856295040264029
16558,23350,0.9847480884213459
16558,23313,0.9825471908073257
16560,22840,0.8480849252898564
16560,21217,0.823871731249803
16560,22842,0.8127524508544529
16560,22423,0.785921235793123
16560,22697,0.7780568949280201
16560,23245,0.7645358218917881
16560,22962,0.7535260799704993
16560,21533,0.743985085477269
16560,23263,0.7439544247942728
16560,23293,0.7412590665840049
16561,23313,0.8717275698743057
16561,22910,0.8648638828096709
16561,22086,0.7418348963326005
16561,22150,0.720056062433923
16561,21136,0.7164084867055648
16561,22734,0.7116130337543389
16561,23083,0.6865495472313309
16561,23298,0.6779413203021839
16561,22144,0.6507639555043224
16561,22749,0.6480662842604468
16566,21326,0.8730136261585009
16566,84949,0.7652504071823104
16566,84946,0.7530652421651457
16566,15056N,0.6804941697500254
16566,22464,0.5502460722911042
16566,21340,0.5393064591835365
16566,22151,0.5361957399189251
16566,22224,0.5319370097007406
16566,22791,0.45268202775138
16566,22693,0.28240010192016046
16570,22727,0.9835836213097214
16570,23201,0.9830848487078684
16570,84879,0.9811551293495279
16570,22726,0.9709936671553597
16570,20724,0.9643046810545876
16570,22865,0.9617302356542635
16570,20723,0.9601370142677189
16570,20728,0.9475317137673657
16570,22411,0.9382364939763886
16570,23284,0.9369056373376452
16571,23240,0.944222251497114
16571,22077,0.9438273301532335
16571,22720,0.9384945340795128
16571,22178,0.9358183689625863
16571,22749,0.9088898896985423
16571,16237,0.8995818880826579
16571,20972,0.882225645329002
16571,22960,0.8642501391637518
16571,22750,0.8569858654791956
16571,22149,0.8545759059761597
16592,23355,0.9965532100588422
16592,22086,0.9885617018278349
16592,22111,0.9879797280202511
16592,22624,0.9862415880153279
16592,22114,0.9855086368121181
16592,22865,0.9797526496087503
16592,22464,0.9784031227703105
16592,22197,0.9725823634861102
16592,23300,0.971465763634944
16592,22303,0.9712793418417842
16596,23103,0.6398935649367391
16596,22866,0.5861579506880925
16596,22113,0.5761347080282188
16596,23393,0.5758205224139149
16596,22224,0.5753758604658815
16596,22111,0.55850068448338
16596,22796,0.5276736535497826
16596,82494L,0.526172641571192
16596,22227,0.4766766634712699
16596,22578,0.3660144450081659
16600,20992,0.8815243527541236
16600,35471D,0.8487057168145997
16600,22065,0.8486299697653782
16600,22577,0.8256605426900318
16600,10135,0.7545709659713289
16600,22596,0.7406431745743176
16600,23321,0.7270355551176438
16600,22075,0.6778523990617541
16600,20972,0.6753704519581379
16600,22219,0.6741102077931771
16607,22558,0.9614918683460855
16607,22722,0.9526587646689506
16607,22619,0.9359856791729694
16607,16161P,0.927702521156447
16607,23233,0.9241749264651474
16607,23079,0.9203366081054566
16607,22093,0.91344440807449
16607,23193,0.9087242419916635
16607,22498,0.9026259249931727
16607,22668,0.8812893298772838
16609,21931,0.9950817041553137
16609,20725,0.9913399836724532
16609,22139,0.9912101248977339
16609,22383,0.9859413170983979
16609,20726,0.984500976423883
16609,22554,0.9843477355295601
16609,23209,0.9827792574296509
16609,20712,0.981874944692385
16609,20728,0.9809888917022268
16609,23203,0.980693428838753
16616,21791,0.7923475378146848
16616,21509,0.7680524453199761
16616,21790,0.7603177533540013
16616,15036,0.7519871387525283
16616,21507,0.7189850177575162
16616,20723,0.7035061023627812
16616,21914,0.6996388204335413
16616,22712,0.6963891794866934
16616,23202,0.6886474574141965
16616,22112,0.6868749615630979
16620,23199,0.7394792177941367
16620,85099C,0.6729286755822894
16620,23201,0.6717516407581875
16620,22487,0.6398265335990927
16620,20682,0.6088918931748879
16620,23343,0.5650540921232655
16620,22629,0.5551303054391838
16620,85099B,0.5511844442451554
16620,22723,0.5251575950967182
16620,22578,0.5156283530603972
16626,22617,0.9896240215705162
16626,22624,0.9882133068267581
16626,21326,0.9830978917447332
16626,22138,0.9812930858744515
16626,22627,0.9795377914148408
16626,23103,0.9589743258183938
16626,23032,0.958678496616609
16626,21137,0.9577110596716512
16626,23029,0.9553836953074665
16626,22178,0.9549082913979097
16633,22111,0.9861672299991149
16633,22138,0.9742207751434501
16633,22113,0.9611634729788848
16633,23313,0.940655684463002
16633,23311,0.9390569196918892
16633,23082,0.9306502626653887
16633,23096,0.9273033353322557
16633,22086,0.8958807625718586
16633,22142,0.8933300313622646
16633,23318,0.8926667790090939
16638,22834,0.8642424037935624
16638,22866,0.8640682709086052
16638,22835,0.8525047771688825
16638,23313,0.7809336626589142
16638,22632,0.7470792090246532
16638,23311,0.7425326007006189
16638,82484,0.7367134173702281
16638,23312,0.720103666257785
16638,23129,0.7195583122585717
16638,23320,0.7134592229126121
16642,22414,0.7357909902697521
16642,21181,0.6668269742179659
16642,22185,0.5204764068486065
16642,79321,0.4884599862546289
16642,21340,0.46984815442967837
16642,22487,0.44121291723440986
16642,21169,0.39628732836014624
16642,23091,0.37924574884503526
16642,22909,0.3616452484803059
16642,23100,0.2986493396130419
16653,22083,0.8829757180539026
16653,23240,0.8726301704142915
16653,47566,0.821240086927993
16653,23245,0.8114430364894997
16653,22699,0.7908926537744404
16653,23203,0.7720696713043166
16653,21929,0.7471984782947795
16653,22720,0.7463326130729092
16653,22625,0.7214675133013311
16653,22558,0.7121145826885139
16655,22027,0.9040697190847142
16655,22029,0.900059283982395
16655,22909,0.898019079125389
16655,22716,0.8893680201019629
16655,21790,0.855691581826688
16655,22983,0.8490266572664167
16655,22086,0.8454870047585853
16655,22712,0.8435372727602592
16655,22952,0.8408354967102027
16655,21508,0.8250620868733428
16656,21704,0.9555849552343
16656,22998,0.9530732046699277
16656,22725,0.9057844183931506
16656,21790,0.8617456812015035
16656,22726,0.8243277296819618
16656,22625,0.7791660390578514
16656,21259,0.7395864392523379
16656,22727,0.6600029416682961
16656,85049G,0.6268370306604938
16656,21917,0.5908669195892364
16657,22992,0.9269898933038297
16657,22333,0.9177197412908422
16657,22578,0.9118295920457532
16657,21931,0.909929654424799
16657,22555,0.9093987074901524
16657,22082,0.9053265402227204
16657,35970,0.9048979141697472
16657,22382,0.9015004590905779
16657,22577,0.90098388505861
16657,22178,0.8994267846176975
16660,15056N,0.6949561918236359
16660,21731,0.6422502462556464
16660,23205,0.6050341084255373
16660,15056BL,0.5674928792233686
16660,23144,0.5605116140256775
16660,72807C,0.5508003405815156
16660,23145,0.5505953371386662
16660,23109,0.5372357452801456
16660,22900,0.49203529979916977
16660,21523,0.4670404526721378
16668,22536,0.8709053761742453
16668,23280,0.8703633036612668
16668,21790,0.8352125262533956
16668,85053,0.8116055261731692
16668,21260,0.696794868861607
16668,23282,0.5667866986725083
16668,23190,0.3466974895379992
16668,22491,0.3454585737163953
16668,21918,0.28375951470912164
16668,22959,0.11632246374455892
16669,22577,0.9614045656397254
16669,21975,0.9436350604769769
16669,22417,0.9346657381276388
16669,23308,0.9341334498783773
16669,22993,0.9330867957969649
16669,84991,0.9325886067156562
16669,21034,0.9308884780343548
16669,21212,0.9308122988255855
16669,22578,0.9253218663785309
16669,23245,0.924539122940108
16670,22698,0.8913007800912408
16670,22697,0.8860313785557653
16670,22720,0.882530828495613
16670,22112,0.8806080886312344
16670,22111,0.8795974365988919
16670,23245,0.8712905244720408
16670,22113,0.8712087342202028
16670,21843,0.8581218163355275
16670,85123A,0.851897175864722
16670,21733,0.8491452886721427
16671,85049A,0.8370083367712231
16671,22121,0.6412417397621949
16671,22086,0.41342264579071286
16671,85123A,0.17867009396163447
16671,84879,0.1386681900365809
16671,85099B,0.13699649016953744
16671,22839,0.12328884332912877
16671,22423,0.10030776589082516
16671,22784,0.09705337699584433
16671,47566,0.09310928801429723
16672,22726,0.9898453036252421
16672,22727,0.984483244746658
16672,22629,0.9844029341955699
16672,22725,0.9729245571992224
16672,22630,0.9727626058647911
16672,22467,0.9718091322788903
16672,22972,0.9372486686411948
16672,22634,0.9353723962451144
16672,22635,0.9229268006333649
16672,22697,0.9181017266412054
16678,71459,0.9915128441713856
16678,22558,0.9864191977141902
16678,84978,0.9862804709034279
16678,22993,0.9854671839504616
16678,22555,0.9792321707472543
16678,22996,0.972370779592549
16678,22966,0.967721562573042
16678,22111,0.9666302892663822
16678,22961,0.9660720094268535
16678,22652,0.9654549083314146
16682,22614,0.9361297173459341
16682,21833,0.9347269465020306
16682,21213,0.9326258769514683
16682,22551,0.914943612581454
16682,22634,0.8251046010915469
16682,22534,0.7903503471602715
16682,21504,0.7878876338762639
16682,21544,0.7841555836939187
16682,20727,0.7650835460749393
16682,21716,0.5891925302128094
16684,22699,0.9970681378315811
16684,22697,0.9957967155262352
16684,22993,0.9919799294433828
16684,22629,0.9908458266774357
16684,22960,0.9825843415964253
16684,22659,0.9821728967464054
16684,22698,0.981716629054607
16684,22988,0.9810162014369261
16684,23203,0.976986626723943
16684,21166,0.9710158501764002
16688,22727,0.9844423878636616
16688,22728,0.9792982741863373
16688,22726,0.9772637108435303
16688,22367,0.9617827333624029
16688,22899,0.9072376196445349
16688,22568,0.8843194628509129
16688,22561,0.8660906071964826
16688,23311,0.8602917265756355
16688,22560,0.8055299126072691
16688,22725,0.7801442730457837
16700,23158,0.9379874237278417
16700,23201,0.9258906819448119
16700,22722,0.923938358494562
16700,21790,0.9234282582732758
16700,85099B,0.9216932521442889
16700,84879,0.9168097538652445
16700,22998,0.9159352606185236
16700,23202,0.9157573153131051
16700,23200,0.9086948287928288
16700,22328,0.9075031205189532
16701,23354,0.9487524222071987
16701,23353,0.9312199210757685
16701,23084,0.9230409058853726
16701,23309,0.9166818821631771
16701,23283,0.8900923061694823
16701,23284,0.8825237696493188
16701,20750,0.878035359216799
16701,21479,0.8759358431476459
16701,23503,0.8620681439156469
16701,23351,0.8570912218058456
16705,82482,0.9970521072433359
16705,48187,0.9942661806455688
16705,82483,0.9923742533910153
16705,22328,0.9917305412116538
16705,20685,0.9906862704368734
16705,22960,0.9896051071528525
16705,82494L,0.9794192760102433
16705,22993,0.9777945340411399
16705,48184,0.9752552981150906
16705,21533,0.9745422504284066
16710,22865,0.9777091636825895
16710,22867,0.9766143355662943
16710,23156,0.9718705323086948
16710,23159,0.9704554486825558
16710,22866,0.9646502844948848
16710,23355,0.9626438992622572
16710,22086,0.961405327377427
16710,23004,0.9549602227512497
16710,22632,0.9527034629916806
16710,23154,0.9523325687303522
16711,22424,0.9043334623161805
16711,23012,0.8280253007745991
16711,23014,0.737865818057504
16711,22792,0.7376987320784284
16711,23013,0.7372380156709848
16711,23188,0.7243296498598742
16711,15056BL,0.7212045227075516
16711,35970,0.7076792356627234
16711,22593,0.702657487060483
16711,23320,0.6431481027345772
16712,22845,0.9785117788947658
16712,22659,0.9686492869012024
16712,22900,0.9682138997576512
16712,23207,0.9675015838032212
16712,22382,0.9667802651250474
16712,22895,0.9667667393042532
16712,22631,0.9657871602512099
16712,22662,0.9630742616318082
16712,22844,0.9629275598034146
16712,23242,0.9602095092740459
16713,20727,0.9982634919387556
16713,22726,0.996308846802479
16713,82483,0.9954692932846425
16713,71053,0.9953331812563122
16713,22728,0.9952144359935808
16713,22029,0.9935091451699742
16713,22727,0.993131260226762
16713,22424,0.9928853974824445
16713,22383,0.9927279847023524
16713,21976,0.9925788679746022
16717,23355,0.9800390282965369
16717,23350,0.9695517915666905
16717,22086,0.9621383142638882
16717,22910,0.9517859366110764
16717,23311,0.9505800770615462
16717,22596,0.9386333288433051
16717,23344,0.9381931858162669
16717,23320,0.9357972142254762
16717,22139,0.9343356752542435
16717,23247,0.9334495613286473
16719,22727,0.9867799956061778
16719,22179,0.9811699915164405
16719,79321,0.9796717766815183
16719,85123A,0.9775427745231258
16719,20828,0.9755497899186237
16719,84030E,0.9694999154929095
16719,21497,0.9663753394035859
16719,20829,0.9644256273944999
16719,22730,0.9644198488939323
16719,22891,0.9631636487641764
16722,21497,0.9925624257500952
16722,21498,0.9874771348609479
16722,22045,0.9803608362232005
16722,23230,0.9788773971933099
16722,21495,0.9781874576586593
16722,16156S,0.9768449316021186
16722,22382,0.9736934052333749
16722,20728,0.9728296032839203
16722,20726,0.9675959170614193
16722,22704,0.9633767527593821
16726,84380,0.9698841820557709
16726,22900,0.9651846174363772
16726,22834,0.964253601113367
16726,22964,0.9583032332706511
16726,22212,0.9506701123976476
16726,84378,0.9341448733008948
16726,22549,0.9328222293740149
16726,21733,0.9304925620205137
16726,22086,0.9290014927790439
16726,48111,0.9203285142219261
16744,21791,0.9489303729315359
16744,22554,0.9452050717489374
16744,21704,0.938287988410335
16744,21034,0.9277344837701039
16744,23293,0.9261197249655115
16744,22274,0.9156019899290975
16744,22560,0.9133579293430465
16744,51014A,0.9131464814372748
16744,23084,0.9071051433226099
16744,22273,0.90517447424113
16746,22779,0.9905362181021556
16746,22621,0.9834635478559836
16746,23202,0.9815746197431724
16746,22386,0.9803225412553296
16746,23108,0.975898147512355
16746,22141,0.9748005648774193
16746,22780,0.9690877592963233
16746,22179,0.9643124045929934
16746,22468,0.9637146254246303
16746,85099B,0.9594018126462608
16748,85099B,0.9743185127309288
16748,23201,0.9723751234060167
16748,21931,0.9648995582768233
16748,23206,0.9645478530096526
16748,20727,0.9607865869036798
16748,22355,0.9596438626963697
16748,22383,0.9590085047317732
16748,85099F,0.9518351215219515
16748,22382,0.9495119323981264
16748,23202,0.9493084630333803
16759,21889,0.8702141092861219
16759,21891,0.8601149811863837
16759,23077,0.849077058197043
16759,22693,0.8403220646283979
16759,22577,0.8015417783024461
16759,22910,0.799017010712595
16759,22621,0.7866712122808454
16759,22867,0.7614981344296605
16759,23350,0.7608340819548584
16759,22620,0.7551232077648874
16762,20726,0.9813962042642271
16762,23301,0.9807088041195074
16762,22113,0.9755325754058242
16762,22835,0.9734873889066791
16762,22114,0.9694458885796566
16762,23355,0.9671881223676408
16762,23300,0.9635203509153049
16762,22382,0.9588841935120592
16762,84029E,0.9477742640568242
16762,21484,0.9364332733871247
16764,22138,0.9997466174994237
16764,22666,0.9997464478215358
16764,22621,0.9997449199978063
16764,22384,0.9995289933957471
16764,22382,0.9995241644196575
16764,23343,0.9994921587241832
16764,23212,0.9987600257384942
16764,23213,0.9983613705790312
16764,20728,0.9982313776005941
16764,85099C,0.9982035184736916
16775,22113,0.9883234969924456
16775,22835,0.9820364924698401
16775,22112,0.9764551729382173
16775,23298,0.9681461138476543
16775,82482,0.9681368664322495
16775,21733,0.9654420163222803
16775,23322,0.9627819867460388
16775,22139,0.9600049781552488
16775,85123A,0.9596279370984703
16775,82483,0.9590495977988777
16779,71477,0.9967905122681304
16779,71053,0.9967216026170476
16779,21216,0.9959927134585083
16779,23284,0.9889298349108644
16779,21218,0.9879980180413909
16779,21731,0.9847627456507712
16779,21155,0.9834754687797335
16779,21733,0.9830681585287637
16779,23300,0.978813222290006
16779,85099C,0.9781982076259532
16782,85123A,0.9926422780792719
16782,21733,0.9757476675135907
16782,22776,0.9711854707830796
16782,20914,0.9645278655733618
16782,22795,0.9565786283884891
16782,21754,0.9558181792682552
16782,22470,0.9548628213522325
16782,22423,0.9495746862450919
16782,82484,0.9466653874972997
16782,21559,0.942152462691987
16790,22112,0.9433055365112479
16790,22910,0.9386093070571955
16790,22835,0.9184090215068458
16790,23245,0.9183194701994307
16790,22083,0.9163742533296154
16790,22114,0.9129202899818527
16790,23355,0.9101188834661154
16790,21933,0.9049276190499237
16790,21485,0.9013588716088153
16790,22619,0.8957210222793587
16794,22457,0.9831688471153092
16794,23199,0.9776350468282343
16794,23200,0.9771310566852577
16794,22469,0.9764200706189747
16794,22666,0.9753713492888212
16794,23103,0.9719225330062942
16794,22667,0.9713253447574178
16794,23198,0.9700417985755722
16794,23206,0.9584304536577999
16794,20725,0.9535255859285555
16804,23355,0.9150650477263075
16804,23322,0.8638066629011842
16804,21485,0.8599237666801204
16804,23332,0.8227096391138642
16804,22865,0.8218271649537413
16804,22910,0.8161581382508771
16804,23321,0.8121531344408913
16804,22113,0.8118168109200243
16804,21034,0.7901839631672858
16804,22867,0.7893814553812372
16809,23206,0.9980507087478114
16809,23203,0.9946237201897733
16809,23199,0.993799863931296
16809,23209,0.9929352100296146
16809,23202,0.9880857814024788
16809,22411,0.9880085347230545
16809,22382,0.9877342340190157
16809,21213,0.987694530195212
16809,84991,0.986852164515996
16809,23200,0.9859771750915975
16813,23284,0.9485131351845346
16813,23203,0.9259310848452674
16813,84596B,0.9129200170233395
16813,23209,0.9082933714489501
16813,85099F,0.9082100448900746
16813,22386,0.9027947055373103
16813,20725,0.902359686286488
16813,23301,0.8997529616172673
16813,20914,0.8994615654220126
16813,23201,0.8976650235744201
16814,22722,0.9960571014415467
16814,22720,0.9938350449955394
16814,84879,0.9863680013104453
16814,21754,0.9849821079833462
16814,23298,0.9689484214190859
16814,22784,0.9681780293364262
16814,21755,0.9677558361157751
16814,21430,0.9637403705758281
16814,82482,0.9610233825241495
16814,82494L,0.9606046635117472
16817,22086,0.9831177890088467
16817,22722,0.9775566228945777
16817,22723,0.9371467946258428
16817,22834,0.900551733121334
16817,22144,0.8830202823407929
16817,22867,0.8821628196226332
16817,22112,0.831992962369496
16817,22114,0.822434805167879
16817,22083,0.8203574042186862
16817,22487,0.8124212723400368
16818,82494L,0.8882495492193734
16818,22457,0.8269002217104551
16818,22139,0.8264293886710573
16818,84879,0.8222517217946415
16818,23355,0.8193800972067804
16818,21790,0.8119772345964842
16818,23298,0.8064683817102867
16818,22835,0.7979417566204986
16818,23144,0.7882300677733021
16818,22178,0.7856948291231556
16824,23162,0.8511024946158281
16824,84580,0.7619792978718559
16824,23165,0.7440485667092364
16824,21791,0.7333299469821448
16824,22966,0.729878500198966
16824,23293,0.7270639933054893
16824,23229,0.7254502654049569
16824,23344,0.6685057092033236
16824,47566,0.6187526323876795
16824,22851,0.5821576344290311
16833,22662,0.9346390172662546
16833,23202,0.8930656777399427
16833,23208,0.8916994446116547
16833,22382,0.8836160185973932
16833,20728,0.8610811340802015
16833,21929,0.8432283520052175
16833,22384,0.8423397738285908
16833,23301,0.8404343863613198
16833,23355,0.8327326245024398
16833,20727,0.8305187889320004
16839,21974,0.9854629320032958
16839,21210,0.9850193087328801
16839,22791,0.9824869090319948
16839,22178,0.9737837997339193
16839,84947,0.9726053384207097
16839,84978,0.970447981088533
16839,21928,0.9701889434406398
16839,21340,0.9561994655589524
16839,21216,0.9559394478257672
16839,23103,0.9551629914760735
16851,23313,0.8797432223974931
16851,22178,0.7623436146296876
16851,22578,0.7613300826153818
16851,23103,0.6063140717945975
16851,22596,0.603244198861083
16851,84949,0.6007472387538841
16851,22469,0.587964430901849
16851,84978,0.583850911931947
16851,23311,0.5741969232711374
16851,35970,0.5674211331439836
16852,22784,0.5697991034729455
16852,22169,0.5566219470928787
16852,22379,0.40266411897451077
16852,22423,0.3903849080662048
16852,21340,0.38870783440535517
16852,22171,0.35922587987378307
16852,22578,0.3512167639438033
16852,84078A,0.350869856105217
16852,82580,0.2915846393742995
16852,84406B,0.2819123376818056
16855,22423,0.7415888812818333
16855,22469,0.734572875647803
16855,23175,0.7030556045044474
16855,22754,0.7018563541143635
16855,85123A,0.6612054418443466
16855,23174,0.6497378647486449
16855,23173,0.6413286119525661
16855,23172,0.6260929875992665
16855,22487,0.6103584010521502
16855,23171,0.5807820723915074
16869,22457,0.9632797175930496
16869,21733,0.9628075338809432
16869,23321,0.9477048094387301
16869,20727,0.9475412002369383
16869,22470,0.9462381956225838
16869,22469,0.9362257551492235
16869,22720,0.931442697512987
16869,23322,0.9312201173459412
16869,22383,0.9072333142635562
16869,22138,0.9037812032325273
16871,22086,0.9668094715840924
16871,22910,0.9591170713533124
16871,22866,0.9508923690785976
16871,22867,0.9405485109478837
16871,22909,0.8923360043847651
16871,23355,0.883435732463056
16871,22111,0.8832581337268663
16871,23318,0.8777999999219367
16871,22952,0.8659604629428389
16871,21889,0.8650529448171619
16873,22666,0.9694145115982296
16873,23344,0.968295774594878
16873,20961,0.9630975434327473
16873,23293,0.9625333857918289
16873,23126,0.9617879216834869
16873,22086,0.9609384353738472
16873,20963,0.9608673153976087
16873,22722,0.9608359846447386
16873,22560,0.9524826652567547
16873,22720,0.9519441067261232
16877,82494L,0.9941570546570442
16877,22766,0.9935113381546343
16877,82483,0.991985320813438
16877,23301,0.9816352383032213
16877,23300,0.9812750298629489
16877,22694,0.9713289339463893
16877,23265,0.9685095310734357
16877,23323,0.9661707993652976
16877,23264,0.9629533075597976
16877,23266,0.9620437271377007
16885,22086,0.8693886565304553
16885,21485,0.8301887643574724
16885,23355,0.8227354194370144
16885,23322,0.8085982820064151
16885,22156,0.7881869103902611
16885,35961,0.7822284235574825
16885,22910,0.7790652104323682
16885,23215,0.7787718493916674
16885,22158,0.7687523056085155
16885,22992,0.75636725590298
16891,22624,0.8707674445797918
16891,22144,0.8517588492812734
16891,22666,0.8115925130953465
16891,22470,0.8110914930118832
16891,22141,0.7943040087830884
16891,22866,0.7897046663480526
16891,22993,0.7894264164238048
16891,22720,0.7832278826420515
16891,22910,0.7606849847718243
16891,22694,0.7602385545096103
16892,23240,0.9068885260248304
16892,23264,0.9057193955771127
16892,22144,0.8960235181826263
16892,22141,0.8906286078600916
16892,23319,0.890490028953263
16892,21733,0.886290499422048
16892,22367,0.8839642686084378
16892,22086,0.8756533283906597
16892,22142,0.875062368532475
16892,23265,0.874383392182974
16898,21891,0.9124704951433894
16898,23294,0.9073037302666385
16898,23343,0.9060963538524993
16898,20983,0.8817700297798589
16898,22632,0.8800801487645923
16898,84596B,0.8720731201492748
16898,22197,0.8700139080625805
16898,23296,0.8678262501988164
16898,22734,0.8676059491664201
16898,23084,0.8670168373184932
16899,22727,0.9939803684840045
16899,22384,0.9872051879141035
16899,20727,0.9834215507858866
16899,20726,0.9827621287020429
16899,20725,0.9749748816222632
16899,22666,0.9743787016204785
16899,82484,0.9695431144885511
16899,23284,0.9679187294870405
16899,22728,0.9661081726885442
16899,22197,0.9595643716983394
16900,51014A,0.7415805468069313
16900,23322,0.7093438048024306
16900,84997D,0.7026035969329547
16900,23300,0.683315925176489
16900,23321,0.682217660143262
16900,47566,0.6763519783554909
16900,22698,0.671134102059504
16900,21843,0.6498848621210883
16900,22558,0.6316279542104424
16900,22697,0.6251098083645403
16904,22467,0.9921903731797538
16904,21172,0.9902867698378977
16904,22866,0.9878770883938125
16904,22865,0.987531195824826
16904,22867,0.9863846641888534
16904,23148,0.9853089643120565
16904,23208,0.9834222299746688
16904,20726,0.9810930194106909
16904,23147,0.980156939612186
16904,22382,0.979810444373772
16905,22158,0.9645921782950615
16905,22113,0.9630110457799307
16905,22666,0.9612165379042928
16905,84347,0.9599106177505355
16905,84879,0.9574294111610777
16905,22867,0.95182032544286
16905,22111,0.9516568358717905
16905,82486,0.9450812928155312
16905,21485,0.923513636583899
16905,23356,0.9103464326145593
16910,22866,0.9957978381420759
16910,22111,0.9939037806494027
16910,22470,0.993430940287325
16910,23321,0.9913924018165899
16910,21900,0.9907095613548256
16910,22367,0.9901337612014149
16910,22557,0.9901067993402156
16910,21791,0.9900931950761027
16910,84378,0.9888059598355089
16910,23322,0.9880904855638349
16912,23284,0.932837421984281
16912,22779,0.8806212808510029
16912,84988,0.8797101562877424
16912,23203,0.8633420415582589
16912,21621,0.8364071501909454
16912,20685,0.8294423074307216
16912,23092,0.826448850323751
16912,22766,0.8245697083502326
16912,22423,0.8114284180203106
16912,22690,0.8113012040907764
16915,23013,0.9211145505846793
16915,23014,0.9148607654667046
16915,23012,0.8902177012549572
16915,23089,0.7966313117380847
16915,21523,0.7867526987305553
16915,23084,0.7742082111046392
16915,21955,0.7147983167619381
16915,22778,0.6955214385516851
16915,22361,0.6859101306917661
16915,48184,0.6833402035288645
16916,23439,0.9593809320295495
16916,23103,0.9560644357696784
16916,22577,0.9514811066695735
16916,22909,0.9444303505290431
16916,20973,0.9419725307336948
16916,22632,0.9394195726207651
16916,21154,0.9382723382989372
16916,20676,0.9327449516630153
16916,22867,0.9326359496029405
16916,23198,0.9317946530751393
16923,22697,0.9984775642845396
16923,22698,0.9981731965169297
16923,21259,0.9976544568687776
16923,22699,0.9969706199336129
16923,23301,0.994922145144524
16923,21257,0.9934811736929319
16923,23159,0.9929093078982573
16923,22224,0.9912111478866101
16923,23207,0.9910298867483334
16923,21756,0.9903362430381465
16924,22112,0.9965809851867268
16924,22114,0.9876113096782376
16924,22383,0.9577230691723622
16924,20727,0.9567610857418769
16924,23355,0.9521474103670334
16924,22835,0.948758933114571
16924,23202,0.9414593267896597
16924,84030E,0.9358132131562227
16924,85099C,0.9350246216031023
16924,21929,0.933639045350973
16929,23209,0.9838852019921507
16929,22617,0.980301400215011
16929,20727,0.9788738103836014
16929,84596B,0.9781555388222412
16929,21929,0.9763329729655829
16929,22138,0.9747455265376958
16929,85099B,0.974651211461894
16929,85099C,0.9722946778107885
16929,23203,0.9722754493304018
16929,22114,0.9720243667396862
16930,22098,0.8598251389895503
16930,22169,0.7774410239447529
16930,22171,0.7681498684035488
16930,20723,0.7681305258698943
16930,22266,0.7493243404483917
16930,22096,0.7426206115458044
16930,23321,0.7380408485471208
16930,22066,0.6985578148128223
16930,22356,0.686653431494465
16930,22558,0.6742438928876688
16931,23191,0.9977661811602011
16931,23196,0.9945465805343182
16931,22633,0.99353695809022
16931,20992,0.9930560107681295
16931,23301,0.9899291561946031
16931,22141,0.9888154543425922
16931,22733,0.9883086010975675
16931,20985,0.9871017930813065
16931,22139,0.9866727620790764
16931,22144,0.9859710762092919
16933,23202,0.8112890477023598
16933,22411,0.7838498981754983
16933,21034,0.7398431950885942
16933,23082,0.715081803664298
16933,84946,0.701536128310884
16933,22113,0.6910782917460091
16933,23283,0.678252113218794
16933,22801,0.6651893050848715
16933,23109,0.6530106414568357
16933,21484,0.6495431477532965
16938,23240,0.9666135952708138
16938,23243,0.9553863024355455
16938,23245,0.9302147107548215
16938,22749,0.9276261633363458
16938,23322,0.9275838703009034
16938,22139,0.9219141338582896
16938,23084,0.9216594344628717
16938,84997D,0.9206731376935621
16938,22666,0.8957524711814222
16938,22150,0.8831835584591649
16942,20728,0.9921721943352592
16942,22470,0.991437475803423
16942,22699,0.9890645164528238
16942,22384,0.9881463403834616
16942,23321,0.9880314487666264
16942,21733,0.9858128509778848
16942,23209,0.9852968959387065
16942,23298,0.9840540239999982
16942,22469,0.9838330070687857
16942,23201,0.9831385655053512
16945,85099C,0.9998286239947954
16945,23203,0.9985929117330162
16945,23199,0.9982723314224942
16945,21931,0.9964791905683624
16945,22386,0.9964645856146884
16945,22385,0.9961995818609144
16945,85099F,0.9961109484758024
16945,23202,0.9953746136022378
16945,20712,0.9953087995101815
16945,20713,0.994540181719298
16949,22816,0.904086186494769
16949,22355,0.8766244183595595
16949,22818,0.8681879883904235
16949,22557,0.8485567418404824
16949,22178,0.8372064474412099
16949,84077,0.8254290389837428
16949,23493,0.8196958823033694
16949,22189,0.8055418062711979
16949,84879,0.7956320724612405
16949,48194,0.7943814398838297
16954,21843,0.9371434293023149
16954,22222,0.8957932030593486
16954,22138,0.8766022184728448
16954,22236,0.8262920496008929
16954,22956,0.8215643231028237
16954,21977,0.8003979188488957
16954,22951,0.789366323310825
16954,84375,0.7578811254126214
16954,22961,0.6959608030472734
16954,22964,0.6692761641743131
16966,21891,0.980501965963207
16966,22561,0.9709082247028147
16966,22560,0.9607359611409735
16966,21892,0.9514188150170543
16966,21703,0.9368577567136179
16966,22491,0.9149692066435676
16966,21890,0.881813247545073
16966,22489,0.8331645504946376
16966,22734,0.1509674153935737
16966,23503,0.14191916045842262
16968,22055,0.6505876277231599
16968,22059,0.6260010320232592
16968,22111,0.6255309851309804
16968,23313,0.6239530770329266
16968,21115,0.5966730448674483
16968,21411,0.5955591620608034
16968,22072,0.588986954138792
16968,22721,0.5807997639077819
16968,22464,0.5693951942262115
16968,21621,0.529956145549126
16979,22865,0.9835433012109399
16979,22866,0.9794140766477295
16979,23355,0.9518175030969004
16979,22632,0.9355054801060823
16979,85150,0.9348105686903834
16979,23080,0.9186896635706265
16979,82583,0.912857869001925
16979,82494L,0.9060627352671251
16979,23284,0.8977510900970236
16979,21481,0.8962608109450254
16983,22557,0.9520561695547258
16983,21889,0.9503104401001502
16983,22554,0.9230437001643065
16983,22551,0.9199267872866528
16983,20970,0.9121011324090345
16983,22568,0.907561549578178
16983,22991,0.9037244074145482
16983,22273,0.9023450687264257
16983,22553,0.8935187002173405
16983,20969,0.8896348135146316
16985,20685,0.9872277339521925
16985,48187,0.9861114212963469
16985,21670,0.983833855975346
16985,21673,0.9829046238330903
16985,48138,0.9819521395576859
16985,84879,0.9780559319393298
16985,85123A,0.9603664129277274
16985,21669,0.9572334044047619
16985,23284,0.9560146412248524
16985,48184,0.9474859672203384
16987,22114,0.990040079359707
16987,23355,0.9874209090871207
16987,22835,0.9820940668958631
16987,23284,0.9809441382920703
16987,23301,0.9722849396388569
16987,23300,0.9672165185486095
16987,23356,0.9617260209886228
16987,84029G,0.9585831660526374
16987,22112,0.9571422812322773
16987,48138,0.9560223770662852
16989,23188,0.9415963448047594
16989,22920,0.36729925822221965
16989,22917,0.3376468055802536
16989,22916,0.33097796560648624
16989,22918,0.32808320388909634
16989,22921,0.2706880008123796
16989,84879,0.16729018392227474
16989,21034,0.15895843375147434
16989,21108,0.15814361261418308
16989,23215,0.13873517552579176
16992,22835,0.9068510043486988
16992,22865,0.8999167859508767
16992,22866,0.8721202408870814
16992,22720,0.8601795571754366
16992,22112,0.8584345891628838
16992,22979,0.8393215243504405
16992,84375,0.829677800706772
16992,22111,0.8273767966595106
16992,23301,0.8230115758439285
16992,21975,0.8087393466624142
16999,21892,0.8147689339347661
16999,22550,0.7657162224799982
16999,21703,0.7538035496794083
16999,22669,0.7438450985519247
16999,21890,0.7353779016883946
16999,21912,0.7340425421761801
16999,23344,0.697329585145168
16999,23343,0.6553208591908956
16999,20749,0.6456916500967417
16999,22139,0.6437858882568568
17001,23202,0.9930038506785578
17001,85099B,0.9917413795937557
17001,22727,0.990529697816814
17001,23203,0.9882088328915865
17001,22560,0.9881703541492982
17001,21928,0.9874786229118492
17001,22139,0.9870376921599466
17001,22411,0.9829291789503941
17001,85099F,0.9827470533779759
17001,22086,0.9763025656240001
17006,22113,0.9393666032345878
17006,23355,0.9174103425268786
17006,21588,0.8536227427494775
17006,84375,0.8288285431128185
17006,22114,0.8256224593787289
17006,48138,0.7795097085896198
17006,23254,0.7608645017817653
17006,22561,0.7539804754696406
17006,22654,0.7188642094445731
17006,84378,0.7100181830082412
17014,22562,0.9492587515248497
17014,20728,0.9158112240782111
17014,22549,0.9131359059600545
17014,20725,0.9027748202129863
17014,22382,0.8996926976615831
17014,22563,0.8962790509654194
17014,23126,0.8922755902950624
17014,22083,0.8872034745787516
17014,22564,0.8790500441763271
17014,23203,0.8617150604138873
17017,22993,0.9988900551023666
17017,21914,0.9983700890873227
17017,22197,0.9939148945030909
17017,22961,0.9938748595002102
17017,21137,0.9934458100639898
17017,22992,0.992588733668267
17017,23188,0.9914110122316473
17017,22960,0.9911869142013457
17017,22551,0.989609536009295
17017,21915,0.9889112380091853
17019,22563,0.9764880096573666
17019,20973,0.9631328993677465
17019,84997B,0.9458208321621555
17019,23320,0.944829665447968
17019,23439,0.9448283993140532
17019,22745,0.9429528979974574
17019,22554,0.9313787099392876
17019,22747,0.9292458837717157
17019,22197,0.926220966728054
17019,22971,0.9251489550105619
17031,22384,0.8754135898928102
17031,20728,0.8752675136109919
17031,20723,0.868846175443857
17031,20725,0.8572567591590592
17031,20727,0.8392601877676895
17031,22383,0.8281896588565921
17031,22356,0.7923453388780709
17031,22355,0.7559790684769006
17031,20724,0.7182081975744772
17031,23344,0.7151006105225547
17034,22178,0.7715373525031317
17034,23284,0.7693949466969028
17034,21755,0.7387781346376509
17034,21504,0.7061349601949768
17034,21754,0.7040522736160238
17034,22112,0.6843250803634899
17034,21314,0.6827788925783671
17034,22469,0.6702015137703892
17034,22297,0.6627912374106478
17034,22296,0.6350548055592731
17041,23294,0.937454298969831
17041,23296,0.9358234130000412
17041,22367,0.9312892636955373
17041,47591D,0.9159905909133949
17041,23293,0.8983421333605954
17041,16156S,0.8803038856750997
17041,23232,0.8685283025216033
17041,23119,0.8619258679911581
17041,23209,0.839812351880272
17041,23230,0.8337464444519431
17042,23084,0.937157518226061
17042,23242,0.8853699590883084
17042,22138,0.8510665632604288
17042,22431,0.8480324859375491
17042,21703,0.8476088026455035
17042,22432,0.8376062253623155
17042,47566,0.8284233987032315
17042,21034,0.8043730575603085
17042,21731,0.8041501333454065
17042,21833,0.8027048694697968
17049,20726,0.9864561669338773
17049,22726,0.986429515700024
17049,20685,0.98577096624941
17049,23355,0.9843055203934273
17049,23203,0.97888521695286
17049,22727,0.9757805858155518
17049,23284,0.9757006815051068
17049,22112,0.974072647802812
17049,22383,0.9723891146482765
17049,21931,0.9714912396446505
17054,48138,0.9609205687599592
17054,22776,0.9365064859924249
17054,22189,0.9031322238860399
17054,20685,0.8917728286137805
17054,48194,0.8800751838274283
17054,22457,0.847394103068938
17054,22188,0.8393920186482554
17054,85066,0.8263475798859635
17054,21900,0.7656090400666458
17054,72760B,0.7624248671106474
17063,23254,0.9310492372142595
17063,85099B,0.9115808661105971
17063,23256,0.908921265145315
17063,23344,0.8814389867598145
17063,23203,0.8701239868624816
17063,23082,0.8655789718195297
17063,22149,0.8510958769245894
17063,23169,0.8489258196885446
17063,23329,0.8453795572700451
17063,22751,0.8425070982749971
17068,23203,0.9993957118211083
17068,23206,0.9963529569564461
17068,23202,0.9960860907399386
17068,20726,0.9957025774295293
17068,20728,0.9935697655178097
17068,85099B,0.9929701631856388
17068,20727,0.9920083988365044
17068,23200,0.9908370194221057
17068,23201,0.9900206785461402
17068,22662,0.9887983479629656
17069,23209,0.9819965199191667
17069,20725,0.9777114985349353
17069,22384,0.9755503640323258
17069,22667,0.9721956349642471
17069,20728,0.965172508260365
17069,23293,0.9602937395318151
17069,22356,0.9582432523542176
17069,23208,0.9578051099399963
17069,23203,0.9531151866011417
17069,20724,0.9459621661975651
17071,22865,0.9810764061588918
17071,22867,0.9805296506895309
17071,82486,0.9736541421855367
17071,20719,0.9568582811940926
17071,23321,0.9515710926188251
17071,22633,0.9386792259681662
17071,22632,0.937681045475144
17071,23355,0.9133165016164304
17071,48184,0.8992673721641576
17071,23322,0.8974146756012722
17073,21588,0.9332991411346291
17073,22111,0.932365291961032
17073,23360,0.9312366559968335
17073,22070,0.8932061184609014
17073,23240,0.8930854733314645
17073,22144,0.8901166532788217
17073,22138,0.8878728940432904
17073,21621,0.8878339779290727
17073,22551,0.8792285126743373
17073,23342,0.878553405200441
17075,23301,0.8001564998452497
17075,23203,0.7999647333129638
17075,23284,0.7970762403387538
17075,23355,0.7918723483685401
17075,22411,0.7739242264516952
17075,85099F,0.7620459601284876
17075,21929,0.7585198102738143
17075,84997B,0.7551302016462883
17075,21584,0.7543500642926979
17075,22799,0.7534622665723629
17080,23393,0.596249789483991
17080,23399,0.5788042576190905
17080,23328,0.5669518803975553
17080,23103,0.5576338900236901
17080,23407,0.5239144244268762
17080,84978,0.45989873611724696
17080,23367,0.33664793158619666
17080,23330,0.33261474788021617
17080,22578,0.27763504667481637
17080,23229,0.2740263950732175
17081,23176,0.9393274627158682
17081,23177,0.9230395090569399
17081,22113,0.8955675706115788
17081,22112,0.8947586309441546
17081,21484,0.8872733186480996
17081,22111,0.866024403436403
17081,22556,0.8658541399761683
17081,22551,0.8561551140789428
17081,22114,0.8555280911670512
17081,23355,0.8439563947897694
17086,22561,0.9767636360415293
17086,22621,0.9696336959160126
17086,21889,0.9691287790131691
17086,23493,0.9407469393674288
17086,23202,0.9379307620705007
17086,23344,0.93726092720538
17086,22619,0.9342025608308008
17086,20992,0.9313117940700886
17086,23328,0.9290645080339944
17086,23245,0.9256991979426986
17088,23203,0.9396726974482509
17088,22720,0.9370254477857164
17088,85099B,0.9198612539817795
17088,22138,0.9068711047520804
17088,22178,0.9062668348028499
17088,20728,0.9005572453164469
17088,22457,0.9003603785250006
17088,84879,0.8808292434260829
17088,23209,0.8747427395242359
17088,22722,0.8672200773839882
17090,22303,0.9420734992451237
17090,22112,0.9394435678247623
17090,23355,0.9331677136798469
17090,22302,0.9273314849639862
17090,22633,0.9097079472156179
17090,22632,0.887533075648701
17090,21790,0.8582516709247693
17090,22766,0.7918832496023804
17090,84029E,0.7698525240100854
17090,22548,0.7566242223633632
17091,23202,0.9952651283354282
17091,22411,0.9946286576244723
17091,21485,0.9945585279878207
17091,22112,0.9939150866478111
17091,21929,0.992559365355219
17091,85099F,0.9911625996780875
17091,21928,0.9908188029291147
17091,22111,0.9905069670772684
17091,23199,0.9801188288498438
17091,22386,0.9791684184882036
17095,85099F,0.936608859455685
17095,84879,0.9282338221349572
17095,23301,0.9222889612051669
17095,85099B,0.9141281474105737
17095,23203,0.9135334876394187
17095,20728,0.913180383744215
17095,22835,0.9128440517240334
17095,22386,0.9102751796872752
17095,22507,0.9034219348240473
17095,85099C,0.8983799250552996
17096,22784,0.8303727648787269
17096,22138,0.813119319720846
17096,22114,0.7983999504479977
17096,22796,0.7340817310036986
17096,22617,0.7198197267486188
17096,22835,0.6829286867634873
17096,21485,0.6757013057581317
17096,22111,0.6589892471370288
17096,22620,0.6538276719396826
17096,23298,0.6493647428378858
17097,22573,0.9852704767275041
17097,23209,0.9840014847672433
17097,23292,0.9795725531404705
17097,23290,0.978595067797285
17097,23289,0.9774922370813507
17097,23291,0.9767801270824894
17097,22571,0.9756823635343824
17097,23203,0.9744403691791788
17097,22897,0.9703125392506071
17097,22644,0.9703042973907022
17101,23201,0.9148692366319657
17101,22197,0.8966185570707387
17101,23013,0.8591962604050962
17101,23012,0.8571788995702618
17101,23014,0.8509757113212103
17101,23355,0.8419673442338438
17101,22629,0.8279528541760318
17101,23300,0.7822401825860436
17101,23301,0.7739158921774248
17101,23207,0.7555896723718422
17114,82486,0.9195329757580276
17114,82494L,0.9094849830501802
17114,82482,0.9065582838367836
17114,82483,0.8899527615184193
17114,23322,0.8670878964865429
17114,23332,0.84144382211107
17114,23321,0.8127572052358754
17114,23329,0.803055144413981
17114,23333,0.7982586713674413
17114,21524,0.7758722516238662
17115,22386,0.8778531274462746
17115,22384,0.7972612807430092
17115,85099C,0.7824794856044927
17115,47566,0.7269249033554424
17115,23344,0.6598671744768235
17115,85099B,0.6220985000761019
17115,85123A,0.6154897637286911
17115,22423,0.6131598791246057
17115,82486,0.5949200251994504
17115,20725,0.5920795441442174
17119,85099B,0.6548298223289435
17119,22470,0.649601724466779
17119,21523,0.6146545584941141
17119,22637,0.6097639956637425
17119,82583,0.6097015089941402
17119,20724,0.5980903748644463
17119,21621,0.588597043592266
17119,23323,0.5770059559273678
17119,84029G,0.561762635027521
17119,22768,0.5606285608065096
17131,23240,0.9921039983580932
17131,22077,0.9912471802307777
17131,82483,0.9892510771085216
17131,22508,0.9848893459751601
17131,21621,0.9847570579642899
17131,82494L,0.9840953577199847
17131,20724,0.9834410240286123
17131,22189,0.9787673001304759
17131,84836,0.9780650148377996
17131,22558,0.9753652221470834
17133,47566,0.8650522316734075
17133,22082,0.8041743571141701
17133,82582,0.7932404249468279
17133,23300,0.7750036425825847
17133,23301,0.7657804585880673
17133,22465,0.7562312330551092
17133,21868,0.7224786018794265
17133,85123A,0.7159628348498207
17133,22694,0.6535747944044988
17133,22469,0.554072094375398
17135,21231,0.9410385772375655
17135,21232,0.9271760398124872
17135,84347,0.8170367015874965
17135,22065,0.8151152205550666
17135,22161,0.8095601984943104
17135,22064,0.7819106885217689
17135,22367,0.7732596093339498
17135,22381,0.7666487074097386
17135,21494,0.7340694181542325
17135,22138,0.7259004268715442
17139,22382,0.9965215584876357
17139,23208,0.9864671861280158
17139,20727,0.9834449194053013
17139,23204,0.9789389761638476
17139,23206,0.9776904564176074
17139,22697,0.9767107253109115
17139,22662,0.9761153015439737
17139,23209,0.9756808786576467
17139,22661,0.975593014458096
17139,22423,0.9745591986714763
17144,22111,0.9733177996180725
17144,21485,0.9580395863961519
17144,48187,0.9437918358170105
17144,22113,0.9386837758161289
17144,22960,0.9110351059731122
17144,22720,0.8056381617910733
17144,22692,0.7724925202266837
17144,84030E,0.7324747662080551
17144,22082,0.7127345501730257
17144,22627,0.7088462229346651
17147,22697,0.9696001744540111
17147,22699,0.9690216071252403
17147,22698,0.9477018910028864
17147,22423,0.9083874623099778
17147,21122,0.8683676208718467
17147,84279P,0.837288288960978
17147,22578,0.8264303222108773
17147,22577,0.8202019210645011
17147,21156,0.7716591342490468
17147,23245,0.7593842808594015
17155,22866,0.7464060922031914
17155,21172,0.7461749826611497
17155,22632,0.7453584741544085
17155,22633,0.7275847078176835
17155,23120,0.6752576273664003
17155,22144,0.6668743303259081
17155,21403,0.6639321252018746
17155,23121,0.6614200618855541
17155,22867,0.6503201136735394
17155,23319,0.6330022737779238
17157,21137,0.8644840243567954
17157,23239,0.7899314104708381
17157,23237,0.7651589807709551
17157,85199S,0.5984197844943598
17157,23190,0.5637359372494696
17157,23244,0.5464352019439689
17157,21990,0.4840684445837297
17157,22423,0.4265854641677775
17157,22469,0.3970037268993211
17157,23308,0.3687838556474485
17159,22384,0.9643840845119592
17159,23240,0.9317271484398304
17159,22382,0.9291267217354147
17159,22383,0.926326505677201
17159,20728,0.9150038522791897
17159,20727,0.9094697497238804
17159,22577,0.8795854030237272
17159,22578,0.8613861945631516
17159,23245,0.8583535535396015
17159,22573,0.8466226541280492
17163,22112,0.9405501246024054
17163,22113,0.9115911881654618
17163,21485,0.8484278471699204
17163,22578,0.36958122035331853
17163,84879,0.36302328119732874
17163,22423,0.35054403060499917
17163,22577,0.30507794232340485
17163,22595,0.2551419880082147
17163,22469,0.25267103922957596
17163,22197,0.24427519994284333
17173,20970,0.9890568813343151
17173,22271,0.9877736374706844
17173,21216,0.9863509921747206
17173,21218,0.9831897324372815
17173,22750,0.9815625451964013
17173,21533,0.9740100293831933
17173,22749,0.97356135655845
17173,21531,0.9688310621520181
17173,85123A,0.968103434197744
17173,23126,0.9667134893942579
17183,23355,0.9775244243197512
17183,22112,0.9743730290736168
17183,22114,0.9711368144369976
17183,84029G,0.9626440190109078
17183,22835,0.9564969017542135
17183,22633,0.9521169073261861
17183,22111,0.9453502058300524
17183,22846,0.9010101005672838
17183,23189,0.8999476429674077
17183,48138,0.8953484183449935
17188,22865,0.9744760683487336
17188,22971,0.9696270882086361
17188,22866,0.9416557429854574
17188,22970,0.93674638791238
17188,22113,0.9265103367417066
17188,23355,0.9122847767691877
17188,85054,0.8430607635677038
17188,85048,0.8420545677194909
17188,23353,0.8287423384491143
17188,21485,0.7990411746354802
17191,22771,0.987084876950416
17191,84406B,0.9763233883484302
17191,84836,0.967111973252313
17191,22093,0.9657118060910151
17191,21034,0.9650978828662379
17191,85123A,0.9625734729860321
17191,22173,0.957530492134973
17191,22773,0.9477965929366036
17191,82583,0.9427167324987755
17191,23146,0.938544741360333
17198,23332,0.8403293278471751
17198,22906,0.8197440746615214
17198,23323,0.817284257239902
17198,23083,0.790993201887532
17198,22694,0.7632651992673752
17198,22965,0.7595829190625836
17198,22812,0.7498647548437493
17198,23329,0.7488877889917451
17198,22813,0.7391398737162522
17198,23229,0.732624320142179
17211,21818,0.9431754037247998
17211,22113,0.9363596503784345
17211,23344,0.932548694992955
17211,22835,0.9312250002020365
17211,23318,0.9308558107221844
17211,23439,0.9290796927947751
17211,23319,0.9259045365884924
17211,23503,0.9254623816040021
17211,22910,0.9251757007959069
17211,22577,0.9229293819360561
17218,22726,0.9890020900031978
17218,22730,0.98792795937381
17218,22727,0.9874942595141065
17218,22728,0.9868445265270981
17218,22111,0.9849102377611374
17218,22866,0.9805482798692537
17218,22865,0.9750000727072082
17218,22725,0.9735617908109926
17218,22834,0.9716802210919533
17218,22752,0.9678799409168357
17220,21121,0.966175192049253
17220,22970,0.9634601443439421
17220,23349,0.962318268918267
17220,23351,0.958090845934931
17220,21122,0.9511104031131744
17220,22086,0.9471747672730056
17220,23350,0.9386668262445583
17220,22971,0.9368643791789265
17220,22966,0.9347345062080192
17220,23493,0.9322546277289894
17221,23109,0.8999896943480323
17221,23266,0.8618806137763344
17221,23192,0.8477107871988232
17221,23264,0.8428460707840271
17221,23190,0.8371547892570025
17221,23367,0.8260053936342825
17221,23289,0.8245872813717572
17221,22992,0.8213431063720901
17221,23083,0.8041100509429736
17221,23201,0.7960627805627204
17227,84375,0.9032326254999051
17227,22952,0.8760561359622435
17227,22328,0.860432196692437
17227,23307,0.8413099623469326
17227,84380,0.815946021303513
17227,23354,0.7178325244597265
17227,22909,0.6825044741841537
17227,20749,0.6802725074141777
17227,21034,0.6765424142897117
17227,84378,0.6757833554207381
17228,23156,0.9901985385582901
17228,23292,0.9749322798163359
17228,22866,0.9646988857621653
17228,22867,0.9644856053827447
17228,22865,0.9643860269345246
17228,23154,0.9557558362523586
17228,22632,0.9552855269117558
17228,23291,0.9518377846343932
17228,23290,0.9513451194522787
17228,22630,0.9472159923357212
17231,21175,0.9915418001467108
17231,22111,0.9904486648278561
17231,23245,0.9860451750475197
17231,21754,0.9840728718578955
17231,21166,0.9829202277999614
17231,21165,0.9807633331536307
17231,22082,0.978511070114566
17231,22766,0.976379737975512
17231,85049E,0.9762675430282511
17231,21745,0.9755621863457972
17235,20749,0.889467007495777
17235,20750,0.8835690578599834
17235,21428,0.7908556194652531
17235,22138,0.7729776914458727
17235,22736,0.7670963659302577
17235,22734,0.7481104657406487
17235,22077,0.7428277828762279
17235,22139,0.742337501320863
17235,22144,0.7402958077102944
17235,22737,0.6859603851274508
17236,21754,0.9451742333183575
17236,23343,0.9124586471420768
17236,22144,0.9032172282980265
17236,22866,0.8849761732273779
17236,22727,0.865334290804991
17236,22141,0.859200658341584
17236,22867,0.8496585028786239
17236,22726,0.844226944618764
17236,84879,0.8289765387165784
17236,23313,0.8241419785720137
17238,22750,0.9950174659428239
17238,22746,0.9927631481234418
17238,22748,0.9917501706676554
17238,22749,0.9900583503446548
17238,22745,0.9863932719569398
17238,22617,0.9851136057030366
17238,23201,0.9849737782714897
17238,23126,0.9831610243597974
17238,22964,0.9809373214750129
17238,21485,0.980011529125115
17243,22112,0.9962919792274237
17243,84029G,0.9961341555372502
17243,82494L,0.9927767281488182
17243,21485,0.9925388326412553
17243,84029E,0.9912010422427213
17243,48138,0.9906082484924958
17243,22835,0.9872945809249468
17243,82484,0.9865241568191688
17243,22158,0.984536957304228
17243,23355,0.9831390683523847
17250,22563,0.8680772162857068
17250,21673,0.843164846702937
17250,21670,0.8344216790813644
17250,22835,0.7880928619714987
17250,23029,0.7749636043689007
17250,84347,0.7710809972362647
17250,23275,0.7563263052441981
17250,20973,0.7533588913989637
17250,23031,0.7501789599913177
17250,23035,0.74393920653285
17266,23323,0.8955001202769824
17266,23345,0.8517575498431316
17266,23332,0.8352582797372204
17266,22094,0.8095949437771517
17266,46000S,0.8065310484078547
17266,22335,0.7973438972329764
17266,21818,0.7866338266986972
17266,22992,0.7769143550435541
17266,21588,0.776706295694071
17266,21561,0.7637609579603871
17287,22423,0.950472521060974
17287,21080,0.9270859766210202
17287,84879,0.9264268811657153
17287,23395,0.8982595721295865
17287,23147,0.8959653647389537
17287,23245,0.887411826078566
17287,82482,0.8862590939963032
17287,22173,0.8614518029674388
17287,84406B,0.8582520467609868
17287,22633,0.8431647148584117
17288,23300,0.978246935451927
17288,23208,0.9686304382777848
17288,22556,0.9680307419902086
17288,23207,0.9601460537424754
17288,23301,0.9566984720151012
17288,22662,0.952648444009969
17288,21929,0.9390102131282657
17288,22554,0.9384387542988212
17288,22551,0.9381198459145675
17288,21914,0.9352139132666328
17293,85049A,0.9558961363119374
17293,23439,0.9545058767450852
17293,84879,0.9485169449274982
17293,84029E,0.9475026464384594
17293,22113,0.9462839324788884
17293,22633,0.932709230717218
17293,21034,0.9233918089423286
17293,23082,0.9218510266715794
17293,21326,0.9179793655844732
17293,23084,0.9165619994503998
17299,23311,0.9076081095842162
17299,23084,0.9007344454781685
17299,22138,0.8613595579259397
17299,21914,0.8523553374520586
17299,23077,0.839327477130886
17299,23344,0.8341405146472812
17299,22617,0.8272270523205038
17299,84879,0.8163095583715061
17299,22557,0.8014099074737049
17299,23192,0.7753478334658237
17302,22113,0.9492852740077764
17302,23082,0.9478840071108884
17302,22083,0.8210283437812259
17302,23245,0.8005290041345039
17302,22595,0.7915903002443229
17302,22295,0.7888080084746102
17302,82484,0.7695025447604127
17302,22335,0.7631571857366016
17302,23332,0.7574403110340153
17302,23203,0.7414249221429116
17306,23309,0.9847946181661765
17306,22988,0.9842495500431507
17306,22970,0.9787200778740343
17306,22616,0.9782801829948291
17306,22971,0.9751293820142357
17306,22659,0.9625079200628034
17306,22900,0.9624756938454133
17306,22619,0.9149678777135898
17306,22902,0.8775055693303746
17306,23157,0.811577148498484
17314,20679,0.8456309304166514
17314,84879,0.8322613715213018
17314,23355,0.8291388839628718
17314,22801,0.8288282849097188
17314,22945,0.8173802453445381
17314,22578,0.809080765657875
17314,23310,0.8077943339764087
17314,22483,0.792582983283892
17314,15056P,0.7813623331597028
17314,22574,0.7790659408991066
17315,22698,0.9958264548857223
17315,22697,0.9952189398303941
17315,22699,0.9942814639976607
17315,23301,0.9933924986934314
17315,47566,0.9911314441305876
17315,22720,0.984751230654821
17315,85099C,0.9779760339723138
17315,23300,0.97666249062733
17315,84978,0.9729945774637546
17315,21929,0.9719270814497191
17321,23080,0.7088354591782071
17321,22728,0.553721341600797
17321,85048,0.5499402677879559
17321,23240,0.5442154590300184
17321,21034,0.5013917418302146
17321,22621,0.4995925914789779
17321,22756,0.46634223112306755
17321,23321,0.46476743849983704
17321,22374,0.46198721649569335
17321,84347,0.45757406809109097
17323,22384,0.9949994319099867
17323,23209,0.9947011554355152
17323,23203,0.9905145568400836
17323,20724,0.9901118406515066
17323,20725,0.9893731903425508
17323,23206,0.987962256440444
17323,23293,0.9778257908015494
17323,21977,0.9758505984577922
17323,22562,0.9747219590267359
17323,22382,0.9744762480275341
17324,21498,0.89444924737821
17324,21080,0.878764758841574
17324,21499,0.8783405323141025
17324,21500,0.8494545014673677
17324,21034,0.8404713484739055
17324,35970,0.8105332279740763
17324,21238,0.7902285101005889
17324,23265,0.7658885961039903
17324,23319,0.7632181910693234
17324,23266,0.7374608036378488
17329,22113,0.7845069955409435
17329,21588,0.7838587602025698
17329,84029G,0.7784174473912241
17329,22112,0.7598381003150602
17329,23284,0.7578211223048628
17329,23355,0.7319978950287166
17329,22114,0.731026762565261
17329,84029E,0.7088494878276355
17329,21481,0.7016996530235853
17329,21479,0.6901613029584075
17330,23355,0.861665787402476
17330,23284,0.8083243819725207
17330,23503,0.5414924044777256
17330,22423,0.21273061483476607
17330,21034,0.16611586708255957
17330,21411,0.14612168922733504
17330,23245,0.1417933396095646
17330,22838,0.14017265541195018
17330,85099B,0.13509897129599144
17330,21108,0.12539868583879465
17338,20914,0.9989851811259596
17338,82482,0.995789735362047
17338,22630,0.9939946130017163
17338,82494L,0.9933782403839811
17338,22766,0.9922583958262883
17338,22139,0.9904719396880838
17338,22745,0.9871236037056984
17338,22326,0.9868179911978325
17338,21165,0.9855590588225657
17338,22659,0.9854601548851734
17345,22113,0.9266972459135481
17345,23322,0.9228918014611573
17345,23321,0.8970318162658037
17345,22138,0.8653623058846741
17345,23240,0.8625730540063153
17345,22557,0.8532515074208631
17345,84836,0.8459520212838723
17345,21928,0.8070556902949502
17345,84380,0.8017409027735178
17345,21929,0.7807409615076262
17346,23208,0.9918326955037696
17346,23200,0.9896586591962356
17346,22112,0.9892278490698702
17346,22411,0.9889339723466253
17346,22663,0.9853251678640556
17346,22111,0.9852559114279698
17346,22976,0.9852421021860124
17346,21588,0.9848340998140871
17346,23206,0.9839216004207304
17346,23084,0.9833537851458706
17348,22910,0.9276729180791478
17348,21731,0.9056448607057653
17348,22906,0.9004046898619994
17348,23084,0.8914018427328686
17348,23318,0.8897827341905287
17348,21981,0.8819442926967068
17348,22971,0.8802967683090536
17348,21328,0.8755368097476528
17348,23319,0.8740103946399972
17348,23192,0.8486585897323575
17350,22086,0.898615305176568
17350,22910,0.8960924733463689
17350,23344,0.8856584721871041
17350,22382,0.883637108367886
17350,22722,0.8815231592548824
17350,22662,0.8705869855110209
17350,22720,0.8534854689437286
17350,22909,0.8462091058473441
17350,23503,0.8402592994704136
17350,22960,0.8302026987857576
17360,22867,0.9067565699177585
17360,22727,0.8891062181390758
17360,22621,0.8862368614731698
17360,23318,0.8780721238078364
17360,22633,0.8705013747669138
17360,22577,0.86316676147776
17360,22866,0.8598137372911515
17360,21329,0.8510145239984487
17360,21429,0.849851443067552
17360,22865,0.8480125499018987
17364,23319,0.9825918944322555
17364,23503,0.9647345393033129
17364,35970,0.9628441132858954
17364,22747,0.9501306111765884
17364,22909,0.9478506499327812
17364,22940,0.9473061086069885
17364,23318,0.9450735830908987
17364,22170,0.9443794263674744
17364,22699,0.9416470744778318
17364,22866,0.9395527220298434
17365,22141,0.9834317819986609
17365,20969,0.9740391763065505
17365,22139,0.972619730294028
17365,22144,0.9724705230469703
17365,21122,0.9717154302373291
17365,20970,0.9690869996105504
17365,23126,0.9667649227106686
17365,22972,0.9619901803505758
17365,22749,0.9518628818849201
17365,21912,0.9512967244227085
17368,51014L,0.888934452785042
17368,22418,0.8865109140936177
17368,21591,0.8598864356973356
17368,20974,0.8388532794254047
17368,51014A,0.8361573843700844
17368,84536A,0.8360713932917848
17368,22537,0.8207089547764932
17368,15056N,0.7932943735956641
17368,22979,0.7914333090349686
17368,23396,0.7871710673156284
17371,21935,0.9040203494620646
17371,22568,0.9014517410882356
17371,22493,0.9002826930265796
17371,22274,0.8831441668605606
17371,20751,0.8811087265157048
17371,21621,0.8793375505256333
17371,21733,0.8761094912861226
17371,85048,0.874824870238418
17371,23301,0.8546861701916129
17371,22367,0.8539597611303887
17377,23298,0.9941494743411567
17377,22111,0.9928226249111828
17377,21485,0.99112265355807
17377,47566,0.990050502599182
17377,85099F,0.9890589631989906
17377,22630,0.983730502141361
17377,82494L,0.9836648345513557
17377,85123A,0.9834695090863971
17377,23355,0.9833119609432405
17377,21928,0.9821592626922874
17381,21790,0.9738554151948305
17381,21703,0.9687507436629886
17381,22563,0.9568646299382576
17381,22616,0.9550296814620812
17381,22564,0.9490557028540533
17381,22659,0.9418726293305493
17381,21791,0.9356654433998608
17381,22555,0.9228554885526262
17381,84077,0.9186651551346552
17381,22492,0.9095578160671116
17384,15056N,0.9300524907216263
17384,21755,0.8894884683618131
17384,84946,0.7838106913804188
17384,23396,0.7263138934877331
17384,23393,0.6747730783527129
17384,85099B,0.6612394123091052
17384,23395,0.6328536814550567
17384,22469,0.6084723429856301
17384,23344,0.5922906780303663
17384,46000S,0.5730428362847328
17386,22791,0.9208324228961375
17386,22573,0.8060946640957052
17386,22593,0.7778533645832593
17386,84947,0.7594339713295182
17386,22574,0.7344083837926512
17386,23266,0.70656359391557
17386,85049A,0.6942959205091518
17386,23215,0.6659186951219422
17386,22594,0.6499380557529691
17386,22734,0.6467364033960918
17387,22554,0.9104406816883294
17387,21136,0.9054869876744928
17387,22551,0.902269262578606
17387,22086,0.892676042810911
17387,22382,0.8921765928750212
17387,23344,0.885430079656301
17387,23207,0.8759481775567084
17387,21791,0.8754678302589817
17387,23209,0.8508137748506063
17387,22423,0.8462604116153241
17389,22138,0.99732542265371
17389,22960,0.9961746855679098
17389,21623,0.9925449745101392
17389,22795,0.9905070720835217
17389,85099B,0.9903511429060865
17389,22766,0.9896483395248102
17389,22768,0.9883886624636267
17389,85066,0.9881018841849726
17389,21137,0.9878994330082507
17389,22767,0.9849836168836034
17402,22619,0.9732343446487183
17402,23084,0.9418768371594445
17402,22622,0.9281490502035465
17402,22636,0.9065874080937526
17402,22635,0.899981936979492
17402,21791,0.8717837613747179
17402,21790,0.8532832148683326
17402,84580,0.6362654472141341
17402,22838,0.5678647703984706
17402,22960,0.561097856107974
17404,23236,0.9067825938690152
17404,22139,0.8726971217956937
17404,23295,0.8701571656810726
17404,84077,0.8654549829998434
17404,23245,0.8651321624636481
17404,23296,0.8550728592849621
17404,23293,0.843663988176203
17404,21791,0.8321967899610783
17404,22951,0.8316436769103774
17404,22721,0.8281315633998297
17405,82486,0.9019960624387704
17405,22138,0.8578459446810853
17405,22722,0.8286566539006175
17405,20914,0.8149626228856434
17405,21519,0.811266312410295
17405,21509,0.8108284493042685
17405,22712,0.8065414147119286
17405,22720,0.8058367186605021
17405,22027,0.8002906228273982
17405,21507,0.7916229735497818
17410,47566,0.9321091539515206
17410,22728,0.9298882940868386
17410,22197,0.9258254283845635
17410,21890,0.9065508446704458
17410,82484,0.8736581203514568
17410,22899,0.8731402265355475
17410,21912,0.8617149722906727
17410,22423,0.8448252620936075
17410,22699,0.8419034160371709
17410,22698,0.8136151131924626
17411,79321,0.7455361204707484
17411,23084,0.7293440716483384
17411,23109,0.5991810239158253
17411,23050,0.5890473238563353
17411,22835,0.5811660671090044
17411,23108,0.5797628716739156
17411,23355,0.5565862648823232
17411,23356,0.53716803926441
17411,22189,0.5212326353823041
17411,22807,0.4696564735956188
17412,22179,0.978067528729531
17412,20725,0.9760942064135838
17412,23209,0.9741312227994047
17412,23199,0.9675682438464973
17412,21731,0.9645915741538643
17412,23203,0.9571547521124478
17412,22382,0.9521873091345114
17412,22326,0.944305302381099
17412,22662,0.9429759878523197
17412,23240,0.9393804676817396
17419,84406B,0.9766443241576565
17419,23355,0.9664341572962747
17419,22189,0.9640162926304132
17419,71053,0.9619427999334265
17419,47566,0.949640472433407
17419,22138,0.9451759350322321
17419,84792,0.9451042166316118
17419,84879,0.9290392831527907
17419,22457,0.9201579579508943
17419,21890,0.9174555775138341
17422,22568,0.9018337196241223
17422,20972,0.8772349356957531
17422,22269,0.8609327968553288
17422,23275,0.846862571563201
17422,20971,0.8405009629551741
17422,21382,0.8349438024536424
17422,22178,0.8132432464837211
17422,84879,0.8125530252282658
17422,22578,0.8089896663300419
17422,22577,0.775152805069654
17425,22178,0.8454128653079888
17425,22111,0.8320786668949921
17425,20685,0.8282756468463734
17425,22114,0.8280226310309144
17425,22835,0.8249578622642488
17425,21485,0.8051216944667592
17425,23344,0.7664430458315353
17425,22568,0.7621648711935449
17425,85099B,0.7433213258071979
17425,22385,0.736210874195914
17426,20972,0.9876926846559949
17426,20971,0.9874762425161492
17426,22411,0.9862229123761934
17426,22993,0.9854699063413508
17426,20713,0.9829606548724942
17426,20728,0.9783176521922389
17426,82582,0.9650972867887316
17426,22083,0.9649785423799887
17426,23201,0.9596000165511549
17426,22726,0.9565171345615152
17428,22813,0.9784027750206014
17428,22630,0.978198212115647
17428,22584,0.9657132664519678
17428,22652,0.9657119379206535
17428,22910,0.9575102169972115
17428,23111,0.952587650172889
17428,84378,0.9333382785582146
17428,22086,0.9315751195976352
17428,84380,0.9297998736003619
17428,23118,0.9284055713917801
17432,23318,0.9278665136235058
17432,23320,0.9217418520527927
17432,23242,0.9081522182185394
17432,71477,0.9027298239646833
17432,23264,0.8932205702884592
17432,20682,0.8767468322320574
17432,23234,0.8735348488446609
17432,22274,0.871920347740933
17432,23229,0.8400851477153065
17432,23266,0.8380958003966775
17434,22111,0.9982004421447056
17434,22112,0.9967204361460827
17434,21485,0.9901179932773997
17434,82494L,0.986031336020157
17434,23245,0.9830435668328565
17434,22367,0.953679789685242
17434,22577,0.9526646961345248
17434,84832,0.9491406705816566
17434,22624,0.9484907480762248
17434,21891,0.9388421813513933
17436,22301,0.9181907786442819
17436,22300,0.8930634240595907
17436,22970,0.6193897620683377
17436,22979,0.5750623244897506
17436,22971,0.5118239177116299
17436,22578,0.4973337301571531
17436,35970,0.39523850742496397
17436,23103,0.3667874585100892
17436,22577,0.3655105748237457
17436,22423,0.3644832854158687
17449,82494L,0.9924993274549033
17449,82482,0.9919050390462981
17449,22795,0.9829286145434165
17449,85150,0.9773290551035513
17449,22173,0.9747380637441023
17449,22171,0.9674428876254537
17449,21166,0.9671389828146567
17449,21733,0.9667162065768737
17449,82582,0.9633215171871651
17449,22766,0.9579300522650419
17450,48138,0.9977312734947255
17450,48187,0.9947774507320086
17450,21166,0.9946109965036203
17450,20685,0.989934368386214
17450,48194,0.9857742665953576
17450,21175,0.9854987195597941
17450,85123A,0.9851958476247343
17450,82552,0.9850344096372089
17450,82551,0.9832732834477791
17450,82583,0.9831653751436396
17451,22083,0.9803415202364105
17451,22086,0.9755946528013401
17451,22867,0.9729757009888974
17451,23313,0.9708993432313866
17451,23328,0.9654314621704481
17451,22866,0.9594031724733347
17451,22456,0.9449050896879421
17451,22114,0.9415491225439733
17451,22189,0.9403533194939994
17451,23311,0.9403045144922734
17453,22138,0.6889617101134123
17453,23284,0.6491737355101247
17453,22423,0.6275651718536307
17453,22698,0.6113457415442486
17453,21108,0.6089719363240939
17453,22619,0.6055621363001795
17453,22969,0.5936802346252458
17453,23029,0.588878409240887
17453,22697,0.5767921449876762
17453,22378,0.5697610099505406
17461,22662,0.9415951771999503
17461,20726,0.930735351713199
17461,22727,0.9293774455210555
17461,23208,0.9283016780104852
17461,20685,0.8953780307665509
17461,22726,0.8897942665683448
17461,82494L,0.8889177991836397
17461,22382,0.8880168006485047
17461,22383,0.8767539135920862
17461,20914,0.87593875220278
17463,23439,0.9842881727656166
17463,22142,0.9654019912561275
17463,22144,0.9485354575202137
17463,22141,0.9477216197751257
17463,23344,0.943078814714771
17463,23323,0.9147322804819803
17463,23343,0.9021317788460078
17463,23240,0.8999319253631411
17463,22694,0.8990478186190823
17463,23300,0.8862426396172847
17466,84970L,0.6874640024214821
17466,23084,0.6834323228067691
17466,22560,0.6455756267792322
17466,21891,0.6415100734192101
17466,23322,0.6364176968406143
17466,23399,0.6296338847323765
17466,22434,0.62066177183773
17466,23118,0.6176955837405914
17466,22436,0.6166110608528679
17466,23493,0.6156476155529735
17469,23344,0.937279333269784
17469,22726,0.9355444378343738
17469,23313,0.9343991521853818
17469,23343,0.9327326183145008
17469,23208,0.9276356406896616
17469,22728,0.9258529104508936
17469,23203,0.9187478863513253
17469,22727,0.9175975251471482
17469,48187,0.9070772753448115
17469,23201,0.9025560964730931
17481,22139,0.9597106582018786
17481,23355,0.9549922084764699
17481,23301,0.9526056354488761
17481,22086,0.9491943002868811
17481,22909,0.9347183780578248
17481,22138,0.9272985443565074
17481,22507,0.9126695108009911
17481,21535,0.9108780129965194
17481,21791,0.9069159648180863
17481,22625,0.8905940541206201
17490,22138,0.9575018043224691
17490,23251,0.9437538411789955
17490,23250,0.9361621983839755
17490,23245,0.934949493402666
17490,23300,0.921406090700765
17490,22371,0.9173475142812949
17490,23249,0.9121319878383465
17490,23206,0.8996434476682913
17490,22727,0.8959775923078314
17490,22730,0.8885654468482755
17491,23344,0.9835362039549477
17491,22086,0.9831680600308319
17491,23343,0.9805082137643283
17491,23200,0.9789221265359773
17491,23355,0.9634467529036429
17491,84945,0.9632948257013618
17491,21899,0.9616938706947845
17491,23356,0.9573903285488787
17491,23215,0.9569013469545513
17491,21902,0.9562898218169908
17495,22086,0.9575438972159234
17495,22300,0.9484830754260934
17495,23313,0.932126735098084
17495,22909,0.9144790560057802
17495,22301,0.8933522746360872
17495,22457,0.8805701036148567
17495,82484,0.8126508139312754
17495,22966,0.7881279298329908
17495,23319,0.780141442130086
17495,22842,0.7315037718504073
17500,22423,0.17372616495373333
17500,85099B,0.1522319498340467
17500,23173,0.14652514439531034
17500,21212,0.14611049830468212
17500,21462,0.14133788385096474
17500,22469,0.13961307944563023
17500,82483,0.132837932985417
17500,84879,0.1323226896760898
17500,47566,0.12928896047309738
17500,22623,0.12496210493138354
17502,23275,0.8726915538430717
17502,23323,0.8500601733246893
17502,22175,0.8378726831228517
17502,23322,0.7578124505839309
17502,22179,0.734516761764977
17502,22910,0.7181339522976956
17502,22138,0.7137620133887145
17502,22470,0.6728573667990346
17502,22077,0.6576517692598991
17502,22485,0.6345545287490532
17503,23084,0.9675550219507566
17503,22083,0.9401292659789071
17503,48187,0.9184167740409087
17503,22138,0.9175823445193407
17503,22728,0.899463636926899
17503,22727,0.8984074942514901
17503,23284,0.8888666833571957
17503,23109,0.8642071813837623
17503,23301,0.863240074424063
17503,22578,0.8503683436164569
17511,23203,0.9931075110894126
17511,22197,0.9914752200722046
17511,23202,0.9914111908258466
17511,82484,0.9908440444470572
17511,21080,0.990128424467012
17511,22169,0.9880708199633458
17511,21121,0.9851548876440341
17511,22386,0.9841410339986701
17511,84970S,0.983711414496315
17511,85099F,0.9834787010072868
17512,84755,0.9684531449007706
17512,22457,0.9648840433049773
17512,22456,0.9479815614836756
17512,21175,0.9461898202042094
17512,82582,0.9404903646350882
17512,22488,0.9299809292980139
17512,21181,0.9203256378624434
17512,22851,0.9173703773174227
17512,23182,0.8952434678112269
17512,85123A,0.8919580555467701
17516,20914,0.9607885576195557
17516,22960,0.946422653636981
17516,20727,0.9418335499281318
17516,82494L,0.9319865362312968
17516,20725,0.9293472641513506
17516,82482,0.929272166368843
17516,22720,0.9253710146561591
17516,22470,0.9058622495908886
17516,22469,0.9003443571363556
17516,23209,0.8963306835990513
17519,21094,0.9491912139861046
17519,21086,0.9387505658086012
17519,22333,0.9262149649842217
17519,21212,0.8881322729182375
17519,21080,0.8813951867740925
17519,23311,0.8352087621727458
17519,23298,0.8248058334007538
17519,47566B,0.8207304099735317
17519,23493,0.8192529638960149
17519,21977,0.8090033976662618
17522,22178,0.9245052894342156
17522,23321,0.8490446161130683
17522,85062,0.8308664791577116
17522,51014A,0.7685803360986718
17522,21745,0.7588340093003226
17522,51014L,0.7031359897564325
17522,21731,0.6836187863989993
17522,21034,0.661650498990916
17522,22728,0.6558333654091238
17522,22423,0.6554727504410534
17526,22964,0.8258396374158999
17526,22959,0.6286586896696025
17526,22178,0.6251905339762603
17526,22776,0.6107337430008216
17526,22584,0.5883982292752793
17526,85048,0.5747720760378902
17526,22046,0.5693514064723331
17526,21122,0.5533816989343437
17526,22236,0.5100837356626221
17526,71053,0.4377173350533789
17528,23395,0.9820997280998021
17528,22554,0.97298272249368
17528,23396,0.9705865751374373
17528,22551,0.9691649670724104
17528,23084,0.9608525483262459
17528,22083,0.9567535484288228
17528,22580,0.9476334265562246
17528,23014,0.944452989976485
17528,23013,0.9435922538685095
17528,21731,0.9420022351874701
17530,84380,0.9865509474519641
17530,21889,0.9825527605486283
17530,22966,0.9800213858432263
17530,20972,0.9798518412507622
17530,23103,0.9794087500215397
17530,23002,0.9753172093226142
17530,22086,0.973079271980949
17530,22554,0.9727037028434184
17530,23005,0.966806489504401
17530,22149,0.966791602559393
17540,22112,0.9595456576442577
17540,22111,0.9530375094753553
17540,22835,0.9396173113023718
17540,21485,0.9168259126602774
17540,22113,0.9095062961899244
17540,72741,0.6418677177732053
17540,22645,0.6330219665286968
17540,23356,0.6290686333798042
17540,22114,0.6117091252048942
17540,22646,0.6080051630761762
17549,21818,0.5694667612079226
17549,22577,0.5631666642325255
17549,22578,0.402097999679591
17549,21811,0.385467996398868
17549,22792,0.26542511025681653
17549,22909,0.26288955918491397
17549,21084,0.2524127165669049
17549,23119,0.2517578967832852
17549,35471D,0.2510555821891316
17549,21880,0.23689883084805113
17554,22727,0.9753863921631739
17554,22726,0.9694414562843217
17554,22725,0.939177476571189
17554,22730,0.9188799625718411
17554,22693,0.890324023009214
17554,22303,0.8836144795402118
17554,22302,0.86906291468712
17554,22138,0.8207986976462055
17554,23237,0.8175441103658503
17554,16016,0.8137667834927674
17555,23265,0.9504153254485059
17555,22562,0.9459986367895065
17555,22142,0.9399308220382612
17555,22644,0.9290359336380254
17555,23319,0.9266704679271063
17555,22144,0.92552119774703
17555,22991,0.9217927380560459
17555,21592,0.9190169802463538
17555,20973,0.9188996536606553
17555,22141,0.9157884671268234
17557,22112,0.9730088882889707
17557,23301,0.9713604461732263
17557,23355,0.967393473840555
17557,22419,0.9054779306313833
17557,22386,0.8902184924829474
17557,51014A,0.8675412042585045
17557,23177,0.840357629081
17557,22624,0.8274441863098834
17557,21471,0.8038419411029126
17557,23176,0.794833024283162
17562,22867,0.9750249898753492
17562,22633,0.9667196737487266
17562,23343,0.9651999422359252
17562,23311,0.9468976102162476
17562,21429,0.941087293335999
17562,23203,0.9305491384496419
17562,23202,0.9096221792211457
17562,22355,0.9093293191122407
17562,23201,0.9038027959031467
17562,23298,0.8985578063798634
17564,21485,0.9705284585108858
17564,23355,0.9701423464916782
17564,22113,0.9685994642782606
17564,22112,0.9626732568543521
17564,22111,0.951991834902515
17564,22835,0.9487229092336465
17564,22604,0.8806437929715379
17564,23103,0.809163588009297
17564,22082,0.8064182597089526
17564,22114,0.8040168807479453
17567,22577,0.9169201059082017
17567,22601,0.8933496037575718
17567,22593,0.8719885140498653
17567,22573,0.8692635178710149
17567,22602,0.8605475659789732
17567,22578,0.8453181454066286
17567,84879,0.8289588226855913
17567,22386,0.8287988601107414
17567,22574,0.8173121603966437
17567,22379,0.8120889726097428
17576,85123A,0.9763861685309511
17576,22470,0.9754565739889178
17576,20914,0.9741941598023706
17576,23321,0.9729997450681254
17576,21733,0.9725614736886778
17576,22666,0.9709435524821767
17576,21181,0.9687772561249774
17576,23322,0.956167246362858
17576,47566,0.9535409789574646
17576,22469,0.9534075238051734
17579,22910,0.8301515336915489
17579,23318,0.8068780884990047
17579,23319,0.8036347250494613
17579,22086,0.7871832745262886
17579,22749,0.7448236952951973
17579,23082,0.7289330002778213
17579,22469,0.7222525404221973
17579,23076,0.7181053339191894
17579,23321,0.7179702045426617
17579,22734,0.7064410290334189
17581,85099F,0.9964510123332322
17581,23293,0.9912738999373405
17581,22910,0.9910059020093549
17581,22386,0.9903504021588274
17581,22411,0.9898067453316528
17581,23199,0.9889866474836008
17581,21931,0.9880991460691065
17581,23343,0.9875645249635948
17581,23084,0.9873159508724604
17581,23201,0.9868498732298112
17584,82483,0.9039900917987995
17584,22677,0.8554406081322052
17584,22679,0.8523014739902194
17584,22467,0.8447313569457738
17584,21770,0.8427981270552358
17584,22212,0.8341769533251323
17584,82552,0.8319114703672664
17584,22678,0.8097674924185011
17584,82484,0.786352418902342
17584,22676,0.780468857994804
17590,23321,0.9854951124053902
17590,22086,0.9758888692920362
17590,23355,0.9748873754601853
17590,22910,0.9717836443330111
17590,22382,0.9717506038483044
17590,23084,0.9716202928348122
17590,23329,0.9687181728201775
17590,23266,0.9678786478662278
17590,23264,0.966084678168096
17590,23082,0.9641579602287534
17593,22115,0.8609183161591477
17593,23355,0.8552308898867701
17593,22079,0.8455708641873603
17593,21592,0.8380141548265869
17593,22398,0.8231865484171876
17593,22508,0.8190614800094104
17593,23546,0.8137037146840107
17593,22596,0.8111379702683222
17593,22465,0.8063738043549715
17593,23320,0.7952512797534997
17595,23210,0.9533496036727356
17595,22158,0.9461462763875981
17595,75049L,0.9186924567863634
17595,23266,0.9079239618497387
17595,23080,0.9016993085028986
17595,21326,0.9001087246411688
17595,22361,0.8969678300330272
17595,85175,0.8854678636871259
17595,23081,0.8821336166050168
17595,23168,0.8807977794597364
17596,20975,0.9551742689423309
17596,84536A,0.9535858877349996
17596,22418,0.9452829738474702
17596,20974,0.9183932955834677
17596,22440,0.9121777491257226
17596,22083,0.901656918492875
17596,17003,0.8862792941571468
17596,21094,0.87499402283331
17596,21086,0.8722538624755598
17596,23078,0.8703173633686816
17602,23439,0.998286321525736
17602,23247,0.9963291962172106
17602,22632,0.9961920771478551
17602,23308,0.995604677881996
17602,23320,0.9950471826410906
17602,23503,0.9950039144318776
17602,23318,0.9939907007754829
17602,84992,0.9938104185156676
17602,23319,0.9933112663356259
17602,22865,0.993047659137135
17611,48184,0.9406331956053291
17611,22429,0.9360846241885451
17611,79321,0.9333616524171323
17611,22553,0.927866533880607
17611,22624,0.925865614638342
17611,23245,0.9250146957622115
17611,21718,0.9207532469624632
17611,22674,0.9206203130349424
17611,22973,0.9183187149897816
17611,21679,0.9118683294971012
17613,85123A,0.9910904971358978
17613,21733,0.9858772822471434
17613,22910,0.9854590670388094
17613,22086,0.9822350712940996
17613,23344,0.9765882010978696
17613,21993,0.9579179934204338
17613,84879,0.9553824572924194
17613,23133,0.9459454500704353
17613,35970,0.940421211431163
17613,21136,0.9378601639998723
17618,22844,0.8379183187062447
17618,21843,0.8006458077465823
17618,22348,0.7587191782142301
17618,22568,0.7461123919376748
17618,84078A,0.7318830284946687
17618,22750,0.7205093366257952
17618,22749,0.6960882929628576
17618,20970,0.695182478843885
17618,22960,0.6943584678370676
17618,22966,0.6720686025564611
17621,22086,0.9069212052385588
17621,22910,0.8979957677788335
17621,23284,0.8763031751880764
17621,23300,0.8576902713395683
17621,23301,0.8252309335995982
17621,22554,0.8208132163331061
17621,23245,0.8143594533914668
17621,22551,0.8082280931764106
17621,22189,0.8024309026808314
17621,22722,0.8004970819435322
17624,21891,0.8987165206201
17624,22867,0.8794147431818605
17624,22633,0.8744774667384388
17624,22866,0.8716701730701423
17624,22759,0.8643289417618912
17624,22865,0.8541708608935363
17624,22561,0.8538690504056042
17624,21889,0.848901494435271
17624,23354,0.8444837151290987
17624,22144,0.8182495437995775
17625,23503,0.9768668665529703
17625,22111,0.9759494584279194
17625,22113,0.9716148946877932
17625,22865,0.9708859336742641
17625,47591D,0.9686877742172983
17625,47567B,0.9600839579008632
17625,23439,0.959801034745139
17625,22952,0.9525280148926999
17625,22507,0.9481968347307498
17625,22632,0.9458702315541558
17629,22212,0.933486568059903
17629,84029E,0.9233483288158669
17629,22196,0.8872893015776773
17629,22195,0.8861611609552347
17629,84378,0.8729551975617934
17629,21485,0.848525122244515
17629,17003,0.8446161584398341
17629,84380,0.8442011899475784
17629,47566,0.8371494379134234
17629,35471D,0.7918723835223977
17631,21485,0.7488176044853984
17631,22722,0.6165130305706347
17631,85071B,0.6156661096205379
17631,51014A,0.6051602182625865
17631,20996,0.6021621866352914
17631,23355,0.5992437228601486
17631,22086,0.5281578019742781
17631,47504H,0.5244737957975475
17631,22138,0.5041440062529539
17631,21754,0.5023675976553392
17644,23298,0.9945981103016557
17644,23203,0.9899615896973321
17644,23284,0.9888885079613245
17644,22149,0.9796242951076304
17644,23118,0.9791086881717723
17644,21429,0.97857169929481
17644,48194,0.971159516280404
17644,47566,0.9681855494170328
17644,23205,0.967427136414276
17644,20724,0.9653652366873098
17651,20728,0.9751086212456708
17651,23201,0.9725353226167689
17651,23209,0.9708470040883106
17651,23206,0.9593261280719151
17651,22382,0.9587690880938485
17651,22384,0.9559010618619258
17651,23203,0.9553507198690194
17651,20725,0.954978610873258
17651,20726,0.9544370200268744
17651,23200,0.9511833802350651
17652,20914,0.9970751497323158
17652,22139,0.9966060522193766
17652,21559,0.9929178150527794
17652,85123A,0.9907116634965145
17652,23203,0.9906403206216255
17652,84596B,0.9905032241973332
17652,22197,0.9878464616427082
17652,22086,0.9860217467697502
17652,22457,0.9858953006241812
17652,21430,0.9839688861955896
17655,22835,0.9709607176185515
17655,22112,0.9613711734960555
17655,22114,0.9600615321092851
17655,48185,0.9430794088917839
17655,22910,0.9275895611740733
17655,48111,0.923988634083405
17655,48188,0.9159055703332264
17655,84879,0.9040318339470129
17655,22639,0.8807993512667559
17655,22413,0.8761145217063938
17658,51014C,0.7326852099477982
17658,22584,0.7079558982151077
17658,22585,0.5713371173540972
17658,21770,0.5678854536292112
17658,22178,0.5610220062853418
17658,22423,0.5600906334526473
17658,22625,0.5439132100378544
17658,23077,0.5306243960593748
17658,51014A,0.513913950664535
17658,23076,0.5126645150206689
17659,21733,0.9561912679449613
17659,22077,0.9511844028585427
17659,22086,0.9441096890656653
17659,22568,0.9396011179707157
17659,23084,0.9328602392385104
17659,22144,0.9310695171653418
17659,21257,0.9292932958916709
17659,21481,0.9200199385434857
17659,22141,0.9162684710004391
17659,22178,0.9148720146692941
17663,23343,0.921798009886438
17663,22189,0.9167005998260934
17663,82552,0.9137043699088782
17663,84879,0.8980692832557249
17663,21756,0.8973017718438674
17663,85123A,0.8836588518432507
17663,22694,0.8824279223625168
17663,21754,0.8817549825577767
17663,21181,0.8549300484144915
17663,84755,0.8516013570289064
17664,47566,0.810922208822586
17664,23298,0.7864915259595991
17664,22759,0.7753976248712103
17664,22910,0.7683870169219219
17664,35970,0.7665932513405654
17664,22086,0.7259513811880942
17664,23319,0.708122634261319
17664,20982,0.7027458785668481
17664,20981,0.6982180914770204
17664,23343,0.6963760018506239
17666,23332,0.877783599007066
17666,21169,0.8743733384460309
17666,23329,0.8456089701899466
17666,22423,0.7607090961166248
17666,21166,0.6608235234699578
17666,71459,0.44986661649250437
17666,84949,0.44225794160901605
17666,21818,0.3496166747149449
17666,22284,0.2932454728523063
17666,21811,0.2709058685575476
17668,22423,0.8316168665816372
17668,22720,0.7553421359719942
17668,23245,0.7336929578021482
17668,22722,0.7194876609586369
17668,22625,0.7182041880091884
17668,22624,0.712305173268729
17668,21843,0.6413575166673187
17668,22776,0.6376182507791065
17668,23171,0.6339124589240026
17668,22838,0.6107014357180234
17671,22910,0.9583996698104648
17671,22086,0.9495873737521628
17671,22726,0.9462935671930988
17671,22727,0.9426273379599428
17671,22728,0.9310898789199927
17671,84879,0.8976878296756894
17671,22083,0.8944178273728841
17671,22730,0.8840101920953346
17671,22488,0.831641059644156
17671,22725,0.7987748561474335
17673,21918,0.9688915431922538
17673,21329,0.96454378236288
17673,20974,0.9581966329904149
17673,23126,0.9579209682530931
17673,21328,0.9508167770632444
17673,22439,0.9379247009570952
17673,23127,0.9374417587282197
17673,20979,0.9320388953291374
17673,21327,0.9283931259264083
17673,21164,0.9272402155699969
17675,22730,0.9995738378320864
17675,23209,0.9994938802378976
17675,22726,0.9979768835274094
17675,22189,0.9979405337346444
17675,22720,0.9974289530751467
17675,23240,0.996955147988331
17675,20713,0.9966792123346564
17675,23203,0.9965195193497127
17675,22382,0.9956049869697203
17675,23208,0.9951331280088535
17676,22865,0.9800355978927462
17676,22866,0.9766702607618417
17676,23209,0.9438833502191021
17676,22867,0.9356080854524149
17676,20725,0.9317982296635868
17676,23206,0.9055267934061206
17676,20727,0.903255759942612
17676,23208,0.8963637046536254
17676,84029E,0.8880941455874273
17676,22355,0.8427506179718566
17677,21731,0.9965565575852713
17677,23203,0.9956720383762799
17677,85099B,0.9942842452494548
17677,22197,0.9913940578616158
17677,23084,0.990984825926026
17677,23199,0.990399839221022
17677,22726,0.9893567469866753
17677,84380,0.9875837716151125
17677,23293,0.9848073463286701
17677,23206,0.9835075801432814
17682,22384,0.9968037255429237
17682,20726,0.9960655449159297
17682,22383,0.9953872338336734
17682,20728,0.99450920470595
17682,20727,0.9939767106904672
17682,22662,0.9924550807021216
17682,22382,0.9903366581839396
17682,20725,0.9894463503543619
17682,23206,0.9893725201046489
17682,23207,0.9856129816055903
17685,20728,0.973405627485831
17685,79321,0.9631523503289863
17685,20727,0.9508236310661428
17685,22382,0.9488345702644388
17685,22813,0.9215973984725182
17685,23206,0.9197829303496381
17685,20726,0.9171145809931922
17685,22629,0.9103721666639308
17685,22086,0.9075933804623701
17685,22585,0.9059525372524065
17686,22384,0.996730773807628
17686,23203,0.996194292317741
17686,21931,0.995694873986721
17686,23202,0.990158414795394
17686,20728,0.9893232881758456
17686,22411,0.9887935447343936
17686,22386,0.9882266303104562
17686,85099C,0.9859149551189349
17686,22383,0.9858315439701842
17686,85099F,0.9818824451631114
17700,23318,0.948696394787061
17700,23351,0.92141252392068
17700,22734,0.9212264364902747
17700,23319,0.9124956993536195
17700,23298,0.8992574851705263
17700,23320,0.8958100670753166
17700,22744,0.8886957627541059
17700,23321,0.8870609622163236
17700,23439,0.884704732892842
17700,84879,0.8803722153134387
17705,22193,0.9789075707551778
17705,22192,0.973837774898753
17705,22727,0.9595819591602676
17705,20727,0.9579979400539086
17705,22726,0.9570464394066949
17705,22728,0.9519963114150362
17705,23206,0.9485695742805426
17705,23344,0.9426412785238775
17705,23209,0.9382972336468133
17705,22411,0.9170915147351774
17706,21479,0.9830387757749065
17706,22835,0.9805137474216968
17706,22423,0.9738397012696127
17706,22191,0.973827921816496
17706,85123A,0.9721869775472779
17706,22467,0.9645556868939315
17706,21907,0.9639780221033774
17706,22627,0.9618107061674236
17706,85099B,0.9609178619047491
17706,22139,0.9544716290681095
17711,22138,0.6820185769621547
17711,21381,0.6510518859510713
17711,22743,0.6479655706475644
17711,22139,0.6404585871220788
17711,23076,0.6352862801771437
17711,22577,0.6335920381142763
17711,22693,0.6247876725615507
17711,22961,0.6107675766456487
17711,71477,0.6068911717404946
17711,20996,0.5640450461566726
17716,22086,0.962873455530969
17716,22910,0.9258861778433986
17716,22083,0.9085324370172435
17716,85123A,0.9072888636998943
17716,23344,0.8362840625288919
17716,22621,0.8018210838531221
17716,22470,0.7795776243723105
17716,23207,0.7673310186174509
17716,21181,0.7652692208374511
17716,22766,0.7629671253124465
17720,22112,0.9431450971572866
17720,22488,0.9415854160214274
17720,84879,0.9272794659744138
17720,85175,0.8457653977751431
17720,23263,0.8454087805016601
17720,84970S,0.8282216999322872
17720,21340,0.7781782301932653
17720,23328,0.7698811086667277
17720,22596,0.7316262221482219
17720,22219,0.7164413191372815
17725,84347,0.9869579440949449
17725,23035,0.9817548920335145
17725,84945,0.978303677543838
17725,23029,0.9779240048095431
17725,21670,0.9757511715256817
17725,23031,0.974004899683178
17725,84970S,0.9717085071290057
17725,21673,0.9706972743988759
17725,23096,0.9699244409960874
17725,21671,0.9660555409129338
17728,23203,0.9772797567247741
17728,23240,0.9709075784285147
17728,23209,0.9706637488531271
17728,23344,0.9678133745306108
17728,23298,0.9649086442327912
17728,23301,0.9525583716465779
17728,23202,0.9520054968278454
17728,23208,0.9514209077388999
17728,20727,0.9506237691408255
17728,23300,0.9484521485967534
17730,22986,0.9745567821571685
17730,22114,0.9742747848740659
17730,22667,0.9582692481602415
17730,20914,0.9559333216587688
17730,22866,0.955528443642907
17730,16161P,0.9539999275211225
17730,22077,0.9487828747786712
17730,22865,0.947597144728519
17730,23231,0.945729427979925
17730,22028,0.9446436830459891
17735,22382,0.9796261661252809
17735,23209,0.9785257426418826
17735,20726,0.9736864190578518
17735,21213,0.9734225266737286
17735,20728,0.9717673218780956
17735,22384,0.9665373062811917
17735,22866,0.9571414584890302
17735,84991,0.952746027170568
17735,23208,0.9526330073319711
17735,22951,0.951986592027651
17736,23245,0.8821548587453899
17736,82486,0.8325379544571113
17736,22771,0.8311230734547436
17736,22423,0.8200088513610743
17736,21790,0.7926083417555311
17736,21755,0.7819388349096023
17736,21791,0.775424325809873
17736,82580,0.6841847518416733
17736,82581,0.6608086048644197
17736,21172,0.6537286266992406
17737,23298,0.7331998928475124
17737,84945,0.7039908005092846
17737,22470,0.6211081501835556
17737,20914,0.5815450706090269
17737,22596,0.5160944899789439
17737,23212,0.4873124906880425
17737,84836,0.46400652957711314
17737,22727,0.4165383424160191
17737,22666,0.40412933194477463
17737,22699,0.395603910131114
17738,23245,0.8596625388977346
17738,22577,0.8256602655406459
17738,23503,0.8157922515637136
17738,22720,0.8150182536226446
17738,21889,0.8145756922926711
17738,22699,0.7815677403857066
17738,20725,0.7694758114912158
17738,22909,0.7605987282265876
17738,22960,0.754262414664612
17738,23013,0.7513764156806624
17739,22366,0.9530113994647822
17739,79321,0.9330609272554934
17739,84978,0.9327687572426316
17739,22112,0.93071562313413
17739,23284,0.9208961329594381
17739,48116,0.9079614050371773
17739,21485,0.9065847296026674
17739,22835,0.8976475408661372
17739,23355,0.8865069119819141
17739,22114,0.881687816903866
17744,85032A,0.9043723306706917
17744,85032B,0.9028657541252738
17744,22312,0.8960388092952947
17744,22314,0.8960229456108222
17744,85071B,0.8925464766201243
17744,21564,0.8899718414440702
17744,21158,0.8876377455016717
17744,22063,0.8873232157569898
17744,22758,0.8820824913996845
17744,22396,0.8815407676470085
17750,23000,0.9804075408550519
17750,22996,0.9610830459637748
17750,22997,0.9560969987833294
17750,22999,0.9532289183313217
17750,23004,0.9477459286477508
17750,23005,0.9456943660789214
17750,22998,0.9407897775396972
17750,23002,0.9212742141664155
17750,22994,0.9095354270664238
17750,82580,0.8554199725011563
17754,21705,0.8011754000391195
17754,84032A,0.7983147827780959
17754,21499,0.7887518967334881
17754,22200,0.788626649045068
17754,22755,0.7797143342892774
17754,22075,0.7710278664680772
17754,23355,0.7705099046254636
17754,85099B,0.766623086352754
17754,47504K,0.7384392779937384
17754,22362,0.7380766063782664
17757,47566,0.9980598480205222
17757,22141,0.996071161437479
17757,22138,0.9952207668065686
17757,21154,0.9947609682530432
17757,22666,0.9942482694341411
17757,23196,0.9939602739401819
17757,22630,0.9937980458192749
17757,22573,0.993185239797766
17757,21080,0.9900491006994772
17757,23198,0.9898439032792783
17758,23355,0.9897908028948144
17758,22114,0.9765726224646373
17758,23503,0.9710327128662586
17758,22142,0.9635530836178154
17758,22112,0.9630665253320397
17758,22746,0.9622264896420674
17758,22747,0.9570887922133787
17758,22745,0.9568085755925838
17758,22739,0.956801982121004
17758,22748,0.9552505266037161
17759,23318,0.8864340013508831
17759,21988,0.8696157590513116
17759,22910,0.8590563579876878
17759,21121,0.8533068052725619
17759,23121,0.8520894290670453
17759,21591,0.8503986905958684
17759,21122,0.8492454437475732
17759,23319,0.8482448448292932
17759,21987,0.838390033053424
17759,22086,0.836062948653449
17760,23176,0.7359994841042575
17760,23194,0.7140494587886462
17760,21892,0.705212083257005
17760,23493,0.6879883528536475
17760,22669,0.6820684453987688
17760,22801,0.6813778714665748
17760,23177,0.6745570194967548
17760,22561,0.6710625657374413
17760,23193,0.6402230682766437
17760,22139,0.6325222379882892
17768,22835,0.9475441358519182
17768,22601,0.9313188038046091
17768,22910,0.9142296197740178
17768,22810,0.9122033915952878
17768,22633,0.9091260319980043
17768,22865,0.9063647096512603
17768,23439,0.9016814443425712
17768,22600,0.8990215516754311
17768,84375,0.8796432382929226
17768,22109,0.8676286612652186
17769,23084,0.9823548117365277
17769,21731,0.9764799638448104
17769,23300,0.9728119988356807
17769,22727,0.9714603048557439
17769,21754,0.9704434219580818
17769,22726,0.9674792828224967
17769,22748,0.9661712311932695
17769,22970,0.9643921670509894
17769,22659,0.9611129659618234
17769,22720,0.9561081560104062
17777,23213,0.9740912666389122
17777,23275,0.9698775603949294
17777,23210,0.9686986034509598
17777,23084,0.9664967440267594
17777,22335,0.9512291644867295
17777,22419,0.9450912681713101
17777,22209,0.9450283275922877
17777,20992,0.9449496123324642
17777,22195,0.9406927916704035
17777,47503A,0.9400122527525897
17779,85099B,0.9604600988670929
17779,22457,0.894100716078712
17779,35970,0.8904535433264206
17779,20728,0.8646492567355947
17779,22382,0.8573779317595162
17779,23206,0.8453515826615626
17779,22386,0.83995582825853
17779,21993,0.8354460953323835
17779,22469,0.825478788235582
17779,21484,0.8242998663440972
17790,22470,0.9871980833271291
17790,85123A,0.9827389285842604
17790,21733,0.9709915011280501
17790,82494L,0.9535319483054917
17790,23322,0.9508343322354165
17790,82484,0.9489965773393203
17790,82482,0.9446026041129523
17790,82486,0.9360076636151792
17790,82483,0.9312904987754348
17790,23355,0.8979174686626485
17797,22596,0.9676802476570568
17797,23333,0.9384828492981648
17797,22739,0.9322945064833082
17797,23329,0.9307787277439212
17797,22142,0.9296910196814562
17797,23100,0.929279180311274
17797,23439,0.928228433533037
17797,23330,0.9238090506943128
17797,22600,0.9099508471626054
17797,22734,0.9024113403885279
17799,22745,0.9912932936235435
17799,22748,0.9901983964772074
17799,22746,0.9833360911549783
17799,21892,0.9786503340719727
17799,22776,0.9757219400107376
17799,22138,0.9748318593830892
17799,84375,0.9733980649599073
17799,72741,0.971808339042714
17799,22619,0.9657327432467658
17799,21034,0.9646638561936235
17809,23300,0.9621234782904959
17809,22141,0.960975413890211
17809,23188,0.9578756141460381
17809,22910,0.9563785778578665
17809,22142,0.9407862266831868
17809,22992,0.9340076173391628
17809,84347,0.9097788700198004
17809,22366,0.9056445908258015
17809,23298,0.9028646409831181
17809,22585,0.9028218956767947
17811,21731,0.9949309113686513
17811,20728,0.993269284265237
17811,85099F,0.9929409489598767
17811,22469,0.9927903143240314
17811,21080,0.9913338794184408
17811,23202,0.9913212154324597
17811,21930,0.9890418085950083
17811,22379,0.9885795055088458
17811,20727,0.9883315515778768
17811,22910,0.9879122843780014
17812,23355,0.9494511662815274
17812,23329,0.9383531927781634
17812,23333,0.932693518547452
17812,22086,0.9321270066505408
17812,22910,0.930461620789625
17812,23330,0.9252111519627033
17812,23265,0.9148498558050896
17812,23344,0.9104939513216298
17812,23264,0.909306725437885
17812,20718,0.9048400307751291
17813,22139,0.9792735433137597
17813,22866,0.9661876948703781
17813,22558,0.9659319914077404
17813,82483,0.9585295951915752
17813,22666,0.9426430099057048
17813,22508,0.940721186367083
17813,85066,0.9327674042515783
17813,23298,0.930462801923739
17813,82484,0.9285139713492744
17813,22113,0.9202195315528375
17817,23338,0.6880055705401051
17817,22474,0.6775947228717492
17817,22473,0.6687566045237789
17817,84947,0.6591743735156435
17817,23215,0.6420905338922457
17817,21706,0.6218314822270856
17817,22660,0.6067511294934613
17817,23293,0.6064434331137347
17817,22970,0.6058175470906636
17817,84880,0.5984559181543267
17827,23351,0.944419894941412
17827,23439,0.9321129388631636
17827,22867,0.9248470677638744
17827,23493,0.9229827846325721
17827,23320,0.9183723038508718
17827,22866,0.9178388758616571
17827,23350,0.9149834070723483
17827,23355,0.9127992499787183
17827,20970,0.8975858909553128
17827,22086,0.89696187445838
17828,72741,0.9371766190109447
17828,22767,0.9282562518124838
17828,POST,0.9237324948560978
17828,37449,0.9062875347599321
17828,22768,0.9025274918182212
17828,22796,0.901661670647962
17828,72807C,0.8422574453961881
17828,22784,0.7694214782039424
17828,21733,0.7602016610719015
17828,22065,0.7518328238393812
17830,21523,0.8649190944708005
17830,85123A,0.8076086388078794
17830,21524,0.8067764607591467
17830,48187,0.8009346471461738
17830,22457,0.6909267905726207
17830,85066,0.6670744313714394
17830,22969,0.6352202587677361
17830,22487,0.6344174395590634
17830,22692,0.6265531204314017
17830,21621,0.6181998422324855
17838,21876,0.9022614453343637
17838,84992,0.8744102671377162
17838,84991,0.8627413602441678
17838,48138,0.8589779155677384
17838,21874,0.8497794552829884
17838,82583,0.8358330465347117
17838,21166,0.8267806636470512
17838,22413,0.8231226623378283
17838,22425,0.8167923260133751
17838,22429,0.7880128374336494
17841,82581,1.0
17841,22348,1.0
17841,22654,1.0
17841,21917,1.0
17841,22602,1.0
17841,23266,1.0
17841,20725,0.9999716047481246
17841,20728,0.9999716047481246
17841,72351A,0.9999179822237532
17841,84596F,0.9998687178670888
17856,22800,0.6821129414972956
17856,23212,0.6077438182023132
17856,23213,0.5991280076480461
17856,22571,0.5956165061505008
17856,85199L,0.5600369102979693
17856,84947,0.45549658463182224
17856,22573,0.416593554586452
17856,22601,0.40623308552369236
17856,22594,0.390847723893724
17856,23210,0.3847235873058315
17857,22560,0.9802102612234446
17857,23177,0.9547245168266641
17857,23176,0.936940607544171
17857,23193,0.9336617469720403
17857,23194,0.9315284367569039
17857,22536,0.9124302804620138
17857,M,0.8879208340883828
17857,22030,0.8482845284360975
17857,22726,0.8449096472197204
17857,22492,0.7904835069650827
17858,82483,0.9941316079363088
17858,82484,0.9938340418436942
17858,82486,0.993095450984309
17858,82482,0.9923125292123067
17858,82494L,0.991472103941443
17858,21754,0.9874526819892185
17858,84792,0.986411458450921
17858,84406B,0.985630238135675
17858,22784,0.9848648713540339
17858,23110,0.9829316810833029
17861,23084,0.9708458475233974
17861,22222,0.9667112998805879
17861,22971,0.9411852068896404
17861,21507,0.9341058921744053
17861,23293,0.9333016755414144
17861,23320,0.9307131077919958
17861,23311,0.9228372329880606
17861,22333,0.9211477430662336
17861,23209,0.9192574938831588
17861,21497,0.9138085784662752
17864,23356,0.8207689277477856
17864,21481,0.8127288015111159
17864,22910,0.7469646633285337
17864,22952,0.7324913507160314
17864,84029E,0.6980107744360392
17864,22111,0.6815912893488278
17864,23355,0.6669738226846164
17864,22738,0.6564561434132354
17864,23084,0.6337816117068584
17864,21213,0.6253459174081458
17870,35970,0.9343918250107651
17870,23318,0.9282850737621767
17870,23319,0.9241011902301026
17870,23296,0.9091667295867082
17870,23503,0.9074475913887926
17870,21914,0.8957109078309577
17870,21918,0.8930167598540852
17870,22595,0.890698781133764
17870,22578,0.8897144365714816
17870,21584,0.8833939898725924
17883,21889,0.9144815328013223
17883,22620,0.9049730326642093
17883,23245,0.9041990896131622
17883,22138,0.9033425402949592
17883,22150,0.9028733407692234
17883,22086,0.9027896278052068
17883,22577,0.900588704223079
17883,23351,0.8936012473693825
17883,22578,0.8915360574643825
17883,22910,0.8854381909866866
17884,20973,0.8533839144947247
17884,22027,0.7873626086344063
17884,22563,0.7860833613575336
17884,22037,0.784057160121467
17884,22910,0.7765628403770606
17884,20992,0.7454168808600933
17884,22195,0.7336528739475141
17884,22816,0.7252281138069043
17884,22086,0.7225217036436271
17884,21506,0.7219685112054196
17888,22374,0.6676616094071531
17888,22371,0.6658791173139332
17888,47566,0.6215243798961286
17888,21499,0.6122533571551775
17888,22372,0.6116620039927373
17888,22423,0.6044172329606755
17888,84946,0.5948575150113077
17888,22909,0.582473433665462
17888,22178,0.5791362021308123
17888,23318,0.5184064161707397
17920,23156,0.9987426954879667
17920,22210,0.9967588907842192
17920,22208,0.9908294894004158
17920,23188,0.9895490515924785
17920,22367,0.9875694696480787
17920,23280,0.9865944874809692
17920,22144,0.9860036353119981
17920,23282,0.985579944748486
17920,23238,0.9824812689946901
17920,22909,0.9820994383262761
17924,23084,0.890367153608309
17924,84347,0.8818159997973098
17924,23157,0.8433348029650393
17924,22728,0.7699188529870941
17924,22727,0.7262811562832137
17924,22726,0.7178535303302346
17924,84077,0.6788417525239584
17924,22730,0.6783577361180035
17924,21479,0.609940305527743
17924,22725,0.5754522095209741
17929,22634,0.763885361363845
17929,22622,0.6802437691361345
17929,21754,0.6165135820755214
17929,21755,0.5570020564139441
17929,22423,0.12599452569241557
17929,35970,0.11012792069656901
17929,22469,0.10487509959730675
17929,85099B,0.10481126694032944
17929,84879,0.10442082366045367
17929,23503,0.10153911700002739
17937,22561,0.9770713348327041
17937,21889,0.9549580046832542
17937,21791,0.9367031187188616
17937,21912,0.928689883309099
17937,22634,0.9157539015836964
17937,22489,0.8929714734205157
17937,22622,0.891657345683855
17937,21888,0.8834086775253934
17937,22567,0.8308112337804284
17937,21915,0.8264561498550299
17949,22197,0.9653380790725875
17949,22423,0.9082519628580699
17949,22699,0.8604648489166501
17949,23170,0.8599628506205177
17949,23108,0.819924649173741
17949,23171,0.8152403350024807
17949,21877,0.8092662129311521
17949,21871,0.8039643193234212
17949,23245,0.7946081597250224
17949,21497,0.7898365301932803
17954,23503,0.9852402379436669
17954,23354,0.9687322105790247
17954,22577,0.9558762749847876
17954,22578,0.9554457216863977
17954,23351,0.951852380162762
17954,23353,0.9500295710676496
17954,23493,0.9417198384781776
17954,22142,0.9406011212545226
17954,22141,0.9349402422888962
17954,22940,0.9266777657420275
17961,20728,0.8159876588041955
17961,21080,0.8130802794192603
17961,21094,0.7984188364652555
17961,21086,0.7933956018147595
17961,22384,0.7555548010099916
17961,21891,0.7480613769974677
17961,22271,0.741807887002914
17961,22371,0.7317146930158352
17961,22383,0.730527948725236
17961,22439,0.722561123958911
17974,22910,0.9479081601445297
17974,22574,0.9384665921278343
17974,23200,0.9341933785538693
17974,22326,0.9294087942862622
17974,23344,0.927673255083954
17974,22586,0.9256516357801087
17974,21928,0.9239973575641109
17974,84380,0.9231246644075056
17974,23202,0.9206917068541107
17974,22557,0.9197577688856404
17975,22914,0.9902729908785464
17975,22913,0.9888112879628543
17975,21754,0.986194163483341
17975,82486,0.984335861242861
17975,82483,0.9838507452479994
17975,85150,0.9726761711853794
17975,22120,0.9716295204547093
17975,21756,0.9690931494294436
17975,22912,0.9623101114249137
17975,21135,0.9571292087194453
17988,23159,0.8591082657647995
17988,23154,0.7687131486670452
17988,23156,0.6992479359554504
17988,22301,0.6760352071976747
17988,23148,0.6723693097224498
17988,21218,0.670755691489707
17988,21137,0.6590603631841576
17988,21989,0.6547455327437368
17988,23032,0.6523691985768297
17988,82483,0.6252307300035049
18001,20971,0.760099163462794
18001,20914,0.7473154391743358
18001,22467,0.7142708155720168
18001,22847,0.694772407094834
18001,22607,0.6801995130996722
18001,22554,0.6672270232527175
18001,20972,0.66111914586295
18001,22698,0.6550193001176708
18001,22326,0.6524849895230644
18001,22587,0.6482215583261376
18005,22114,0.8421234019239704
18005,22138,0.8267096192859404
18005,21914,0.7972444053015296
18005,22617,0.782213149163141
18005,22111,0.7623133424731245
18005,22139,0.7608898425233578
18005,22619,0.7464406973493926
18005,22113,0.743520994223946
18005,23245,0.742026159404911
18005,23333,0.7411032894394683
18030,84945,0.8342762558051391
18030,22776,0.698894780102374
18030,22469,0.6965516509169611
18030,22623,0.5792777401127814
18030,22782,0.5546888821764902
18030,22622,0.538054699944449
18030,22423,0.44476042487167483
18030,47566,0.3978340943244348
18030,84879,0.3955955134637994
18030,22961,0.3769395603917359
18040,20712,0.8039606362989925
18040,20711,0.6820247705791839
18040,85099B,0.6777032799894094
18040,22326,0.6625437412365568
18040,23203,0.6475049916518949
18040,20719,0.6370387904834246
18040,22467,0.615818040183631
18040,84879,0.5896253797825558
18040,22941,0.5722327575750733
18040,22090,0.5243456989378898
18041,22367,0.9883325865188612
18041,21080,0.9852411243591964
18041,21156,0.9814137081619129
18041,22138,0.9786611023138625
18041,23100,0.9650755702130033
18041,20727,0.9571088805786493
18041,21210,0.9538699201616199
18041,20676,0.9501448172447567
18041,21914,0.949411773211966
18041,20749,0.9492443959478911
18043,21034,0.8843511248108471
18043,20972,0.87358922295687
18043,23209,0.8407522977949651
18043,22629,0.8258524267189467
18043,21080,0.8160897331258943
18043,22622,0.7955902788070731
18043,22941,0.7919507550927521
18043,22748,0.7746015411686623
18043,22551,0.7744689662051966
18043,22382,0.7674434720291405
18044,22109,0.9676373079425207
18044,22627,0.9452988912213107
18044,22698,0.9434517115984951
18044,22784,0.9371829943769879
18044,22699,0.9349584792531217
18044,22191,0.9321006498989357
18044,22866,0.9242564548094983
18044,22697,0.9218389187139324
18044,22971,0.9153133302760331
18044,23355,0.9147194419255315
18055,22114,0.9916637818758163
18055,22835,0.9853621450900939
18055,21175,0.984163638775863
18055,47566,0.9835798229803022
18055,22112,0.9799675189016529
18055,23313,0.9773581052942086
18055,82494L,0.9772154929383622
18055,82482,0.9761668001799628
18055,82483,0.9742814163750079
18055,23355,0.9725789100011275
18059,82484,0.6016244412687953
18059,22800,0.5772301238314449
18059,23013,0.5762256714786558
18059,22979,0.561588080810385
18059,35471D,0.5241853159733025
18059,21977,0.44401654464000095
18059,22252,0.398702792605767
18059,22897,0.34451646914058953
18059,23192,0.33255391761317254
18059,22632,0.3177986144483259
18061,21116,0.9391704510124316
18061,21523,0.9247077810064774
18061,22622,0.8388557824313594
18061,21260,0.8367213118243327
18061,84970L,0.8202264102774418
18061,23284,0.8044048408434069
18061,22149,0.7794137951061578
18061,48138,0.706152902109417
18061,23328,0.669005963864436
18061,84970S,0.633155572716873
18065,15056N,0.9314063338837728
18065,23284,0.931281934630633
18065,22086,0.9137699184376591
18065,22692,0.9097532541137415
18065,85123A,0.9056404714165984
18065,21523,0.9017877278659161
18065,22077,0.8992875341484118
18065,22457,0.8785155195076517
18065,22384,0.8754097415667508
18065,21524,0.8651332414402607
18069,23206,0.9975094423665144
18069,20726,0.994043917761732
18069,20727,0.9925392108307922
18069,22384,0.9914576644006703
18069,20725,0.9902598798199989
18069,21155,0.9888078220225823
18069,20728,0.9866765061366829
18069,22470,0.9851227370174048
18069,85099B,0.9826324434565575
18069,23300,0.981678860142719
18075,85123A,0.9871957160133872
18075,21733,0.9726725106567781
18075,22178,0.9608446194725335
18075,22457,0.9604776078232284
18075,22470,0.9594119516201676
18075,82484,0.9501073201664871
18075,23293,0.9479714427422633
18075,22171,0.9450592330204232
18075,84879,0.9432714619144222
18075,23321,0.9354056447997884
18077,22910,0.9932397170650118
18077,23084,0.990203541257329
18077,22726,0.9897419132787348
18077,22993,0.9895034071710374
18077,22300,0.9884026323282381
18077,23188,0.9854057422706585
18077,22979,0.9844761021575323
18077,22727,0.9814579441635889
18077,22301,0.9661402912741628
18077,22429,0.9658857204358041
18080,84988,0.5151444864176856
18080,21122,0.25926383676106274
18080,22908,0.23409167956606514
18080,22488,0.2336098642068607
18080,20974,0.23241074966231337
18080,22560,0.21212697198089867
18080,21314,0.20158017539340867
18080,23077,0.19805105957805455
18080,84997C,0.19715965157523305
18080,22851,0.19715433304093563
18092,21481,0.9645430657980567
18092,22699,0.960742479302704
18092,84029G,0.9590235158746481
18092,23173,0.956840712395326
18092,84029E,0.9514484155941545
18092,22114,0.9460950315342689
18092,22697,0.937961947273722
18092,21479,0.9232585726166682
18092,22423,0.9227541448384902
18092,23170,0.9106232110838284
18096,22111,0.9106948878742566
18096,22197,0.8942085608722008
18096,22112,0.8811568728614049
18096,22114,0.8674352930669437
18096,22189,0.8630382751199552
18096,20972,0.8594932804213374
18096,22991,0.8549361812523504
18096,23355,0.8530613872997774
18096,22551,0.8470606358410784
18096,22113,0.8465523595246869
18097,21231,0.9802005780142233
18097,21733,0.9717165038698353
18097,20829,0.9609545848857315
18097,22557,0.948601794716447
18097,22457,0.9469803743292643
18097,72351B,0.9448340573798617
18097,22960,0.9423440044307027
18097,22649,0.9091795640183515
18097,72351A,0.9062407159293399
18097,23118,0.9029382086786849
18101,23300,0.7915856322286876
18101,23323,0.7752289028236344
18101,23332,0.7442479322917211
18101,23301,0.7421215124415959
18101,23322,0.7350607323750467
18101,22941,0.7112453980224406
18101,22158,0.7091347244975164
18101,22197,0.6546816024901894
18101,22698,0.6443449711513584
18101,22151,0.6365577516001131
18102,22189,0.9653101625077365
18102,82484,0.9625521564961972
18102,82482,0.9525603437032142
18102,85152,0.9459023536765813
18102,22469,0.9259258162864876
18102,22188,0.9124180620414146
18102,23243,0.9040551199740849
18102,48187,0.8894002440323707
18102,22507,0.8888227322655272
18102,21181,0.887845592350961
18109,22722,0.9977344460916788
18109,23245,0.9969405238775098
18109,22178,0.9958697283106752
18109,22666,0.9944406467091114
18109,22720,0.9942096414084
18109,22169,0.9923757398469429
18109,82484,0.9918818563826577
18109,21259,0.9909048056222299
18109,22667,0.9896395643491284
18109,48187,0.9878865825079075
18112,22734,0.665146836700737
18112,22485,0.6594113316681297
18112,23169,0.6549028017770148
18112,22909,0.643585269223033
18112,23014,0.6345532557577176
18112,23012,0.6157773625906858
18112,22736,0.6089064289314486
18112,23130,0.6052384749664544
18112,22360,0.5985868155559981
18112,23091,0.5885828096643622
18118,21231,0.9988031238872175
18118,22457,0.9980815826699393
18118,22147,0.998001598603118
18118,85152,0.9970450224028686
18118,22865,0.9966630008316264
18118,22138,0.9957854397102466
18118,21154,0.9957656621798973
18118,21733,0.994900941504547
18118,22139,0.9948364568549054
18118,22144,0.9947047541404239
18122,23321,0.9932461789684717
18122,22553,0.992120511209182
18122,21481,0.9920969509512318
18122,22551,0.9917424586323553
18122,22384,0.9875001172098812
18122,22086,0.9872076149393655
18122,22557,0.9868756724465031
18122,22367,0.9836394350666537
18122,20725,0.9826744674917861
18122,21479,0.9811234339811604
18123,23203,0.9606761728978939
18123,23199,0.9457267824470688
18123,23209,0.9132112626855886
18123,20725,0.9099098859939024
18123,22411,0.9060665172715393
18123,22178,0.89969317767222
18123,85099C,0.8959177230769733
18123,85099F,0.8890232352647125
18123,22629,0.8808956019713607
18123,23202,0.8716344428983348
18127,85123A,0.8366913311901605
18127,84836,0.7962283247388481
18127,22557,0.7922396075789743
18127,84946,0.7260540461592644
18127,84380,0.7191046816368935
18127,22554,0.705576867847446
18127,84879,0.6872932230632411
18127,22147,0.68279767117792
18127,23321,0.6742427971912267
18127,22292,0.6551072681278997
18130,23084,0.9401697206293833
18130,22866,0.8790048790995765
18130,20727,0.8638125104970529
18130,21731,0.8507106071308127
18130,22383,0.8506495092347641
18130,23207,0.8475139393390279
18130,22382,0.8370734432436446
18130,20725,0.8194502442167113
18130,22632,0.8132089843396151
18130,23319,0.8010216742657745
18144,84879,0.9647092895394832
18144,47566,0.9337488712622869
18144,22722,0.9024777528913523
18144,23245,0.9006673498427127
18144,21260,0.8789988565970016
18144,85123A,0.7022678884496787
18144,85099B,0.6717738158929127
18144,48187,0.6415078421056628
18144,22666,0.6105960395377223
18144,22413,0.6054118892193964
18145,22555,0.9502819328149636
18145,23354,0.9464799335900567
18145,23503,0.9432077908293877
18145,23319,0.9409944862382017
18145,23198,0.940752800678717
18145,22367,0.9377376919868639
18145,22629,0.9371604723922714
18145,23231,0.9274438953009306
18145,22553,0.9251664738007322
18145,23493,0.9234949890376603
18154,22601,0.9159552990137397
18154,22602,0.8950586404914949
18154,22600,0.8759099299328879
18154,22424,0.7833801795829854
18154,23236,0.729779081099451
18154,22077,0.6994094475924307
18154,84879,0.6742412984549698
18154,23108,0.6713515735145347
18154,22469,0.5966247388122908
18154,23321,0.5408049034407371
18156,22867,0.9859817284325187
18156,22866,0.9739762662732668
18156,21481,0.9717548087246772
18156,22909,0.9631642359725794
18156,22558,0.9621948803891326
18156,22759,0.9611275333106469
18156,22144,0.9514771603722623
18156,22865,0.9513132768227501
18156,22633,0.950646703586605
18156,22114,0.9505266723886626
18158,20723,0.9806392219015853
18158,20719,0.9806258560673662
18158,22355,0.9771458284856966
18158,22356,0.9758204431523222
18158,23204,0.9747906215255027
18158,23205,0.9347212230515182
18158,20724,0.9249535943157942
18158,23344,0.9212607665071417
18158,22661,0.912505520374832
18158,23201,0.8996417276646315
18161,22666,0.9845928771538514
18161,23245,0.9795695823179333
18161,22720,0.97588278104707
18161,22457,0.9716848556522719
18161,22622,0.9623031379725524
18161,84879,0.957522644281037
18161,85123A,0.9567773785967382
18161,22296,0.951340532044962
18161,22423,0.9355051739232105
18161,84946,0.8939720788875171
18167,22271,0.9742924655661235
18167,23126,0.9710241403758854
18167,22940,0.9708125679502314
18167,22795,0.9699411117772274
18167,20970,0.9677202941914707
18167,21216,0.9623424119311369
18167,22273,0.9610924376994195
18167,22749,0.9561346407710161
18167,20914,0.955086382922617
18167,21218,0.9418017016957059
18172,85123A,0.9907259571459707
18172,84879,0.980850890998899
18172,22726,0.9751319894780545
18172,48194,0.9664118470130726
18172,23203,0.964801678176352
18172,22727,0.9642531390336071
18172,22730,0.9494942042235451
18172,85053,0.9425348912181846
18172,22147,0.9411527092730648
18172,22749,0.93720964911339
18179,23344,0.9698226199679391
18179,22910,0.941539780520356
18179,23343,0.9028225110146586
18179,22627,0.8552620375846209
18179,22086,0.8533796363021975
18179,20727,0.7613332237960623
18179,84970S,0.7530189830615807
18179,22111,0.7447991490764119
18179,21181,0.7421984850123652
18179,22112,0.7383459905323981
18180,22111,0.9703179873504537
18180,22197,0.9455977066896859
18180,84030E,0.9387891400168549
18180,23355,0.923254297667327
18180,21479,0.9136799431431115
18180,22112,0.9117787220205277
18180,22114,0.8971956189265988
18180,21485,0.8932846821552465
18180,22693,0.8930661889568247
18180,22835,0.8921657119582403
18188,22112,0.8899350334935807
18188,22909,0.8744055188070183
18188,21790,0.8673365511018756
18188,84755,0.8379488816334586
18188,23188,0.8362889468346123
18188,23503,0.8328839474813569
18188,22086,0.817994396447925
18188,21791,0.796486195232774
18188,21929,0.7900800447261175
18188,23201,0.7889188764278713
18198,22916,0.9974222763917555
18198,22918,0.996150114967397
18198,22917,0.9937760763206204
18198,22920,0.9894190538567412
18198,22919,0.9887193929830796
18198,21770,0.9861668601079717
18198,22921,0.9824748173439878
18198,22178,0.9814169055877638
18198,22457,0.9752941089415366
18198,22087,0.9752762544525954
18210,23344,0.961430949964349
18210,22910,0.9441726251264421
18210,21889,0.93673350719105
18210,22139,0.9258821991228848
18210,22727,0.9201697917169969
18210,22086,0.9105694521680474
18210,23080,0.891750006756627
18210,22728,0.8917125471758318
18210,20724,0.8884318400995825
18210,84946,0.8862230369809125
18211,22178,0.9511678709917535
18211,82484,0.9026476988474519
18211,84347,0.856682256015367
18211,22720,0.8321768884538109
18211,22470,0.819073734639572
18211,82482,0.7807850623211695
18211,22766,0.7759314080614902
18211,23329,0.7132090842816635
18211,23333,0.7065568263786021
18211,23330,0.6951227056210589
18219,23284,0.9877701982127496
18219,21754,0.9870718293903648
18219,84879,0.9856012803585101
18219,82482,0.9773385986211404
18219,85123A,0.963402326379833
18219,84978,0.9446870242760258
18219,21484,0.9434760708890354
18219,21745,0.9378737535536591
18219,22844,0.936943032672686
18219,22845,0.9232648563262046
18221,23298,0.8923602016757741
18221,84988,0.8805539725152478
18221,22423,0.8783392848931026
18221,47566B,0.8681662637081599
18221,84879,0.8437178824034937
18221,22488,0.8304016946383499
18221,23245,0.8214634657390874
18221,22596,0.7982274637038518
18221,47566,0.7930713107241283
18221,23012,0.7837924203627153
18223,22726,0.994747205418192
18223,15056N,0.9943654862006559
18223,23202,0.9934993515385522
18223,22727,0.9932248266498941
18223,22720,0.9916511444694774
18223,20914,0.991490435586491
18223,21181,0.9888644982852625
18223,47566,0.9885438811627718
18223,21165,0.9876651410711982
18223,21137,0.9866348120651238
18225,21929,0.9836268414512157
18225,21535,0.9818285440972204
18225,85099F,0.9809207156562952
18225,21165,0.9776160789146159
18225,21928,0.9770017535584482
18225,23344,0.9752730806898936
18225,22663,0.9745748306704689
18225,22386,0.9736330429863578
18225,84978,0.9719353266886357
18225,82482,0.9686455238422264
18229,23209,0.9969873792407715
18229,20728,0.994674711467114
18229,22384,0.9945110728740267
18229,22382,0.9939633277045691
18229,20725,0.9922194459768872
18229,20727,0.9921808304717618
18229,22662,0.9909195879783852
18229,22193,0.99032969468917
18229,22960,0.9880817312695893
18229,22845,0.9826998033408942
18230,82582,0.9706448061914457
18230,85152,0.9629327909277706
18230,21181,0.9569110381316009
18230,21165,0.9460768197998417
18230,21174,0.9454340605812886
18230,21175,0.9392402647170702
18230,21169,0.9378148528056096
18230,82001S,0.9281755335017485
18230,82580,0.9120658978691903
18230,82581,0.9092693040382107
18237,21671,0.9741319971808643
18237,23298,0.97123664313158
18237,21672,0.9702639020751286
18237,23035,0.9648894112652436
18237,23032,0.9586751917636684
18237,21668,0.9586468382120588
18237,22773,0.9424816572512725
18237,23029,0.9268404001586144
18237,23031,0.9049946869221397
18237,21673,0.9040090845821307
18241,22139,0.9404006448021394
18241,21912,0.9349993672683136
18241,22993,0.9320535215204033
18241,21733,0.9292366693485741
18241,85014B,0.9255044632741215
18241,22077,0.9196238914956459
18241,22952,0.9156841144993253
18241,21181,0.912493667963596
18241,85123A,0.9030330020641558
18241,85099B,0.8930901665584672
18245,23318,0.9293053836964624
18245,23493,0.9252505594800144
18245,22138,0.9225272618636415
18245,22734,0.915591564676328
18245,23245,0.9142663103743914
18245,23319,0.9110081234700094
18245,23247,0.8975417709594817
18245,22909,0.8893424699929741
18245,22865,0.8741961734747357
18245,22139,0.8725078545864161
18246,22087,0.8822897705602846
18246,71053,0.7526695015235839
18246,21340,0.5542905443816369
18246,85099B,0.331844784216786
18246,22423,0.31943623880622285
18246,23396,0.30047348647231203
18246,23395,0.2671430039215088
18246,23393,0.2538822726098904
18246,22941,0.24944418606748742
18246,22469,0.24731959200868445
18259,22865,0.9837392979326129
18259,22866,0.9831465785807683
18259,22112,0.9700929544171629
18259,22632,0.9691832588790354
18259,22633,0.9665259093126828
18259,23355,0.9634511600764997
18259,22867,0.9634171862856238
18259,22111,0.9587205396137857
18259,22835,0.9516826156330529
18259,22114,0.9499418492622504
18263,21790,0.8125140614115421
18263,47503A,0.7561769058681393
18263,22066,0.7183804179004769
18263,23503,0.6967134536253113
18263,10135,0.692457891891925
18263,22093,0.6751941299453542
18263,22549,0.6671008157881974
18263,21889,0.6670838632905275
18263,20996,0.6651075442144493
18263,22094,0.6462193010264518
18272,22966,0.9670613851368982
18272,23198,0.9658546297428415
18272,22666,0.9597844136818691
18272,22960,0.9557461423974185
18272,22993,0.9505741333312129
18272,22554,0.9491795622520421
18272,22557,0.9438519740740937
18272,22979,0.9410835683086378
18272,22961,0.9391069773228399
18272,22722,0.938238730388545
18273,21034,0.15993626600111932
18273,22776,0.12811954362858943
18273,84879,0.11738717207194307
18273,22423,0.09892317640770715
18273,35970,0.09819861756219608
18273,23265,0.0970742501946602
18273,23264,0.09346807217121451
18273,22197,0.093031186377227
18273,22469,0.09211926975839371
18273,22578,0.09188818579081653
18282,22423,0.6418530068175939
18282,23175,0.603072736476917
18282,23174,0.5907426341991483
18282,22699,0.5693695687244715
18282,22818,0.5630948233777848
18282,21108,0.5018641631165927
18282,22089,0.4181111738579209
18282,22470,0.33629239736589256
18282,47566,0.33203318399307796
18282,23295,0.3246807357263302
18283,23202,1.0
18283,21175,1.0
18283,22662,1.0
18283,22382,0.9995316870153579
18283,23208,0.9990524878996465
18283,23199,0.9989540429394329
18283,23201,0.9989266910818172
18283,85099F,0.998753726862891
18283,23207,0.9987110111571015
18283,20728,0.9984980759880494
