cust,hist_size,n_relevant,rf_recs,pop_recs,rf_hits,pop_hits
12347,6,11,"['23084', '21731', '20719', '21791', '22992']","['85123A', '22423', '85099B', '47566', '84879']",3,0
12356,2,2,"['21843', '22423', '84991', '84378', '22699']","['85123A', '22423', '85099B', '47566', '84879']",2,1
12358,1,7,"['15056BL', '20679', '15056N', '15056P', 'POST']","['85123A', '22423', '85099B', '47566', '84879']",5,0
12362,9,30,"['POST', '23292', '23245', '22328', '23290']","['85123A', '22423', '85099B', '47566', '84879']",4,1
12364,3,27,"['POST', '22908', '22992', '22613', '22045']","['85123A', '22423', '85099B', '47566', '84879']",4,0
12375,1,6,"['POST', '23203', '23200', '21929', '84997D']","['85123A', '22423', '85099B', '47566', '84879']",3,0
12380,3,17,"['20726', '20725', '22384', 'POST', '21731']","['85123A', '22423', '85099B', '47566', '84879']",3,0
12381,4,7,"['POST', '22720', '23084', '22423', '21481']","['85123A', '22423', '85099B', '47566', '84879']",4,1
12388,5,8,"['22910', '22086', '23245', '22722', '22669']","['85123A', '22423', '85099B', '47566', '84879']",3,0
12395,11,15,"['POST', '84375', '22326', '21559', '22727']","['85123A', '22423', '85099B', '47566', '84879']",4,0
12406,1,56,"['84997C', '22964', '84997A', '21833', '23084']","['85123A', '22423', '85099B', '47566', '84879']",5,0
12415,19,26,"['22629', '22630', '22382', '21929', '23203']","['85123A', '22423', '85099B', '47566', '84879']",3,0
12417,8,20,"['POST', '22423', '22666', '22624', '23240']","['85123A', '22423', '85099B', '47566', '84879']",4,1
12421,3,9,"['POST', '22646', '21232', '47567B', '22066']","['85123A', '22423', '85099B', '47566', '84879']",2,0
12423,7,17,"['POST', '20724', '23204', '22303', '23084']","['85123A', '22423', '85099B', '47566', '84879']",3,0
12427,2,6,"['POST', '22634', '21328', '22636', '23080']","['85123A', '22423', '85099B', '47566', '84879']",3,0
12428,8,15,"['POST', '22386', '23203', '85099B', '22385']","['85123A', '22423', '85099B', '47566', '84879']",5,1
12429,3,27,"['22728', '22726', '22727', '22730', 'POST']","['85123A', '22423', '85099B', '47566', '84879']",4,0
12433,4,68,"['21671', '84596F', '21169', '82581', '21165']","['85123A', '22423', '85099B', '47566', '84879']",4,0
12437,15,23,"['POST', '21086', '22435', '22693', '23084']","['85123A', '22423', '85099B', '47566', '84879']",3,1
12438,1,49,"['22326', '22467', 'POST', '22554', '22551']","['85123A', '22423', '85099B', '47566', '84879']",4,1
12444,4,34,"['22624', 'POST', '22720', '22627', '23245']","['85123A', '22423', '85099B', '47566', '84879']",3,0
12449,3,59,"['22726', 'POST', '22630', '22629', '22727']","['85123A', '22423', '85099B', '47566', '84879']",5,0
12451,3,58,"['22045', '23231', '21918', '21507', '22551']","['85123A', '22423', '85099B', '47566', '84879']",3,0
12462,1,22,"['37449', '22890', 'POST', '22061', '21232']","['85123A', '22423', '85099B', '47566', '84879']",5,1
12464,6,5,"['POST', '22624', '22847', '22625', '22846']","['85123A', '22423', '85099B', '47566', '84879']",5,0
12465,1,21,"['22142', '22574', '22601', '22144', '22573']","['85123A', '22423', '85099B', '47566', '84879']",5,0
12471,24,58,"['22077', '23245', '22556', '21232', '21731']","['85123A', '22423', '85099B', '47566', '84879']",5,1
12474,16,61,"['23290', '22554', '23292', '22556', '22328']","['85123A', '22423', '85099B', '47566', '84879']",5,0
12476,9,66,"['POST', '82494L', '23245', '22139', '22727']","['85123A', '22423', '85099B', '47566', '84879']",5,2
12477,5,45,"['22212', '21484', '82486', '21523', '48185']","['85123A', '22423', '85099B', '47566', '84879']",5,0
12480,3,40,"['POST', '22326', '22303', '22328', '21481']","['85123A', '22423', '85099B', '47566', '84879']",4,0
12481,9,12,"['POST', '22326', '22556', '22895', '22328']","['85123A', '22423', '85099B', '47566', '84879']",2,0
12483,7,6,"['POST', '22467', '22328', '21731', '23084']","['85123A', '22423', '85099B', '47566', '84879']",5,0
12488,2,27,"['21481', '23084', '20750', '22139', '22384']","['85123A', '22423', '85099B', '47566', '84879']",3,0
12490,7,51,"['20712', '23199', '21731', 'POST', '23203']","['85123A', '22423', '85099B', '47566', '84879']",5,0
12494,6,11,"['POST', '23084', '22890', '23108', '84997C']","['85123A', '22423', '85099B', '47566', '84879']",3,0
12498,1,10,"['POST', '22175', '21485', '22483', '20726']","['85123A', '22423', '85099B', '47566', '84879']",3,0
12500,10,5,"['23210', 'POST', '23213', '23212', '23395']","['85123A', '22423', '85099B', '47566', '84879']",4,0
12504,1,3,"['22776', '22236', 'POST', '21124', '21122']","['85123A', '22423', '85099B', '47566', '84879']",2,0
12508,1,17,"['22619', '46000S', '21484', '21439', '22219']","['85123A', '22423', '85099B', '47566', '84879']",4,0
12517,3,73,"['22112', '21975', '22554', '21977', '22551']","['85123A', '22423', '85099B', '47566', '84879']",5,0
12518,4,18,"['POST', '23084', '22328', '22551', '22326']","['85123A', '22423', '85099B', '47566', '84879']",5,0
12523,10,13,"['22139', 'POST', '20914', '23231', '22866']","['85123A', '22423', '85099B', '47566', '84879']",0,1
12524,7,4,"['POST', '20726', '20725', '21558', '21559']","['85123A', '22423', '85099B', '47566', '84879']",1,0
12526,2,13,"['22326', '22328', 'POST', '20712', '23200']","['85123A', '22423', '85099B', '47566', '84879']",3,0
12528,5,12,"['POST', '22423', '48185', '21232', '21843']","['85123A', '22423', '85099B', '47566', '84879']",4,1
12539,3,43,"['20914', '22699', '22698', '22960', '22961']","['85123A', '22423', '85099B', '47566', '84879']",5,1
12540,16,27,"['22745', '22748', '84879', '22077', '84380']","['85123A', '22423', '85099B', '47566', '84879']",4,2
12553,8,30,"['POST', '21931', '22385', '23202', '22554']","['85123A', '22423', '85099B', '47566', '84879']",4,1
12557,4,4,"['84997B', '84997C', '84997D', '20728', '22384']","['85123A', '22423', '85099B', '47566', '84879']",4,0
12560,2,28,"['22728', '22726', '22629', '23206', '22727']","['85123A', '22423', '85099B', '47566', '84879']",4,0
12562,5,37,"['POST', '23206', '23203', '20726', '22662']","['85123A', '22423', '85099B', '47566', '84879']",5,0
12567,9,81,"['22467', 'POST', '20726', '22728', '22382']","['85123A', '22423', '85099B', '47566', '84879']",4,1
12569,22,41,"['21232', 'POST', '22055', '22624', '37447']","['85123A', '22423', '85099B', '47566', '84879']",5,0
12572,1,24,"['22726', '22727', 'POST', '22423', '20685']","['85123A', '22423', '85099B', '47566', '84879']",4,1
12578,1,44,"['47591D', '22150', '23084', '22666', '22699']","['85123A', '22423', '85099B', '47566', '84879']",4,1
12583,13,33,"['22726', '22326', '22728', '22727', '21080']","['85123A', '22423', '85099B', '47566', '84879']",4,0
12584,7,18,"['22627', '23243', '48138', '21533', '22844']","['85123A', '22423', '85099B', '47566', '84879']",4,1
12597,3,12,"['POST', '20914', '20712', '22554', '22077']","['85123A', '22423', '85099B', '47566', '84879']",1,1
12598,6,37,"['23390', '23084', '23388', 'POST', '23389']","['85123A', '22423', '85099B', '47566', '84879']",4,1
12610,4,9,"['POST', '22138', '22593', '23332', '22594']","['85123A', '22423', '85099B', '47566', '84879']",4,0
12615,3,20,"['21481', 'POST', '23084', '22027', '22111']","['85123A', '22423', '85099B', '47566', '84879']",4,0
12619,8,17,"['23309', 'POST', '84988', '23295', '23293']","['85123A', '22423', '85099B', '47566', '84879']",4,0
12620,2,35,"['22578', '22577', '23206', '20725', '20728']","['85123A', '22423', '85099B', '47566', '84879']",4,0
12621,18,73,"['21931', '22326', '22077', '22328', '22629']","['85123A', '22423', '85099B', '47566', '84879']",5,0
12626,8,13,"['POST', '23203', '85099B', '23245', '20712']","['85123A', '22423', '85099B', '47566', '84879']",2,1
12627,6,29,"['21671', '21672', '21670', 'POST', '20685']","['85123A', '22423', '85099B', '47566', '84879']",5,0
12628,2,13,"['POST', '23077', '22654', '23240', '23245']","['85123A', '22423', '85099B', '47566', '84879']",3,0
12630,1,29,"['POST', '21733', '85231B', '21429', '23264']","['85123A', '22423', '85099B', '47566', '84879']",5,1
12640,1,9,"['POST', '48138', '22193', '22624', '22726']","['85123A', '22423', '85099B', '47566', '84879']",3,0
12642,2,12,"['22077', 'POST', '22734', '22908', '85049E']","['85123A', '22423', '85099B', '47566', '84879']",4,0
12646,1,21,"['20677', '20675', '23328', '21240', '84997B']","['85123A', '22423', '85099B', '47566', '84879']",5,0
12647,11,7,"['POST', '22505', '47559B', '21154', '22077']","['85123A', '22423', '85099B', '47566', '84879']",4,0
12654,4,5,"['POST', '21559', '22556', '22138', '22720']","['85123A', '22423', '85099B', '47566', '84879']",2,0
12656,4,28,"['POST', '23203', '22726', '22727', '85099B']","['85123A', '22423', '85099B', '47566', '84879']",5,1
12657,2,9,"['22697', 'POST', '82484', '23209', '22423']","['85123A', '22423', '85099B', '47566', '84879']",2,1
12662,8,37,"['POST', '22326', '20712', '22328', '20719']","['85123A', '22423', '85099B', '47566', '84879']",3,0
12664,7,4,"['84997C', '84997A', '84997D', 'POST', '22467']","['85123A', '22423', '85099B', '47566', '84879']",4,0
12668,3,38,"['47567B', '22895', '20914', '37448', '22649']","['85123A', '22423', '85099B', '47566', '84879']",5,0
12670,4,14,"['POST', '23084', '23349', '23351', '22966']","['85123A', '22423', '85099B', '47566', '84879']",5,0
12673,1,19,"['22139', '22138', '22554', '23245', '85099B']","['85123A', '22423', '85099B', '47566', '84879']",4,1
12676,5,8,"['POST', '22668', '21380', '22435', '22090']","['85123A', '22423', '85099B', '47566', '84879']",1,0
12680,3,15,"['22728', '22629', '22726', '22630', '22727']","['85123A', '22423', '85099B', '47566', '84879']",4,0
12681,19,58,"['22555', '21559', '22352', '21080', '23084']","['85123A', '22423', '85099B', '47566', '84879']",5,1
12682,27,54,"['23203', '22556', '15056BL', '23209', '23298']","['85123A', '22423', '85099B', '47566', '84879']",5,3
12683,13,34,"['21086', '21094', '21987', 'POST', '22437']","['85123A', '22423', '85099B', '47566', '84879']",5,0
12684,5,34,"['22553', '22992', 'POST', '22557', '22620']","['85123A', '22423', '85099B', '47566', '84879']",5,0
12685,5,22,"['POST', '22727', '22728', '22726', '23209']","['85123A', '22423', '85099B', '47566', '84879']",5,0
12689,1,38,"['23206', '22551', '22554', '22898', '22382']","['85123A', '22423', '85099B', '47566', '84879']",5,1
12691,5,2,"['POST', '21731', '22467', '22083', '23254']","['85123A', '22423', '85099B', '47566', '84879']",2,0
12695,3,3,"['48138', '23284', '23355', '23245', '21955']","['85123A', '22423', '85099B', '47566', '84879']",1,0
12700,3,57,"['22556', '22557', '22554', '22551', '22553']","['85123A', '22423', '85099B', '47566', '84879']",5,1
12704,5,11,"['POST', '21731', '23084', '23322', '15056P']","['85123A', '22423', '85099B', '47566', '84879']",3,0
12705,6,47,"['POST', '21481', '23355', '23245', '23284']","['85123A', '22423', '85099B', '47566', '84879']",5,0
12709,14,18,"['21086', '21094', '20979', '21080', '22961']","['85123A', '22423', '85099B', '47566', '84879']",4,1
12714,4,68,"['POST', '23209', '23084', '22382', '20727']","['85123A', '22423', '85099B', '47566', '84879']",3,0
12716,1,24,"['POST', '47566', '22328', '21559', '21706']","['85123A', '22423', '85099B', '47566', '84879']",4,1
12719,1,21,"['22111', 'POST', '21791', '21790', '21892']","['85123A', '22423', '85099B', '47566', '84879']",5,0
12720,21,57,"['POST', '22144', '23294', '22326', '22961']","['85123A', '22423', '85099B', '47566', '84879']",5,1
12723,2,28,"['22751', '22750', '22971', '22809', '21471']","['85123A', '22423', '85099B', '47566', '84879']",5,0
12724,3,8,"['POST', '23084', '23346', '23240', '20712']","['85123A', '22423', '85099B', '47566', '84879']",3,0
12726,6,36,"['21094', '22531', '21086', '22620', '21987']","['85123A', '22423', '85099B', '47566', '84879']",5,0
12727,6,23,"['POST', '22557', '21559', '22553', '23084']","['85123A', '22423', '85099B', '47566', '84879']",5,0
12731,11,22,"['20682', '22745', '84879', '20725', '22748']","['85123A', '22423', '85099B', '47566', '84879']",5,1
12747,9,14,"['82482', '82484', '82494L', '84879', '21754']","['85123A', '22423', '85099B', '47566', '84879']",4,1
12748,167,850,"['47566', '85099B', '22382', '21080', '22993']","['85123A', '22423', '85099B', '47566', '84879']",4,4
12749,3,67,"['23240', '22722', '82486', '82483', '85066']","['85123A', '22423', '85099B', '47566', '84879']",5,0
12753,5,31,"['21216', '21218', '23240', '21259', '21217']","['85123A', '22423', '85099B', '47566', '84879']",4,0
12757,11,17,"['22557', '22554', '22551', '22556', '22113']","['85123A', '22423', '85099B', '47566', '84879']",5,0
12766,6,22,"['22114', '22138', '21485', 'POST', '22139']","['85123A', '22423', '85099B', '47566', '84879']",5,1
12775,4,14,"['POST', '84406B', '35961', '22296', '21390']","['85123A', '22423', '85099B', '47566', '84879']",1,0
12778,5,8,"['POST', '22421', '20719', '21108', '20723']","['85123A', '22423', '85099B', '47566', '84879']",5,0
12782,4,14,"['POST', '22139', '22355', '23209', '22620']","['85123A', '22423', '85099B', '47566', '84879']",5,0
12783,5,17,"['POST', '23284', '23108', '22111', '82484']","['85123A', '22423', '85099B', '47566', '84879']",3,0
12787,2,4,"['23201', 'POST', '22077', '22114', '23344']","['85123A', '22423', '85099B', '47566', '84879']",3,0
12798,2,1,"['23084', '22489', '21918', '22491', '85178']","['85123A', '22423', '85099B', '47566', '84879']",1,0
12820,3,12,"['22086', '23313', '84946', '23245', '23240']","['85123A', '22423', '85099B', '47566', '84879']",3,0
12826,6,7,"['22086', '21481', '21479', '21930', '22910']","['85123A', '22423', '85099B', '47566', '84879']",2,0
12827,2,5,"['22139', '22138', '22617', '22907', '22722']","['85123A', '22423', '85099B', '47566', '84879']",3,0
12828,4,18,"['22111', '23355', '22865', '22866', '22138']","['85123A', '22423', '85099B', '47566', '84879']",4,0
12839,11,61,"['21232', '22197', '23204', '20719', '21231']","['85123A', '22423', '85099B', '47566', '84879']",5,1
12841,21,51,"['47566', '79321', '15036', '23298', '23264']","['85123A', '22423', '85099B', '47566', '84879']",4,3
12856,4,70,"['23266', '22551', '23263', '22554', '22301']","['85123A', '22423', '85099B', '47566', '84879']",5,1
12865,1,37,"['22846', '22847', '23290', '23389', '23291']","['85123A', '22423', '85099B', '47566', '84879']",4,0
12867,6,103,"['23208', '23209', '22411', '22382', '20726']","['85123A', '22423', '85099B', '47566', '84879']",4,2
12877,10,67,"['20723', '22355', '22661', '20724', '20719']","['85123A', '22423', '85099B', '47566', '84879']",4,0
12882,1,8,"['23284', '20685', '48187', '48184', '23344']","['85123A', '22423', '85099B', '47566', '84879']",4,0
12883,1,23,"['22111', '23284', '20914', '20685', '22112']","['85123A', '22423', '85099B', '47566', '84879']",4,0
12901,24,9,"['21787', '22659', '21915', '22970', '22988']","['85123A', '22423', '85099B', '47566', '84879']",1,0
12904,1,35,"['23147', '23146', '21135', '23148', '35961']","['85123A', '22423', '85099B', '47566', '84879']",5,1
12906,2,16,"['22970', '22900', '23309', '22992', '21731']","['85123A', '22423', '85099B', '47566', '84879']",5,0
12910,6,8,"['20969', '20970', '22568', '22271', '23209']","['85123A', '22423', '85099B', '47566', '84879']",4,0
12912,1,12,"['23177', '23012', '23084', '23013', '23014']","['85123A', '22423', '85099B', '47566', '84879']",2,0
12913,3,28,"['22910', '22086', '84946', '21754', '22469']","['85123A', '22423', '85099B', '47566', '84879']",4,1
12919,4,15,"['35970', '22621', '22457', '23493', '23109']","['85123A', '22423', '85099B', '47566', '84879']",5,0
12921,33,68,"['23201', '22382', '22386', '23199', '84997D']","['85123A', '22423', '85099B', '47566', '84879']",5,2
12925,1,22,"['23192', '21731', '23320', '21914', '22759']","['85123A', '22423', '85099B', '47566', '84879']",3,0
12931,13,5,"['22197', '21731', '23203', '23215', '22991']","['85123A', '22423', '85099B', '47566', '84879']",3,0
12933,2,57,"['22910', '22144', '23493', '23318', '23319']","['85123A', '22423', '85099B', '47566', '84879']",4,0
12935,4,35,"['22558', '20971', '22961', '23310', '22960']","['85123A', '22423', '85099B', '47566', '84879']",4,1
12936,1,27,"['22086', '22910', '22557', '84836', '23300']","['85123A', '22423', '85099B', '47566', '84879']",5,0
12937,3,60,"['21984', '21986', '22557', '22555', '22457']","['85123A', '22423', '85099B', '47566', '84879']",5,1
12948,6,10,"['22086', '22144', '22734', '23313', '22141']","['85123A', '22423', '85099B', '47566', '84879']",5,0
12951,5,18,"['22379', '23203', '22144', '23318', '21621']","['85123A', '22423', '85099B', '47566', '84879']",4,0
12952,3,18,"['22112', '22722', '48138', '22624', '23243']","['85123A', '22423', '85099B', '47566', '84879']",2,0
12955,8,36,"['22620', '22621', '22560', '21791', '22561']","['85123A', '22423', '85099B', '47566', '84879']",5,1
12957,6,75,"['22326', '22865', '23240', '22434', '22328']","['85123A', '22423', '85099B', '47566', '84879']",3,0
12962,1,5,"['23119', '23291', '23292', '23084', '22629']","['85123A', '22423', '85099B', '47566', '84879']",2,0
12963,3,50,"['23344', '22663', '22114', '23084', '85150']","['85123A', '22423', '85099B', '47566', '84879']",4,1
12970,2,108,"['22097', '23192', '23345', '23493', '23346']","['85123A', '22423', '85099B', '47566', '84879']",3,0
12971,76,26,"['22499', '22593', '22464', '84988', '22594']","['85123A', '22423', '85099B', '47566', '84879']",4,0
12989,12,26,"['21137', '22301', '23284', '22041', '48138']","['85123A', '22423', '85099B', '47566', '84879']",3,0
12991,1,9,"['22197', '22086', '21912', '21888', '22910']","['85123A', '22423', '85099B', '47566', '84879']",0,0
12993,3,3,"['21790', '22910', '22086', '20725', '22384']","['85123A', '22423', '85099B', '47566', '84879']",2,0
12994,2,20,"['85053', '22424', '48187', '22960', '22429']","['85123A', '22423', '85099B', '47566', '84879']",4,0
12997,3,10,"['21231', '22457', '21232', '22178', '85123A']","['85123A', '22423', '85099B', '47566', '84879']",4,1
13001,11,33,"['82494L', '15056N', '21155', '21754', '22087']","['85123A', '22423', '85099B', '47566', '84879']",4,1
13004,16,44,"['21790', '23035', '84580', '22952', '22851']","['85123A', '22423', '85099B', '47566', '84879']",4,0
13012,5,27,"['23298', '22413', '22993', '22139', '82484']","['85123A', '22423', '85099B', '47566', '84879']",4,1
13013,11,17,"['22835', '22910', '84029G', '22083', '22114']","['85123A', '22423', '85099B', '47566', '84879']",4,1
13014,8,9,"['22423', '37450', '21257', '22222', '21259']","['85123A', '22423', '85099B', '47566', '84879']",4,1
13018,24,42,"['23201', '22150', '22619', '84946', '22964']","['85123A', '22423', '85099B', '47566', '84879']",4,0
13021,7,42,"['21181', '22411', '22835', '23355', '20972']","['85123A', '22423', '85099B', '47566', '84879']",3,0
13026,4,14,"['15036', '21992', '72800E', '17003', '22753']","['85123A', '22423', '85099B', '47566', '84879']",2,0
13028,1,21,"['21933', '85183B', '85183A', '22384', '85099B']","['85123A', '22423', '85099B', '47566', '84879']",3,0
13030,1,28,"['22900', '21621', '23084', '84946', '21931']","['85123A', '22423', '85099B', '47566', '84879']",4,0
13040,1,22,"['22720', '22909', '20971', '22910', '84879']","['85123A', '22423', '85099B', '47566', '84879']",4,1
13048,3,30,"['20725', '22384', '21931', '22383', '20728']","['85123A', '22423', '85099B', '47566', '84879']",5,1
13050,15,37,"['82494L', '22720', '22423', '20914', '22722']","['85123A', '22423', '85099B', '47566', '84879']",1,2
13058,2,2,"['23313', '47590B', '47590A', '23298', '22776']","['85123A', '22423', '85099B', '47566', '84879']",2,0
13064,3,20,"['82482', '82483', '82494L', '20828', '10135']","['85123A', '22423', '85099B', '47566', '84879']",4,0
13066,1,20,"['21156', '82494L', '22457', '84792', '82580']","['85123A', '22423', '85099B', '47566', '84879']",5,1
13068,1,1,"['85099C', '22197', '20685', '22423', '23284']","['85123A', '22423', '85099B', '47566', '84879']",1,0
13069,22,41,"['22997', '22996', '22995', '23202', '20676']","['85123A', '22423', '85099B', '47566', '84879']",4,0
13077,3,49,"['22621', '21791', '21790', '22867', '22834']","['85123A', '22423', '85099B', '47566', '84879']",5,0
13078,22,26,"['22568', '22728', '22109', '82582', '21523']","['85123A', '22423', '85099B', '47566', '84879']",3,1
13079,3,2,"['22776', '21034', '22577', '23145', '23354']","['85123A', '22423', '85099B', '47566', '84879']",0,0
13081,10,63,"['21733', '22966', '23207', '20963', '22699']","['85123A', '22423', '85099B', '47566', '84879']",4,1
13083,1,4,"['22779', '22752', '22780', '22847', '22754']","['85123A', '22423', '85099B', '47566', '84879']",3,0
13089,87,134,"['23209', '82482', '22077', '22630', '22382']","['85123A', '22423', '85099B', '47566', '84879']",5,3
13090,12,14,"['22617', '22139', '22622', '22138', '22178']","['85123A', '22423', '85099B', '47566', '84879']",3,1
13094,11,2,"['84946', '22791', '85123A', '22174', '22734']","['85123A', '22423', '85099B', '47566', '84879']",2,0
13098,23,47,"['20914', '22382', '22384', '20725', '23208']","['85123A', '22423', '85099B', '47566', '84879']",5,1
13102,21,27,"['22630', '22629', '22197', '22659', '22558']","['85123A', '22423', '85099B', '47566', '84879']",3,0
13104,5,4,"['21137', '35970', '23196', '22041', '23188']","['85123A', '22423', '85099B', '47566', '84879']",3,0
13113,22,8,"['47566', '21430', '22087', '22457', '21217']","['85123A', '22423', '85099B', '47566', '84879']",3,0
13115,3,22,"['20725', '23209', '22384', '20727', '22383']","['85123A', '22423', '85099B', '47566', '84879']",5,0
13117,7,10,"['22457', '22578', '84879', '47566', '22579']","['85123A', '22423', '85099B', '47566', '84879']",3,0
13118,3,31,"['20728', '22382', '22384', '20727', '22383']","['85123A', '22423', '85099B', '47566', '84879']",5,1
13126,7,30,"['82494L', '82482', '23393', '22227', '21232']","['85123A', '22423', '85099B', '47566', '84879']",0,0
13131,2,13,"['22326', '20725', '23206', '20726', '22328']","['85123A', '22423', '85099B', '47566', '84879']",3,0
13137,7,103,"['21672', '21668', '22632', '23439', '84987']","['85123A', '22423', '85099B', '47566', '84879']",5,1
13138,5,8,"['22568', '20970', '23126', '20969', '21259']","['85123A', '22423', '85099B', '47566', '84879']",4,0
13139,6,7,"['23301', '23084', '23200', '20685', '23284']","['85123A', '22423', '85099B', '47566', '84879']",3,0
13147,3,1,"['79321', '22433', '22111', '22171', '22469']","['85123A', '22423', '85099B', '47566', '84879']",1,0
13149,3,22,"['22488', '22578', '22457', '22577', '82484']","['85123A', '22423', '85099B', '47566', '84879']",5,0
13159,3,23,"['23319', '22621', '22578', '23080', '22595']","['85123A', '22423', '85099B', '47566', '84879']",3,0
13167,3,11,"['82483', '82486', '17003', '23298', '22178']","['85123A', '22423', '85099B', '47566', '84879']",2,0
13171,2,10,"['23263', '22577', '23266', '23265', '22578']","['85123A', '22423', '85099B', '47566', '84879']",5,0
13173,1,20,"['21533', '85174', '20679', '22212', '85123A']","['85123A', '22423', '85099B', '47566', '84879']",5,1
13174,2,68,"['22111', '22867', '22910', '21485', '22866']","['85123A', '22423', '85099B', '47566', '84879']",5,1
13178,10,11,"['22328', '23084', '22326', '20728', '22382']","['85123A', '22423', '85099B', '47566', '84879']",1,0
13183,8,6,"['85152', '21166', '82484', '21175', '21181']","['85123A', '22423', '85099B', '47566', '84879']",3,0
13184,9,21,"['23298', '23333', '47566', '23329', '23332']","['85123A', '22423', '85099B', '47566', '84879']",5,1
13189,1,11,"['22065', '20668', '20996', '35471D', '22544']","['85123A', '22423', '85099B', '47566', '84879']",4,0
13196,2,13,"['23351', '23349', '23350', '21506', '22139']","['85123A', '22423', '85099B', '47566', '84879']",5,0
13198,5,24,"['21731', '20723', '22910', '84375', '21833']","['85123A', '22423', '85099B', '47566', '84879']",4,0
13199,29,19,"['23084', '84945', '84946', '23188', '22557']","['85123A', '22423', '85099B', '47566', '84879']",5,0
13200,2,11,"['22792', '84946', '82482', '22727', '22639']","['85123A', '22423', '85099B', '47566', '84879']",3,0
13203,3,12,"['23100', '22835', '22178', '23101', '84347']","['85123A', '22423', '85099B', '47566', '84879']",3,0
13207,1,3,"['15056N', '15036', '72741', '85175', '15044D']","['85123A', '22423', '85099B', '47566', '84879']",3,0
13211,2,10,"['21498', '23231', '22086', '21495', '22083']","['85123A', '22423', '85099B', '47566', '84879']",4,0
13212,2,84,"['22835', '23351', '23032', '23284', '23350']","['85123A', '22423', '85099B', '47566', '84879']",5,0
13225,6,7,"['21175', '22386', '21181', '21929', '48187']","['85123A', '22423', '85099B', '47566', '84879']",0,0
13230,13,108,"['23329', '23332', '23343', '23264', '23333']","['85123A', '22423', '85099B', '47566', '84879']",4,2
13232,5,36,"['20914', '22666', '21216', '20754', '22844']","['85123A', '22423', '85099B', '47566', '84879']",3,1
13236,1,15,"['23129', '23130', '22574', '22945', '22573']","['85123A', '22423', '85099B', '47566', '84879']",5,1
13238,2,14,"['85099F', '23202', '23199', '22386', '23203']","['85123A', '22423', '85099B', '47566', '84879']",4,1
13246,5,24,"['23343', '22866', '21933', '22909', '21932']","['85123A', '22423', '85099B', '47566', '84879']",5,0
13247,2,4,"['22898', '22138', '22367', '22899', '23245']","['85123A', '22423', '85099B', '47566', '84879']",1,0
13255,1,7,"['23312', '23215', '22768', '22767', '22839']","['85123A', '22423', '85099B', '47566', '84879']",3,0
13258,1,21,"['85123A', '22464', '21755', '21754', '22784']","['85123A', '22423', '85099B', '47566', '84879']",5,1
13263,31,101,"['85152', '82482', '23266', '23503', '22079']","['85123A', '22423', '85099B', '47566', '84879']",3,1
13266,11,15,"['23286', '23167', '20992', '22418', '23198']","['85123A', '22423', '85099B', '47566', '84879']",4,0
13267,17,24,"['22726', '82494L', '82484', '22867', '82486']","['85123A', '22423', '85099B', '47566', '84879']",3,2
13268,8,38,"['21175', '22219', '21232', '21877', '21429']","['85123A', '22423', '85099B', '47566', '84879']",4,0
13269,11,44,"['22629', '85099B', '82494L', '82482', '22170']","['85123A', '22423', '85099B', '47566', '84879']",4,1
13277,2,4,"['20963', '20961', '20726', '22331', '23206']","['85123A', '22423', '85099B', '47566', '84879']",4,0
13282,2,15,"['22624', '22730', '22728', '22727', '22193']","['85123A', '22423', '85099B', '47566', '84879']",1,0
13285,3,50,"['23209', '23204', '20724', '20727', '23203']","['85123A', '22423', '85099B', '47566', '84879']",5,1
13297,1,21,"['22835', '22114', '22111', '23355', '21754']","['85123A', '22423', '85099B', '47566', '84879']",3,0
13305,8,21,"['23263', '22178', '20972', '21523', '23284']","['85123A', '22423', '85099B', '47566', '84879']",4,0
13308,2,17,"['22139', '22568', '22149', '22750', '21889']","['85123A', '22423', '85099B', '47566', '84879']",4,0
13309,4,16,"['23206', '22383', '23310', '22179', '16161U']","['85123A', '22423', '85099B', '47566', '84879']",5,0
13310,2,20,"['84879', '85123A', '21733', '47566', '23311']","['85123A', '22423', '85099B', '47566', '84879']",5,3
13311,1,2,"['71477', '22086', '21380', '23077', '21755']","['85123A', '22423', '85099B', '47566', '84879']",2,0
13313,4,14,"['85099B', '22302', '22303', '22386', '23202']","['85123A', '22423', '85099B', '47566', '84879']",5,1
13314,2,15,"['21216', '22720', '23108', '21534', '22138']","['85123A', '22423', '85099B', '47566', '84879']",0,0
13318,1,5,"['23084', '22941', '23280', '20750', '22549']","['85123A', '22423', '85099B', '47566', '84879']",3,0
13319,24,21,"['22178', '22726', '84879', '22090', '20914']","['85123A', '22423', '85099B', '47566', '84879']",3,1
13323,2,6,"['21485', '22114', '21484', '23355', '84029E']","['85123A', '22423', '85099B', '47566', '84879']",5,0
13350,1,8,"['22697', '22699', '23245', '22423', 'C2']","['85123A', '22423', '85099B', '47566', '84879']",3,0
13362,3,34,"['23355', '22274', '22112', '84030E', '22111']","['85123A', '22423', '85099B', '47566', '84879']",5,0
13363,1,21,"['23493', '22835', '23355', '84347', '22734']","['85123A', '22423', '85099B', '47566', '84879']",4,0
13379,2,37,"['23100', '22596', '35970', '22906', '23101']","['85123A', '22423', '85099B', '47566', '84879']",4,0
13389,2,13,"['22111', '22607', '22619', '22457', '22423']","['85123A', '22423', '85099B', '47566', '84879']",3,0
13394,7,12,"['22086', '22083', '22910', '22178', '22993']","['85123A', '22423', '85099B', '47566', '84879']",5,0
13404,1,2,"['23234', '23082', '23247', '22938', '23100']","['85123A', '22423', '85099B', '47566', '84879']",2,0
13408,54,53,"['23169', '23013', '22456', '22726', '23127']","['85123A', '22423', '85099B', '47566', '84879']",5,1
13410,4,5,"['79321', '22629', '22631', '23169', '21891']","['85123A', '22423', '85099B', '47566', '84879']",4,0
13417,1,18,"['79321', '48194', '48188', '48173C', '20979']","['85123A', '22423', '85099B', '47566', '84879']",2,1
13418,17,15,"['22726', '22727', '22728', '22725', '23298']","['85123A', '22423', '85099B', '47566', '84879']",4,0
13426,7,38,"['20914', '22819', '85150', '23245', '21519']","['85123A', '22423', '85099B', '47566', '84879']",4,0
13427,2,6,"['82482', '22178', '21381', '22156', '22578']","['85123A', '22423', '85099B', '47566', '84879']",1,0
13429,3,19,"['22577', '22578', '22865', '23201', '22398']","['85123A', '22423', '85099B', '47566', '84879']",3,1
13430,1,20,"['23240', '22966', '22557', '84380', '23367']","['85123A', '22423', '85099B', '47566', '84879']",4,1
13435,5,27,"['23188', '23169', '21463', '23130', '23075']","['85123A', '22423', '85099B', '47566', '84879']",5,0
13437,5,18,"['22910', '22086', '23247', '23234', '22865']","['85123A', '22423', '85099B', '47566', '84879']",5,0
13447,2,21,"['22505', '21485', '84029E', '22624', '22694']","['85123A', '22423', '85099B', '47566', '84879']",1,0
13448,5,33,"['22866', '22867', '22632', '22835', '22865']","['85123A', '22423', '85099B', '47566', '84879']",5,0
13450,5,9,"['22620', '22979', '22560', '22196', '21703']","['85123A', '22423', '85099B', '47566', '84879']",3,0
13451,4,70,"['20728', '21899', '22382', '23321', '23159']","['85123A', '22423', '85099B', '47566', '84879']",5,1
13455,1,16,"['82486', '22423', '85066', '82483', '22800']","['85123A', '22423', '85099B', '47566', '84879']",4,1
13456,4,17,"['22910', '21791', '23313', '22139', '21889']","['85123A', '22423', '85099B', '47566', '84879']",5,0
13458,12,40,"['85123A', '22470', '84879', '22139', '22086']","['85123A', '22423', '85099B', '47566', '84879']",5,2
13467,1,20,"['21889', '22489', '23393', '48187', '22273']","['85123A', '22423', '85099B', '47566', '84879']",5,0
13468,34,25,"['22179', '20828', '85123A', '48185', '46000M']","['85123A', '22423', '85099B', '47566', '84879']",4,0
13471,1,151,"['20972', '22749', '22964', '22966', '22139']","['85123A', '22423', '85099B', '47566', '84879']",5,0
13488,12,28,"['22697', '85123A', '23298', '21754', '22699']","['85123A', '22423', '85099B', '47566', '84879']",1,0
13495,4,5,"['22112', '22835', '22113', '21485', '23082']","['85123A', '22423', '85099B', '47566', '84879']",3,0
13496,1,9,"['84947', '84946', '22791', '84970L', '84970S']","['85123A', '22423', '85099B', '47566', '84879']",5,1
13499,4,6,"['21929', '21811', '22577', '22578', '22470']","['85123A', '22423', '85099B', '47566', '84879']",1,0
13500,2,27,"['22835', '22112', '22111', '22114', '22138']","['85123A', '22423', '85099B', '47566', '84879']",2,2
13502,2,9,"['20975', '22577', '23144', '22241', '23145']","['85123A', '22423', '85099B', '47566', '84879']",5,0
13507,3,34,"['82484', '20914', '82486', '23300', '22470']","['85123A', '22423', '85099B', '47566', '84879']",3,1
13509,6,5,"['20975', '20974', '20677', '20675', '22090']","['85123A', '22423', '85099B', '47566', '84879']",2,0
13510,3,21,"['85099B', '22113', '22111', '21931', '22367']","['85123A', '22423', '85099B', '47566', '84879']",5,1
13516,2,6,"['22722', '21891', '21892', '21914', '22086']","['85123A', '22423', '85099B', '47566', '84879']",3,0
13525,1,4,"['84879', '23396', '23395', '22622', '23130']","['85123A', '22423', '85099B', '47566', '84879']",4,1
13534,24,14,"['23203', '85099C', '22411', '22386', '23199']","['85123A', '22423', '85099B', '47566', '84879']",4,1
13536,2,82,"['23355', '23318', '22086', '23313', '48138']","['85123A', '22423', '85099B', '47566', '84879']",5,1
13546,2,37,"['22086', '22667', '21080', '22910', '21531']","['85123A', '22423', '85099B', '47566', '84879']",5,0
13549,6,4,"['22423', '20914', '82483', '82482', '85099F']","['85123A', '22423', '85099B', '47566', '84879']",1,2
13557,1,18,"['21232', '16156S', '22646', '22055', '23355']","['85123A', '22423', '85099B', '47566', '84879']",5,0
13558,2,74,"['22662', '23192', '23207', '21915', '20717']","['85123A', '22423', '85099B', '47566', '84879']",5,2
13565,1,25,"['20972', '23300', '23266', '22696', '22578']","['85123A', '22423', '85099B', '47566', '84879']",5,0
13569,1,54,"['22629', '20728', '21175', '22384', '21931']","['85123A', '22423', '85099B', '47566', '84879']",5,1
13571,10,49,"['23294', '21733', '20712', '23293', '21175']","['85123A', '22423', '85099B', '47566', '84879']",3,1
13575,4,7,"['20727', '20726', '23206', '82482', '22138']","['85123A', '22423', '85099B', '47566', '84879']",3,0
13576,16,19,"['21137', '22041', '82580', '82001S', '21754']","['85123A', '22423', '85099B', '47566', '84879']",2,0
13577,3,16,"['85099B', '20724', '23203', '23201', '22411']","['85123A', '22423', '85099B', '47566', '84879']",3,1
13579,1,14,"['85048', '22835', '22114', '22469', '22112']","['85123A', '22423', '85099B', '47566', '84879']",4,0
13588,7,13,"['23188', '22621', '22620', '21892', '21791']","['85123A', '22423', '85099B', '47566', '84879']",3,0
13589,1,12,"['23355', '23344', '22423', '22835', '22595']","['85123A', '22423', '85099B', '47566', '84879']",5,1
13590,5,15,"['22577', '22578', '84836', '84997D', '22865']","['85123A', '22423', '85099B', '47566', '84879']",3,0
13599,12,44,"['23344', '23203', '23084', '22553', '22555']","['85123A', '22423', '85099B', '47566', '84879']",5,0
13610,6,19,"['23295', '23294', '22734', '23296', '22910']","['85123A', '22423', '85099B', '47566', '84879']",5,0
13614,3,91,"['23284', '22722', '22723', '22910', '22720']","['85123A', '22423', '85099B', '47566', '84879']",5,2
13629,10,3,"['85099B', '85099F', '85099C', '21929', '21928']","['85123A', '22423', '85099B', '47566', '84879']",2,1
13630,6,4,"['22113', '22178', '84946', '84970L', '84970S']","['85123A', '22423', '85099B', '47566', '84879']",2,0
13632,4,17,"['22727', '22728', '85123A', '22720', '84879']","['85123A', '22423', '85099B', '47566', '84879']",5,2
13644,3,37,"['21165', '82582', '85150', '22663', '82581']","['85123A', '22423', '85099B', '47566', '84879']",4,0
13647,3,18,"['22749', '23209', '22750', '84077', '84879']","['85123A', '22423', '85099B', '47566', '84879']",4,0
13650,5,17,"['22193', '22086', '23293', '21673', '22909']","['85123A', '22423', '85099B', '47566', '84879']",3,1
13657,1,7,"['22144', '21790', '21791', '22940', '84347']","['85123A', '22423', '85099B', '47566', '84879']",5,0
13658,3,24,"['23200', '23344', '22385', '22553', '23355']","['85123A', '22423', '85099B', '47566', '84879']",4,0
13668,18,80,"['22178', '22144', '47566', '22470', '22909']","['85123A', '22423', '85099B', '47566', '84879']",3,0
13673,1,23,"['21890', '21892', '23237', '21891', '22619']","['85123A', '22423', '85099B', '47566', '84879']",5,0
13680,3,60,"['21175', '22866', '23323', '23301', '85123A']","['85123A', '22423', '85099B', '47566', '84879']",5,1
13681,2,18,"['21733', '23301', '23322', '23321', '23300']","['85123A', '22423', '85099B', '47566', '84879']",5,2
13685,3,13,"['22199', '22476', '21115', '22278', '84969']","['85123A', '22423', '85099B', '47566', '84879']",3,0
13692,2,21,"['22029', '22616', '21915', '22037', '21508']","['85123A', '22423', '85099B', '47566', '84879']",5,0
13694,45,50,"['85099F', '85099C', '23201', '23200', '23202']","['85123A', '22423', '85099B', '47566', '84879']",4,1
13700,9,9,"['22866', '23355', '22865', '22112', '23300']","['85123A', '22423', '85099B', '47566', '84879']",4,0
13704,7,21,"['23313', '22138', '22273', '22624', '22625']","['85123A', '22423', '85099B', '47566', '84879']",5,0
13705,2,7,"['84879', '23084', '84950', '23322', '21136']","['85123A', '22423', '85099B', '47566', '84879']",5,1
13709,11,28,"['23319', '22111', '23318', '22835', '22114']","['85123A', '22423', '85099B', '47566', '84879']",4,0
13719,4,6,"['84879', '46000S', '23322', '46000M', '23321']","['85123A', '22423', '85099B', '47566', '84879']",1,1
13735,3,25,"['22940', '21914', '23313', '23247', '22909']","['85123A', '22423', '85099B', '47566', '84879']",5,0
13736,1,112,"['22382', '20728', '23301', '85152', '23207']","['85123A', '22423', '85099B', '47566', '84879']",5,0
13742,11,46,"['22624', '21754', '22191', '82484', '82494L']","['85123A', '22423', '85099B', '47566', '84879']",3,0
13743,6,7,"['22560', '22561', '23188', '21891', '22493']","['85123A', '22423', '85099B', '47566', '84879']",5,0
13755,4,152,"['84030E', '23356', '22834', '23029', '22384']","['85123A', '22423', '85099B', '47566', '84879']",5,1
13756,10,19,"['21314', '22726', '22728', '22866', '22865']","['85123A', '22423', '85099B', '47566', '84879']",4,0
13758,6,11,"['22086', '23344', '85123A', '23084', '79321']","['85123A', '22423', '85099B', '47566', '84879']",2,0
13767,35,14,"['22697', '22699', '21314', '22698', '84879']","['85123A', '22423', '85099B', '47566', '84879']",5,1
13769,9,16,"['22113', '85123A', '85150', '71477', '22112']","['85123A', '22423', '85099B', '47566', '84879']",5,1
13777,28,22,"['20971', '85123A', '21232', '85099B', '22041']","['85123A', '22423', '85099B', '47566', '84879']",5,2
13780,1,48,"['23388', '23345', '23390', '21791', '23346']","['85123A', '22423', '85099B', '47566', '84879']",5,0
13782,5,15,"['23322', '23321', '21175', '85123A', '22766']","['85123A', '22423', '85099B', '47566', '84879']",3,1
13784,10,1,"['84978', '84970S', '22151', '22698', '84970L']","['85123A', '22423', '85099B', '47566', '84879']",1,0
13798,51,37,"['21928', '21166', '85099B', '85123A', '85152']","['85123A', '22423', '85099B', '47566', '84879']",4,1
13808,4,13,"['23035', '23083', '84879', '22158', '23029']","['85123A', '22423', '85099B', '47566', '84879']",2,0
13815,2,40,"['21928', '21929', '20712', '84997D', '22386']","['85123A', '22423', '85099B', '47566', '84879']",3,1
13816,1,11,"['POST', '22326', '85183B', '23240', '22328']","['85123A', '22423', '85099B', '47566', '84879']",3,0
13822,1,5,"['21326', '84536A', '84836', '22156', '84946']","['85123A', '22423', '85099B', '47566', '84879']",4,0
13823,1,14,"['82583', '85152', '82484', '82494L', '48187']","['85123A', '22423', '85099B', '47566', '84879']",1,0
13831,5,5,"['82486', '85123A', '21733', '82494L', '84077']","['85123A', '22423', '85099B', '47566', '84879']",4,1
13835,3,6,"['85048', '21936', '21094', '22596', '21086']","['85123A', '22423', '85099B', '47566', '84879']",1,1
13838,3,45,"['23266', '23296', '23293', '23393', '23188']","['85123A', '22423', '85099B', '47566', '84879']",5,0
13846,2,12,"['23084', '22086', '22727', '23328', '22083']","['85123A', '22423', '85099B', '47566', '84879']",4,0
13854,23,8,"['21340', '84879', '20749', '22423', '22469']","['85123A', '22423', '85099B', '47566', '84879']",3,1
13860,3,31,"['23083', '82494L', '23202', '22457', '22178']","['85123A', '22423', '85099B', '47566', '84879']",4,0
13862,7,8,"['22993', '20728', '22178', '22384', '23209']","['85123A', '22423', '85099B', '47566', '84879']",1,0
13868,1,1,"['23240', '23236', '23295', '22423', '85099B']","['85123A', '22423', '85099B', '47566', '84879']",0,0
13870,7,4,"['22726', '22086', '22624', '22895', '85049A']","['85123A', '22423', '85099B', '47566', '84879']",2,0
13871,12,23,"['22720', '82494L', '22178', '23243', '23344']","['85123A', '22423', '85099B', '47566', '84879']",4,0
13880,12,25,"['22720', '23298', '22961', '71477', '22469']","['85123A', '22423', '85099B', '47566', '84879']",2,0
13881,15,13,"['23301', '82582', '22993', '21181', '23284']","['85123A', '22423', '85099B', '47566', '84879']",4,0
13882,3,28,"['22111', '22112', '21485', '48188', '23284']","['85123A', '22423', '85099B', '47566', '84879']",2,0
13883,4,48,"['21977', '20914', '22723', '21975', '84991']","['85123A', '22423', '85099B', '47566', '84879']",5,1
13884,4,13,"['21175', '82494L', '85123A', '82482', '82483']","['85123A', '22423', '85099B', '47566', '84879']",3,2
13890,5,39,"['22113', '22111', '22749', '21485', '23355']","['85123A', '22423', '85099B', '47566', '84879']",5,0
13892,3,1,"['22699', '21791', '84949', '84970L', '22669']","['85123A', '22423', '85099B', '47566', '84879']",1,0
13894,1,16,"['85123A', '22423', '84949', '22457', '22144']","['85123A', '22423', '85099B', '47566', '84879']",5,2
13895,3,35,"['22457', '23493', '21485', '22083', '85123A']","['85123A', '22423', '85099B', '47566', '84879']",3,3
13899,1,4,"['21891', '84879', '23355', '21890', '22960']","['85123A', '22423', '85099B', '47566', '84879']",4,1
13914,1,17,"['22584', '22964', '21137', '22779', '84879']","['85123A', '22423', '85099B', '47566', '84879']",4,1
13924,3,51,"['20914', '22138', '23209', '21733', '22720']","['85123A', '22423', '85099B', '47566', '84879']",5,1
13928,3,6,"['23118', '21135', '23110', '82483', '85066']","['85123A', '22423', '85099B', '47566', '84879']",2,0
13939,2,11,"['22549', '22115', '84378', '22398', '22609']","['85123A', '22423', '85099B', '47566', '84879']",5,1
13940,3,8,"['48138', '23355', '23322', '22086', '23284']","['85123A', '22423', '85099B', '47566', '84879']",2,0
13941,4,9,"['21731', '22179', '72741', '79321', '85175']","['85123A', '22423', '85099B', '47566', '84879']",5,0
13949,4,58,"['20725', '22138', '22384', '20914', '20727']","['85123A', '22423', '85099B', '47566', '84879']",5,1
13950,2,18,"['82583', '22690', '22457', '23084', '84347']","['85123A', '22423', '85099B', '47566', '84879']",5,1
13953,6,7,"['21086', '15036', '62018', '47566', '47599B']","['85123A', '22423', '85099B', '47566', '84879']",5,1
13954,1,12,"['22847', '23284', '85048', '22960', '22940']","['85123A', '22423', '85099B', '47566', '84879']",1,0
13956,4,20,"['22910', '22086', '22470', '20725', '20914']","['85123A', '22423', '85099B', '47566', '84879']",2,1
13960,1,8,"['23284', '22470', '22469', '23330', '22578']","['85123A', '22423', '85099B', '47566', '84879']",3,0
13962,1,4,"['82486', '84879', '22487', '21340', '22423']","['85123A', '22423', '85099B', '47566', '84879']",2,1
13969,14,108,"['23298', '22728', '22727', '23208', '22910']","['85123A', '22423', '85099B', '47566', '84879']",5,2
13971,7,19,"['20914', '22722', '22086', '22766', '22993']","['85123A', '22423', '85099B', '47566', '84879']",3,0
13978,1,1,"['84879', '21034', '20668', '21080', '17003']","['85123A', '22423', '85099B', '47566', '84879']",0,0
13984,4,4,"['22457', '23355', '23084', '18097C', '21563']","['85123A', '22423', '85099B', '47566', '84879']",4,0
13985,11,58,"['84997D', '21558', '20914', '22385', '21559']","['85123A', '22423', '85099B', '47566', '84879']",5,2
13988,5,27,"['23203', '22865', '23300', '22302', '21232']","['85123A', '22423', '85099B', '47566', '84879']",3,1
13991,3,30,"['21231', '21034', '21232', '20727', '22577']","['85123A', '22423', '85099B', '47566', '84879']",3,0
13994,5,5,"['22112', '23355', '23298', '21314', '22697']","['85123A', '22423', '85099B', '47566', '84879']",1,1
13995,4,13,"['20727', '23209', '22384', '23206', '20725']","['85123A', '22423', '85099B', '47566', '84879']",3,0
13999,11,20,"['23203', '22411', '23298', '23208', '47566']","['85123A', '22423', '85099B', '47566', '84879']",2,0
14005,4,30,"['22728', '22727', '21210', '22726', '21213']","['85123A', '22423', '85099B', '47566', '84879']",5,1
14020,1,21,"['22720', '84030E', '21791', '22578', '23013']","['85123A', '22423', '85099B', '47566', '84879']",5,0
14023,1,15,"['22620', '23263', '22139', '22492', '23076']","['85123A', '22423', '85099B', '47566', '84879']",5,0
14030,7,57,"['23351', '23349', '23350', '82482', '22077']","['85123A', '22423', '85099B', '47566', '84879']",5,0
14031,17,24,"['22988', '23014', '23012', '84879', '48138']","['85123A', '22423', '85099B', '47566', '84879']",5,2
14032,8,22,"['22970', '22900', '23084', '22064', '22109']","['85123A', '22423', '85099B', '47566', '84879']",5,0
14034,2,59,"['22156', '22402', '35961', '22335', '22439']","['85123A', '22423', '85099B', '47566', '84879']",4,1
14044,3,24,"['85123A', '20727', '22383', '22384', '20725']","['85123A', '22423', '85099B', '47566', '84879']",1,1
14047,4,11,"['22467', '22898', '82484', '22752', '22367']","['85123A', '22423', '85099B', '47566', '84879']",4,0
14049,3,204,"['20726', '20727', '22983', '21918', '23207']","['85123A', '22423', '85099B', '47566', '84879']",5,0
14051,20,22,"['22697', '48138', '22698', '15056N', '22077']","['85123A', '22423', '85099B', '47566', '84879']",5,1
14056,21,102,"['23201', '23207', '22077', '23298', '22727']","['85123A', '22423', '85099B', '47566', '84879']",4,1
14057,16,14,"['22629', '22659', '23201', '22630', '22900']","['85123A', '22423', '85099B', '47566', '84879']",4,0
14060,17,17,"['22178', '21791', '22900', '22970', '22467']","['85123A', '22423', '85099B', '47566', '84879']",5,0
14062,11,14,"['21175', '82582', '21166', '21181', '85152']","['85123A', '22423', '85099B', '47566', '84879']",5,0
14071,5,140,"['22632', '20727', '22383', '22384', '22865']","['85123A', '22423', '85099B', '47566', '84879']",4,0
14075,1,22,"['20749', '23126', '22139', '22045', '23230']","['85123A', '22423', '85099B', '47566', '84879']",5,0
14083,7,79,"['22195', '22551', '23332', '23350', '22554']","['85123A', '22423', '85099B', '47566', '84879']",4,0
14085,14,76,"['21754', '21485', '82482', '23156', '22749']","['85123A', '22423', '85099B', '47566', '84879']",4,1
14088,9,164,"['22580', '23130', '22910', '22508', '20969']","['85123A', '22423', '85099B', '47566', '84879']",5,1
14092,11,34,"['22727', '20914', '22726', '23245', '23300']","['85123A', '22423', '85099B', '47566', '84879']",4,1
14096,13,888,"['22720', '22457', '22961', '82482', '22699']","['85123A', '22423', '85099B', '47566', '84879']",5,4
14099,10,15,"['21754', '22312', '82582', '85150', '21165']","['85123A', '22423', '85099B', '47566', '84879']",2,0
14102,2,15,"['21668', '21670', '21673', '21669', '22771']","['85123A', '22423', '85099B', '47566', '84879']",4,0
14110,10,1,"['21137', '47566', '82582', '20723', '22041']","['85123A', '22423', '85099B', '47566', '84879']",1,0
14111,3,5,"['23503', '72741', '22632', '35970', '21592']","['85123A', '22423', '85099B', '47566', '84879']",4,0
14112,6,6,"['22865', '22086', '22752', '23344', '84997B']","['85123A', '22423', '85099B', '47566', '84879']",3,0
14113,2,21,"['22111', '22866', '84406B', '84378', '21232']","['85123A', '22423', '85099B', '47566', '84879']",5,0
14116,4,8,"['22467', '22083', '22728', '21791', '22727']","['85123A', '22423', '85099B', '47566', '84879']",0,0
14121,2,69,"['22757', '23320', '22758', '23084', '84946']","['85123A', '22423', '85099B', '47566', '84879']",5,0
14125,1,79,"['23108', '23029', '20728', '84879', '21889']","['85123A', '22423', '85099B', '47566', '84879']",4,2
14129,3,14,"['23126', '22993', '22585', '23127', '22568']","['85123A', '22423', '85099B', '47566', '84879']",5,0
14132,9,39,"['22621', '10135', '22273', '22150', '22493']","['85123A', '22423', '85099B', '47566', '84879']",5,0
14135,13,12,"['22835', '22112', '22111', '84029E', '22727']","['85123A', '22423', '85099B', '47566', '84879']",3,0
14138,1,14,"['22867', '22866', '22865', '22111', '22114']","['85123A', '22423', '85099B', '47566', '84879']",5,0
14140,1,26,"['20972', '23493', '22150', '22086', '22909']","['85123A', '22423', '85099B', '47566', '84879']",5,0
14141,3,10,"['22112', '22720', '21485', '23355', '21181']","['85123A', '22423', '85099B', '47566', '84879']",5,0
14146,4,73,"['22866', '22727', '20914', '22867', '22697']","['85123A', '22423', '85099B', '47566', '84879']",4,2
14156,52,68,"['22960', '23293', '22112', '21790', '23298']","['85123A', '22423', '85099B', '47566', '84879']",4,2
14157,1,9,"['23355', '21485', '22835', '22114', '22112']","['85123A', '22423', '85099B', '47566', '84879']",5,0
14159,10,180,"['20728', '21976', '22382', '22951', '20725']","['85123A', '22423', '85099B', '47566', '84879']",5,2
14173,2,6,"['23083', '22633', '23439', '22906', '21592']","['85123A', '22423', '85099B', '47566', '84879']",3,0
14178,5,100,"['22620', '22621', '22138', '23242', '22356']","['85123A', '22423', '85099B', '47566', '84879']",5,0
14180,24,8,"['82484', '22424', '21216', '21754', '21533']","['85123A', '22423', '85099B', '47566', '84879']",3,0
14189,13,35,"['22726', '84755', '21790', '22910', '82580']","['85123A', '22423', '85099B', '47566', '84879']",4,0
14191,10,74,"['22577', '20723', '22595', '22356', '20724']","['85123A', '22423', '85099B', '47566', '84879']",5,1
14194,18,109,"['47566', '22139', '23203', '23298', '22727']","['85123A', '22423', '85099B', '47566', '84879']",4,3
14198,3,10,"['82482', '82486', '82483', '22086', '48187']","['85123A', '22423', '85099B', '47566', '84879']",2,0
14205,1,10,"['22865', '23300', '21524', '23284', '23301']","['85123A', '22423', '85099B', '47566', '84879']",5,0
14209,5,6,"['22169', '21733', '82494L', '82482', '22804']","['85123A', '22423', '85099B', '47566', '84879']",3,0
14215,5,28,"['22866', '22577', '22867', '20725', '22578']","['85123A', '22423', '85099B', '47566', '84879']",4,0
14216,1,26,"['82494L', '82482', '82486', '82483', '23284']","['85123A', '22423', '85099B', '47566', '84879']",4,1
14217,14,17,"['82484', '22457', '84792', '22624', '47566']","['85123A', '22423', '85099B', '47566', '84879']",3,0
14227,9,15,"['21169', '22411', '23202', '23206', '23199']","['85123A', '22423', '85099B', '47566', '84879']",4,0
14234,3,7,"['23275', '23263', '22144', '22150', '22601']","['85123A', '22423', '85099B', '47566', '84879']",3,0
14243,9,6,"['82494L', '22835', '23243', '23355', '82483']","['85123A', '22423', '85099B', '47566', '84879']",2,0
14250,1,37,"['22086', '22083', '22666', '23240', '22960']","['85123A', '22423', '85099B', '47566', '84879']",5,0
14251,1,28,"['22086', '22732', '22734', '21791', '23158']","['85123A', '22423', '85099B', '47566', '84879']",5,0
14258,8,8,"['82482', '82494L', '82486', '85123A', '82484']","['85123A', '22423', '85099B', '47566', '84879']",4,1
14262,6,26,"['21914', '21791', '22144', '22141', '22150']","['85123A', '22423', '85099B', '47566', '84879']",3,0
14277,1,147,"['23203', '22505', '21165', '21669', '20728']","['85123A', '22423', '85099B', '47566', '84879']",4,3
14282,11,22,"['23203', '21928', '21931', '20727', '85099C']","['85123A', '22423', '85099B', '47566', '84879']",5,1
14285,3,5,"['22113', '22910', '22086', '23318', '22909']","['85123A', '22423', '85099B', '47566', '84879']",4,0
14286,2,92,"['23192', '22746', '22563', '23351', '23177']","['85123A', '22423', '85099B', '47566', '84879']",5,0
14287,2,5,"['22138', '21791', '47566', '22423', '20718']","['85123A', '22423', '85099B', '47566', '84879']",4,1
14289,5,5,"['48194', '48184', '20685', '23084', '21524']","['85123A', '22423', '85099B', '47566', '84879']",4,0
14290,4,16,"['23245', '22722', '22086', '22865', '22910']","['85123A', '22423', '85099B', '47566', '84879']",3,0
14291,9,35,"['22662', '22382', '22149', '22027', '22629']","['85123A', '22423', '85099B', '47566', '84879']",4,0
14292,7,7,"['23173', '23338', '85014B', '22698', '22423']","['85123A', '22423', '85099B', '47566', '84879']",2,0
14293,3,21,"['22867', '22111', '22714', '22866', '21509']","['85123A', '22423', '85099B', '47566', '84879']",5,0
14297,3,26,"['23333', '23265', '23266', '22596', '23329']","['85123A', '22423', '85099B', '47566', '84879']",4,1
14298,43,14,"['21929', '85099F', '21928', '22386', '85099C']","['85123A', '22423', '85099B', '47566', '84879']",4,0
14299,7,27,"['22699', '22865', '84879', '21889', '21166']","['85123A', '22423', '85099B', '47566', '84879']",5,1
14309,8,18,"['23012', '22697', '22698', '23013', '22423']","['85123A', '22423', '85099B', '47566', '84879']",5,1
14321,4,19,"['21506', '22037', '22983', '84879', '85048']","['85123A', '22423', '85099B', '47566', '84879']",5,1
14329,5,17,"['20728', '22382', '22662', '23209', '21931']","['85123A', '22423', '85099B', '47566', '84879']",3,0
14332,2,10,"['21034', '84347', '23322', '22470', '22866']","['85123A', '22423', '85099B', '47566', '84879']",2,1
14334,7,14,"['23300', '22077', '22367', '84945', '48187']","['85123A', '22423', '85099B', '47566', '84879']",4,0
14335,1,19,"['22727', '22698', '22697', '23300', '22725']","['85123A', '22423', '85099B', '47566', '84879']",4,0
14336,3,31,"['82482', '22175', '21733', '85123A', '22457']","['85123A', '22423', '85099B', '47566', '84879']",4,1
14342,3,5,"['84879', '23245', '22423', '21500', '22457']","['85123A', '22423', '85099B', '47566', '84879']",2,1
14354,1,3,"['22601', '22734', '85199S', '22077', '85032A']","['85123A', '22423', '85099B', '47566', '84879']",0,0
14359,2,8,"['22113', '23301', '22699', '22697', '22698']","['85123A', '22423', '85099B', '47566', '84879']",4,0
14367,14,33,"['47566', '23298', '23203', '23199', '22720']","['85123A', '22423', '85099B', '47566', '84879']",5,1
14388,7,23,"['22411', '22385', '23203', '23202', '23245']","['85123A', '22423', '85099B', '47566', '84879']",3,1
14390,6,57,"['85099F', '21479', '22835', '84997A', '22384']","['85123A', '22423', '85099B', '47566', '84879']",5,3
14395,8,50,"['22505', '22112', '21485', '22173', '22507']","['85123A', '22423', '85099B', '47566', '84879']",5,0
14397,15,10,"['23144', '22178', '84946', '82484', '22478']","['85123A', '22423', '85099B', '47566', '84879']",4,0
14401,12,25,"['82483', '82486', '82494L', '82482', '21158']","['85123A', '22423', '85099B', '47566', '84879']",0,0
14408,6,8,"['21175', '85152', '21166', '21165', '21181']","['85123A', '22423', '85099B', '47566', '84879']",3,0
14415,11,110,"['22867', '22112', '22111', '20685', '85123A']","['85123A', '22423', '85099B', '47566', '84879']",5,2
14416,1,3,"['23084', '21136', '84879', '23201', '22584']","['85123A', '22423', '85099B', '47566', '84879']",1,0
14418,1,103,"['22095', '22467', '22326', '22457', '21791']","['85123A', '22423', '85099B', '47566', '84879']",5,0
14419,5,46,"['22727', '22728', '22726', '22557', '22554']","['85123A', '22423', '85099B', '47566', '84879']",5,0
14422,4,33,"['22112', '23355', '22111', '21485', '23301']","['85123A', '22423', '85099B', '47566', '84879']",5,0
14426,8,23,"['20970', '20969', '84946', '22274', '22271']","['85123A', '22423', '85099B', '47566', '84879']",5,0
14428,4,13,"['22720', '22722', '22666', '22507', '21257']","['85123A', '22423', '85099B', '47566', '84879']",3,0
14432,4,102,"['22766', '82494L', '82482', '23439', '22632']","['85123A', '22423', '85099B', '47566', '84879']",5,1
14434,5,2,"['23355', '23284', '23301', '21108', '21110']","['85123A', '22423', '85099B', '47566', '84879']",2,0
14440,4,9,"['82494L', '82482', '21754', '22457', '21755']","['85123A', '22423', '85099B', '47566', '84879']",4,0
14441,3,9,"['23355', '22112', '84029G', '22413', '23322']","['85123A', '22423', '85099B', '47566', '84879']",3,0
14446,3,61,"['23318', '23319', '23343', '23349', '23353']","['85123A', '22423', '85099B', '47566', '84879']",5,1
14447,4,14,"['23254', '22748', '20728', '23256', '22745']","['85123A', '22423', '85099B', '47566', '84879']",5,0
14448,1,2,"['22470', '22457', '20978', '85014A', '85123A']","['85123A', '22423', '85099B', '47566', '84879']",2,1
14449,3,46,"['23083', '22210', '23082', '22197', '20971']","['85123A', '22423', '85099B', '47566', '84879']",5,1
14452,1,29,"['22098', '84997B', '23300', '84997C', '84997D']","['85123A', '22423', '85099B', '47566', '84879']",5,0
14456,7,204,"['23203', '23202', '23199', '23321', '22557']","['85123A', '22423', '85099B', '47566', '84879']",4,3
14467,2,40,"['20972', '23321', '20971', '22568', '23333']","['85123A', '22423', '85099B', '47566', '84879']",5,1
14470,1,8,"['22086', '84879', '22114', '23355', '23242']","['85123A', '22423', '85099B', '47566', '84879']",4,1
14477,3,3,"['23344', '23343', '85099C', '23199', '85099F']","['85123A', '22423', '85099B', '47566', '84879']",3,0
14482,5,11,"['22577', '22579', '22197', '22578', '85099B']","['85123A', '22423', '85099B', '47566', '84879']",5,1
14487,5,19,"['84946', '21314', '22698', '22867', '22866']","['85123A', '22423', '85099B', '47566', '84879']",2,0
14493,3,43,"['22086', '22727', '22865', '22726', '21791']","['85123A', '22423', '85099B', '47566', '84879']",5,1
14499,2,97,"['20728', '22993', '23332', '22557', '22554']","['85123A', '22423', '85099B', '47566', '84879']",5,1
14502,10,80,"['22469', '82494L', '22666', '22156', '22077']","['85123A', '22423', '85099B', '47566', '84879']",3,1
14503,2,61,"['22726', '22086', '22910', '22727', '22139']","['85123A', '22423', '85099B', '47566', '84879']",5,1
14505,7,113,"['22867', '23439', '82552', '22555', '23332']","['85123A', '22423', '85099B', '47566', '84879']",5,2
14506,4,65,"['22737', '22739', '22273', '22738', '22749']","['85123A', '22423', '85099B', '47566', '84879']",5,0
14507,5,1,"['23356', '85123A', '22300', '22301', '22302']","['85123A', '22423', '85099B', '47566', '84879']",1,0
14508,1,30,"['23354', '23353', '23350', '23349', '23084']","['85123A', '22423', '85099B', '47566', '84879']",5,0
14511,4,19,"['23029', '23396', '23395', '22916', '22918']","['85123A', '22423', '85099B', '47566', '84879']",5,0
14515,3,32,"['23203', '84879', '22178', '85099B', '21136']","['85123A', '22423', '85099B', '47566', '84879']",5,2
14520,1,3,"['85099B', '22197', '20685', '22423', '23284']","['85123A', '22423', '85099B', '47566', '84879']",3,1
14522,3,1,"['35970', '23283', '48138', '22457', '84947']","['85123A', '22423', '85099B', '47566', '84879']",1,0
14525,8,63,"['85123A', '84949', '22158', '22792', '84946']","['85123A', '22423', '85099B', '47566', '84879']",5,1
14527,49,101,"['22112', '22795', '82484', '48194', '71053']","['85123A', '22423', '85099B', '47566', '84879']",4,1
14530,5,27,"['82483', '22189', '82486', '22170', '82482']","['85123A', '22423', '85099B', '47566', '84879']",3,0
14533,6,5,"['22326', '23209', '23328', '22138', '21891']","['85123A', '22423', '85099B', '47566', '84879']",1,0
14534,15,52,"['23200', '22992', '23202', '23203', '22991']","['85123A', '22423', '85099B', '47566', '84879']",5,2
14539,1,25,"['35970', '21791', '21914', '22142', '22489']","['85123A', '22423', '85099B', '47566', '84879']",5,0
14540,2,15,"['84347', '23320', '23328', '21485', '22690']","['85123A', '22423', '85099B', '47566', '84879']",5,0
14543,15,1,"['22722', '22666', '22960', '21843', '22624']","['85123A', '22423', '85099B', '47566', '84879']",1,0
14544,1,57,"['21584', '22639', '22586', '22587', '20750']","['85123A', '22423', '85099B', '47566', '84879']",5,0
14546,4,70,"['22555', '22866', '22553', '22766', '23355']","['85123A', '22423', '85099B', '47566', '84879']",4,1
14547,2,154,"['22694', '23439', '21929', '21908', '22865']","['85123A', '22423', '85099B', '47566', '84879']",5,3
14550,1,19,"['23189', '23083', '23109', '21121', '23320']","['85123A', '22423', '85099B', '47566', '84879']",3,0
14551,1,3,"['22791', '84946', '23012', '23298', '23118']","['85123A', '22423', '85099B', '47566', '84879']",3,0
14553,4,33,"['23328', '23320', '22197', '23100', '23247']","['85123A', '22423', '85099B', '47566', '84879']",4,0
14554,1,118,"['21327', '21329', '22141', '22910', '22632']","['85123A', '22423', '85099B', '47566', '84879']",5,2
14560,20,5,"['22776', '23307', '84991', '22720', '21977']","['85123A', '22423', '85099B', '47566', '84879']",3,0
14562,14,55,"['22667', '22141', '23301', '84030E', '22918']","['85123A', '22423', '85099B', '47566', '84879']",5,1
14572,6,4,"['22423', '23245', '21559', '22654', '23238']","['85123A', '22423', '85099B', '47566', '84879']",1,1
14577,3,33,"['21907', '22112', '22111', '22866', '21175']","['85123A', '22423', '85099B', '47566', '84879']",5,0
14583,4,83,"['20727', '22197', '21559', '22600', '22601']","['85123A', '22423', '85099B', '47566', '84879']",5,0
14587,8,20,"['20728', '84997D', '21559', '21733', '22384']","['85123A', '22423', '85099B', '47566', '84879']",5,1
14591,1,114,"['22629', '85099C', '22630', '23202', '21931']","['85123A', '22423', '85099B', '47566', '84879']",5,1
14593,2,82,"['23202', '23199', '23208', '23203', '23300']","['85123A', '22423', '85099B', '47566', '84879']",5,0
14594,1,20,"['22470', '22173', '21523', '22457', '85123A']","['85123A', '22423', '85099B', '47566', '84879']",4,1
14595,4,8,"['22197', '23332', '84378', '23082', '22966']","['85123A', '22423', '85099B', '47566', '84879']",3,0
14597,1,42,"['23301', '23300', '22907', '21930', '22174']","['85123A', '22423', '85099B', '47566', '84879']",5,0
14606,85,208,"['22348', '20718', '22697', '20972', '22563']","['85123A', '22423', '85099B', '47566', '84879']",4,1
14607,11,17,"['22356', '23204', '85099B', '21931', '20724']","['85123A', '22423', '85099B', '47566', '84879']",5,1
14608,3,6,"['23355', '22111', '22114', '84029E', '22112']","['85123A', '22423', '85099B', '47566', '84879']",5,0
14618,1,8,"['22791', '22800', '22792', '22801', '22464']","['85123A', '22423', '85099B', '47566', '84879']",5,0
14621,4,16,"['22865', '23344', '22867', '22114', '23351']","['85123A', '22423', '85099B', '47566', '84879']",5,0
14626,3,27,"['23343', '22698', '22697', '22699', '23084']","['85123A', '22423', '85099B', '47566', '84879']",5,0
14629,1,66,"['22867', '23355', '22866', '22577', '23439']","['85123A', '22423', '85099B', '47566', '84879']",5,1
14640,5,18,"['22138', '22423', '23322', '22698', '22617']","['85123A', '22423', '85099B', '47566', '84879']",2,0
14646,65,140,"['20712', '22326', '21559', '22553', '23245']","['85123A', '22423', '85099B', '47566', '84879']",3,2
14649,3,74,"['82482', '22766', '23493', '23344', '22158']","['85123A', '22423', '85099B', '47566', '84879']",5,2
14653,4,68,"['23439', '22865', '23012', '23332', '23013']","['85123A', '22423', '85099B', '47566', '84879']",4,1
14655,2,20,"['23355', '21485', '22633', '21928', '22632']","['85123A', '22423', '85099B', '47566', '84879']",5,2
14657,3,31,"['84380', '22964', '84378', '22666', '21124']","['85123A', '22423', '85099B', '47566', '84879']",5,0
14658,1,15,"['82486', '22175', '22941', '48187', '23298']","['85123A', '22423', '85099B', '47566', '84879']",4,0
14659,8,22,"['23209', '22112', '22384', '22114', '23203']","['85123A', '22423', '85099B', '47566', '84879']",4,1
14662,3,69,"['22910', '22556', '23349', '23351', '23355']","['85123A', '22423', '85099B', '47566', '84879']",5,0
14664,1,32,"['23264', '22694', '23265', '23321', '23322']","['85123A', '22423', '85099B', '47566', '84879']",5,0
14667,22,71,"['84879', '85099B', '21172', '23300', '23301']","['85123A', '22423', '85099B', '47566', '84879']",5,2
14673,2,23,"['22865', '22114', '23084', '22178', '23355']","['85123A', '22423', '85099B', '47566', '84879']",5,0
14680,15,7,"['22386', '85099C', '85099B', '20712', '22384']","['85123A', '22423', '85099B', '47566', '84879']",2,0
14684,4,82,"['23439', '22867', '22754', '22562', '22271']","['85123A', '22423', '85099B', '47566', '84879']",5,0
14688,19,46,"['22379', '79321', '21770', '22381', '21900']","['85123A', '22423', '85099B', '47566', '84879']",4,0
14696,6,20,"['82484', '22909', '85099C', '84375', '23319']","['85123A', '22423', '85099B', '47566', '84879']",3,0
14698,2,99,"['23321', '82494L', '22138', '82482', '23292']","['85123A', '22423', '85099B', '47566', '84879']",5,0
14701,7,90,"['23266', '22733', '23320', '23354', '22734']","['85123A', '22423', '85099B', '47566', '84879']",5,0
14702,14,43,"['23313', '22086', '22722', '23296', '22144']","['85123A', '22423', '85099B', '47566', '84879']",3,0
14704,6,91,"['82494L', '82482', '22733', '22732', '23321']","['85123A', '22423', '85099B', '47566', '84879']",3,1
14708,2,14,"['22622', '21137', '23084', '23188', '84879']","['85123A', '22423', '85099B', '47566', '84879']",4,1
14709,12,10,"['23203', '23199', '22386', '85099B', '23202']","['85123A', '22423', '85099B', '47566', '84879']",4,1
14710,2,69,"['23240', '23084', '23322', '23344', '21591']","['85123A', '22423', '85099B', '47566', '84879']",4,0
14711,9,67,"['23300', '84792', '82583', '23184', '22507']","['85123A', '22423', '85099B', '47566', '84879']",1,2
14713,10,16,"['82484', '22113', '22633', '23300', '22111']","['85123A', '22423', '85099B', '47566', '84879']",5,0
14715,3,22,"['82552', '82551', '71053', '23298', '47566']","['85123A', '22423', '85099B', '47566', '84879']",5,1
14719,3,82,"['22557', '22551', '22556', '22086', '22865']","['85123A', '22423', '85099B', '47566', '84879']",5,1
14720,2,15,"['22617', '20750', '22467', '23254', '22138']","['85123A', '22423', '85099B', '47566', '84879']",3,0
14723,5,51,"['85123A', '22411', '84879', '22866', '22197']","['85123A', '22423', '85099B', '47566', '84879']",3,2
14730,7,59,"['22326', '21929', '22630', '23290', '23345']","['85123A', '22423', '85099B', '47566', '84879']",5,0
14732,7,18,"['22171', '23084', '22169', '22077', '21314']","['85123A', '22423', '85099B', '47566', '84879']",3,0
14733,11,12,"['22720', '82484', '47566', '22469', '85123A']","['85123A', '22423', '85099B', '47566', '84879']",3,1
14735,26,34,"['22727', '20914', '22726', '22730', '22728']","['85123A', '22423', '85099B', '47566', '84879']",5,0
14737,2,2,"['22086', '22910', '21621', '22083', '22090']","['85123A', '22423', '85099B', '47566', '84879']",0,0
14739,5,13,"['22910', '22086', '21791', '21790', '48138']","['85123A', '22423', '85099B', '47566', '84879']",4,0
14741,5,10,"['22457', '23298', '84832', '22792', '84946']","['85123A', '22423', '85099B', '47566', '84879']",5,0
14744,6,4,"['22384', '21122', '20725', '20685', '22558']","['85123A', '22423', '85099B', '47566', '84879']",1,0
14755,9,50,"['22507', '23298', '23355', '22139', '22112']","['85123A', '22423', '85099B', '47566', '84879']",5,3
14759,2,50,"['22111', '21533', '23355', '82484', '22507']","['85123A', '22423', '85099B', '47566', '84879']",5,0
14766,5,21,"['22086', '23082', '22083', '23083', '22960']","['85123A', '22423', '85099B', '47566', '84879']",5,0
14768,1,1,"['22138', '21452', '21481', '22619', '22578']","['85123A', '22423', '85099B', '47566', '84879']",1,0
14769,7,24,"['22960', '23295', '22722', '21121', '22138']","['85123A', '22423', '85099B', '47566', '84879']",4,1
14784,1,11,"['22578', '84879', '22577', '35970', '23330']","['85123A', '22423', '85099B', '47566', '84879']",4,0
14790,2,17,"['22383', '20727', '20719', '20726', '20725']","['85123A', '22423', '85099B', '47566', '84879']",5,0
14794,5,30,"['23344', '21535', '23202', '22725', '22727']","['85123A', '22423', '85099B', '47566', '84879']",4,0
14796,15,121,"['22900', '37448', '47559B', '84992', '84596F']","['85123A', '22423', '85099B', '47566', '84879']",5,1
14805,2,11,"['48138', '48187', '21523', '23284', '21524']","['85123A', '22423', '85099B', '47566', '84879']",4,0
14820,3,6,"['22086', '21137', '79321', '84836', '22457']","['85123A', '22423', '85099B', '47566', '84879']",3,0
14824,3,7,"['23203', '22694', '85099C', '22470', '22386']","['85123A', '22423', '85099B', '47566', '84879']",4,1
14825,9,23,"['21733', '23202', '23203', '23199', '84879']","['85123A', '22423', '85099B', '47566', '84879']",4,2
14834,4,11,"['22910', '22086', '22197', '23082', '23083']","['85123A', '22423', '85099B', '47566', '84879']",2,0
14836,1,2,"['22992', '22561', '21888', '22423', '22138']","['85123A', '22423', '85099B', '47566', '84879']",1,0
14849,23,31,"['21977', '22961', '84879', '21975', '21122']","['85123A', '22423', '85099B', '47566', '84879']",5,1
14851,1,14,"['22865', '22086', '22209', '23503', '22991']","['85123A', '22423', '85099B', '47566', '84879']",5,0
14853,1,6,"['22423', '22941', '23089', '23175', '22739']","['85123A', '22423', '85099B', '47566', '84879']",3,1
14859,2,15,"['21929', '22867', '22411', '23203', '22866']","['85123A', '22423', '85099B', '47566', '84879']",5,1
14862,1,27,"['85048', '22142', '23354', '23311', '23320']","['85123A', '22423', '85099B', '47566', '84879']",5,0
14865,1,1,"['15036', '40016', '23407', '72232', '22578']","['85123A', '22423', '85099B', '47566', '84879']",0,0
14866,10,5,"['23168', '22193', '22722', '22993', '23318']","['85123A', '22423', '85099B', '47566', '84879']",5,0
14868,6,23,"['23084', '22865', '22835', '22557', '22867']","['85123A', '22423', '85099B', '47566', '84879']",5,0
14869,1,21,"['82483', '84946', '82484', '23208', '23396']","['85123A', '22423', '85099B', '47566', '84879']",3,0
14871,3,34,"['22112', '22554', '82483', '22111', '22556']","['85123A', '22423', '85099B', '47566', '84879']",5,0
14878,8,9,"['22139', '22900', '22891', '23301', '23284']","['85123A', '22423', '85099B', '47566', '84879']",4,0
14882,1,5,"['85048', '22158', '22423', '23173', '22469']","['85123A', '22423', '85099B', '47566', '84879']",2,0
14883,5,6,"['20724', '84879', '22355', '23203', '20719']","['85123A', '22423', '85099B', '47566', '84879']",3,1
14895,17,46,"['22748', '21166', '23198', '22698', '84375']","['85123A', '22423', '85099B', '47566', '84879']",5,0
14897,3,18,"['22193', '22192', '22191', '23342', '22771']","['85123A', '22423', '85099B', '47566', '84879']",5,0
14898,5,34,"['84879', '22727', '22795', '22138', '21034']","['85123A', '22423', '85099B', '47566', '84879']",5,1
14901,8,14,"['22086', '22909', '22960', '23356', '23301']","['85123A', '22423', '85099B', '47566', '84879']",3,0
14903,4,60,"['21908', '85150', '22488', '21907', '22867']","['85123A', '22423', '85099B', '47566', '84879']",4,0
14907,5,29,"['22865', '22114', '22111', '84879', '22835']","['85123A', '22423', '85099B', '47566', '84879']",5,2
14910,2,9,"['23335', '23301', '22776', '22457', '22588']","['85123A', '22423', '85099B', '47566', '84879']",2,0
14911,166,623,"['23201', '22139', '22993', '22622', '22625']","['85123A', '22423', '85099B', '47566', '84879']",5,4
14912,1,13,"['51014C', '51014L', '51014A', '22690', '21169']","['85123A', '22423', '85099B', '47566', '84879']",5,0
14931,3,13,"['22086', '23264', '23313', '23355', '23266']","['85123A', '22423', '85099B', '47566', '84879']",5,0
14948,5,12,"['22666', '23295', '23293', '23296', '23294']","['85123A', '22423', '85099B', '47566', '84879']",1,0
14960,1,21,"['22578', '21533', '23103', '22791', '21535']","['85123A', '22423', '85099B', '47566', '84879']",5,0
14961,8,38,"['22699', '20914', '22910', '22086', '23344']","['85123A', '22423', '85099B', '47566', '84879']",4,0
14963,3,55,"['23321', '23084', '23206', '23240', '22384']","['85123A', '22423', '85099B', '47566', '84879']",5,0
14984,1,23,"['22197', '48194', '48184', '82494L', '23132']","['85123A', '22423', '85099B', '47566', '84879']",5,0
14987,1,2,"['21733', '85123A', '22578', '72741', '22197']","['85123A', '22423', '85099B', '47566', '84879']",2,1
15005,26,66,"['23301', '22197', '23204', '20723', '23300']","['85123A', '22423', '85099B', '47566', '84879']",4,1
15021,6,79,"['21733', '23321', '82494L', '22766', '82483']","['85123A', '22423', '85099B', '47566', '84879']",5,1
15022,1,69,"['22111', '22114', '22112', '22113', '23322']","['85123A', '22423', '85099B', '47566', '84879']",4,0
15023,10,70,"['20685', '48138', '23284', '48194', '22692']","['85123A', '22423', '85099B', '47566', '84879']",4,0
15024,8,28,"['22083', '22910', '22086', '22555', '84879']","['85123A', '22423', '85099B', '47566', '84879']",5,1
15028,3,5,"['22633', '22900', '21866', '21891', '22091']","['85123A', '22423', '85099B', '47566', '84879']",2,0
15031,3,32,"['22698', '22697', '22551', '22554', '23240']","['85123A', '22423', '85099B', '47566', '84879']",4,1
15033,8,90,"['22620', '21891', '23197', '22367', '23300']","['85123A', '22423', '85099B', '47566', '84879']",5,0
15034,6,103,"['22727', '22726', '21733', '22730', '23344']","['85123A', '22423', '85099B', '47566', '84879']",5,1
15039,44,55,"['21428', '71053', '22384', '20727', '47599B']","['85123A', '22423', '85099B', '47566', '84879']",5,0
15044,16,60,"['82484', '22633', '82494L', '22866', '82482']","['85123A', '22423', '85099B', '47566', '84879']",3,1
15046,14,13,"['84879', '23131', '23103', '22158', '23322']","['85123A', '22423', '85099B', '47566', '84879']",1,0
15050,2,20,"['84879', '23328', '85123A', '22111', '22113']","['85123A', '22423', '85099B', '47566', '84879']",2,1
15051,2,34,"['23355', '22113', '23321', '22632', '23322']","['85123A', '22423', '85099B', '47566', '84879']",3,0
15053,2,28,"['20981', '20982', '22992', '22610', '23354']","['85123A', '22423', '85099B', '47566', '84879']",5,0
15054,1,47,"['22810', '22809', '84347', '23319', '22633']","['85123A', '22423', '85099B', '47566', '84879']",5,0
15058,9,66,"['22141', '22144', '15056N', '22142', '15056BL']","['85123A', '22423', '85099B', '47566', '84879']",5,0
15061,45,23,"['22630', '22328', '22629', '48187', '20719']","['85123A', '22423', '85099B', '47566', '84879']",4,1
15073,2,10,"['79321', '85014B', '23298', '23313', '23108']","['85123A', '22423', '85099B', '47566', '84879']",4,0
15078,28,40,"['23201', '21931', '23203', '20711', '22379']","['85123A', '22423', '85099B', '47566', '84879']",5,1
15081,4,6,"['85123A', '84970S', '23321', '85048', '84970L']","['85123A', '22423', '85099B', '47566', '84879']",3,1
15088,1,17,"['22113', '22114', '22557', '21754', '48187']","['85123A', '22423', '85099B', '47566', '84879']",5,1
15089,4,15,"['22916', '22918', '22917', '22919', '22835']","['85123A', '22423', '85099B', '47566', '84879']",5,0
15093,5,12,"['22682', '20685', '21754', '22681', '84879']","['85123A', '22423', '85099B', '47566', '84879']",4,1
15101,1,4,"['84949', '15056N', '21326', '22792', '21463']","['85123A', '22423', '85099B', '47566', '84879']",4,0
15105,4,18,"['22568', '22750', '22749', '22940', '23108']","['85123A', '22423', '85099B', '47566', '84879']",2,0
15106,4,9,"['22577', '22909', '23311', '22138', '22578']","['85123A', '22423', '85099B', '47566', '84879']",4,0
15110,3,8,"['22726', '22727', '22193', '22192', '22114']","['85123A', '22423', '85099B', '47566', '84879']",5,0
15113,1,25,"['22551', '22555', '21733', '22961', '21790']","['85123A', '22423', '85099B', '47566', '84879']",4,1
15116,3,9,"['21535', '21531', '84997B', '23162', '22138']","['85123A', '22423', '85099B', '47566', '84879']",2,0
15117,3,11,"['20725', '85099B', '23209', '22113', '22750']","['85123A', '22423', '85099B', '47566', '84879']",3,0
15123,1,53,"['22326', '84879', '22727', '22423', '21754']","['85123A', '22423', '85099B', '47566', '84879']",5,2
15124,1,6,"['22577', '22578', '22595', '22961', '23397']","['85123A', '22423', '85099B', '47566', '84879']",5,0
15125,14,2,"['23203', '23108', '20718', '22846', '85099B']","['85123A', '22423', '85099B', '47566', '84879']",1,0
15132,4,1,"['22910', '22865', '22138', '22866', '21485']","['85123A', '22423', '85099B', '47566', '84879']",1,0
15134,7,5,"['85123A', '71477', '22139', '71459', '22493']","['85123A', '22423', '85099B', '47566', '84879']",2,1
15136,1,37,"['23344', '22557', '20725', '23300', '85099B']","['85123A', '22423', '85099B', '47566', '84879']",4,1
15144,15,35,"['22726', '23199', '22112', '23202', '22727']","['85123A', '22423', '85099B', '47566', '84879']",4,1
15145,3,8,"['22193', '22910', '22759', '21844', '22568']","['85123A', '22423', '85099B', '47566', '84879']",0,0
15150,9,20,"['22910', '22086', '23319', '82484', '23108']","['85123A', '22423', '85099B', '47566', '84879']",4,0
15152,10,67,"['84946', '22966', '22573', '23202', '22574']","['85123A', '22423', '85099B', '47566', '84879']",4,0
15156,1,32,"['22916', '22918', '22917', '22919', '21791']","['85123A', '22423', '85099B', '47566', '84879']",5,0
15157,2,36,"['22799', '22119', '22500', '22215', '22807']","['85123A', '22423', '85099B', '47566', '84879']",5,0
15159,26,100,"['22697', '23208', '23209', '23207', '22699']","['85123A', '22423', '85099B', '47566', '84879']",4,3
15163,1,19,"['22734', '23313', '23320', '47566', '22469']","['85123A', '22423', '85099B', '47566', '84879']",4,0
15172,4,26,"['23209', '22728', '20727', '23203', '22727']","['85123A', '22423', '85099B', '47566', '84879']",2,0
15179,4,34,"['23351', '23349', '23350', '47590B', '23203']","['85123A', '22423', '85099B', '47566', '84879']",4,1
15186,1,9,"['22079', '22082', '22297', '84029E', '21485']","['85123A', '22423', '85099B', '47566', '84879']",4,0
15187,10,28,"['23109', '22622', '22630', '23312', '21929']","['85123A', '22423', '85099B', '47566', '84879']",5,0
15189,35,16,"['22699', '22697', '22698', '22139', '84978']","['85123A', '22423', '85099B', '47566', '84879']",2,0
15194,14,26,"['22156', '84978', '22386', '22749', '84879']","['85123A', '22423', '85099B', '47566', '84879']",2,0
15197,2,17,"['22178', '84347', '21498', '84945', '84879']","['85123A', '22423', '85099B', '47566', '84879']",5,1
15203,5,24,"['23204', '22356', '23208', '20719', '20725']","['85123A', '22423', '85099B', '47566', '84879']",4,0
15206,3,3,"['22697', '22698', '22699', '23503', '35970']","['85123A', '22423', '85099B', '47566', '84879']",3,0
15208,4,9,"['23080', '21535', '21533', '22619', '21217']","['85123A', '22423', '85099B', '47566', '84879']",5,0
15214,5,28,"['23311', '22596', '84879', '23247', '22866']","['85123A', '22423', '85099B', '47566', '84879']",1,0
15218,10,17,"['21930', '85123A', '85099C', '85099B', '23203']","['85123A', '22423', '85099B', '47566', '84879']",2,1
15237,3,7,"['84879', '23206', '22964', '23240', '23293']","['85123A', '22423', '85099B', '47566', '84879']",1,0
15239,1,19,"['82494L', '82482', '22960', '22144', '22138']","['85123A', '22423', '85099B', '47566', '84879']",2,0
15251,10,3,"['22457', '22952', '23209', '23191', '23245']","['85123A', '22423', '85099B', '47566', '84879']",0,0
15253,3,15,"['22077', '22578', '22577', '23298', '85123A']","['85123A', '22423', '85099B', '47566', '84879']",2,0
15267,4,2,"['22144', '84347', '23194', '22311', '22138']","['85123A', '22423', '85099B', '47566', '84879']",0,0
15270,5,3,"['75049L', '22156', '85123A', '22457', '20725']","['85123A', '22423', '85099B', '47566', '84879']",2,0
15271,13,24,"['22554', '22865', '22909', '85123A', '23300']","['85123A', '22423', '85099B', '47566', '84879']",4,1
15287,1,5,"['85014A', '85014B', '21479', '20727', '23002']","['85123A', '22423', '85099B', '47566', '84879']",3,0
15290,15,28,"['22699', '22568', '22077', '22302', '22423']","['85123A', '22423', '85099B', '47566', '84879']",0,0
15291,14,7,"['21754', '82486', '84406B', '48188', '22579']","['85123A', '22423', '85099B', '47566', '84879']",1,0
15297,2,16,"['23012', '23013', '23014', '22362', '22361']","['85123A', '22423', '85099B', '47566', '84879']",4,0
15298,9,40,"['79321', '23344', '23202', '20914', '22661']","['85123A', '22423', '85099B', '47566', '84879']",3,1
15311,81,178,"['22678', '84997A', '21989', '22683', '21439']","['85123A', '22423', '85099B', '47566', '84879']",3,1
15344,2,3,"['82486', '85066', '23426', '48194', '21754']","['85123A', '22423', '85099B', '47566', '84879']",2,0
15351,6,63,"['23084', '22662', '23126', '20970', '23080']","['85123A', '22423', '85099B', '47566', '84879']",4,0
15358,20,56,"['23295', '22077', '22082', '85049E', '23294']","['85123A', '22423', '85099B', '47566', '84879']",5,0
15365,4,20,"['23351', '23350', '22144', '23319', '85049A']","['85123A', '22423', '85099B', '47566', '84879']",5,0
15373,9,21,"['22698', '22835', '22191', '22113', '22699']","['85123A', '22423', '85099B', '47566', '84879']",4,1
15380,4,6,"['22193', '22727', '22726', '22728', '23316']","['85123A', '22423', '85099B', '47566', '84879']",4,0
15382,5,56,"['20914', '22630', '23209', '79321', '23205']","['85123A', '22423', '85099B', '47566', '84879']",5,0
15392,3,15,"['84347', '22909', '85199S', '22587', '22303']","['85123A', '22423', '85099B', '47566', '84879']",4,0
15393,1,4,"['72351B', '72351A', '72349B', '84879', '21314']","['85123A', '22423', '85099B', '47566', '84879']",4,1
15394,3,14,"['23199', '21929', '23202', '85099C', '23203']","['85123A', '22423', '85099B', '47566', '84879']",5,2
15398,1,38,"['23240', '23355', '22720', '20728', '22666']","['85123A', '22423', '85099B', '47566', '84879']",4,1
15399,1,34,"['22910', '23206', '22086', '20726', '23301']","['85123A', '22423', '85099B', '47566', '84879']",4,0
15411,3,42,"['21754', '22457', '85099C', '22508', '22910']","['85123A', '22423', '85099B', '47566', '84879']",2,1
15414,2,18,"['22274', '23084', '23080', '20971', '22271']","['85123A', '22423', '85099B', '47566', '84879']",4,0
15426,4,85,"['23393', '21158', '23396', '23321', '23395']","['85123A', '22423', '85099B', '47566', '84879']",3,1
15429,1,35,"['20972', '20971', '22086', '22577', '22621']","['85123A', '22423', '85099B', '47566', '84879']",5,0
15434,4,8,"['23355', '22835', '22112', '22111', '22113']","['85123A', '22423', '85099B', '47566', '84879']",3,0
15436,2,70,"['22722', '22865', '22727', '22866', '22554']","['85123A', '22423', '85099B', '47566', '84879']",5,0
15443,4,128,"['23301', '23355', '22730', '23351', '22835']","['85123A', '22423', '85099B', '47566', '84879']",5,0
15444,1,145,"['22722', '82494L', '21993', '22274', '82482']","['85123A', '22423', '85099B', '47566', '84879']",5,3
15449,2,20,"['22139', '21889', '22867', '22138', '84375']","['85123A', '22423', '85099B', '47566', '84879']",5,0
15453,6,30,"['23301', '82494L', '82482', '22766', '84836']","['85123A', '22423', '85099B', '47566', '84879']",3,1
15465,17,9,"['21523', '21430', '48185', '21524', '22423']","['85123A', '22423', '85099B', '47566', '84879']",3,1
15467,2,13,"['23212', '22594', '22593', '22178', '23213']","['85123A', '22423', '85099B', '47566', '84879']",5,0
15473,5,2,"['22910', '22086', '22158', '23131', '21108']","['85123A', '22423', '85099B', '47566', '84879']",2,0
15482,8,26,"['22173', '22423', '22114', '82482', '82494L']","['85123A', '22423', '85099B', '47566', '84879']",4,1
15484,2,55,"['22970', '22971', '79321', '22411', '23238']","['85123A', '22423', '85099B', '47566', '84879']",5,1
15489,2,9,"['23251', '23252', '23250', '21889', '22561']","['85123A', '22423', '85099B', '47566', '84879']",5,0
15492,1,7,"['22992', '22560', '23188', '22561', '22734']","['85123A', '22423', '85099B', '47566', '84879']",3,0
15494,1,34,"['22734', '22910', '23108', '23313', '21889']","['85123A', '22423', '85099B', '47566', '84879']",4,0
15497,1,5,"['82483', '82486', '22423', '82482', '82494L']","['85123A', '22423', '85099B', '47566', '84879']",2,0
15498,25,55,"['23284', '48194', '22457', '21524', '20963']","['85123A', '22423', '85099B', '47566', '84879']",4,2
15500,1,49,"['23351', '23349', '23367', '22800', '23350']","['85123A', '22423', '85099B', '47566', '84879']",5,1
15502,10,23,"['22698', '23301', '23300', '22197', '22699']","['85123A', '22423', '85099B', '47566', '84879']",5,0
15506,2,72,"['22384', '20727', '20728', '22382', '23206']","['85123A', '22423', '85099B', '47566', '84879']",5,0
15511,4,23,"['22423', '82484', '48184', '22470', '23245']","['85123A', '22423', '85099B', '47566', '84879']",4,1
15514,8,32,"['22970', '22726', '22727', '22971', '22976']","['85123A', '22423', '85099B', '47566', '84879']",3,0
15525,1,97,"['22972', '21993', '21974', '84378', '23198']","['85123A', '22423', '85099B', '47566', '84879']",5,0
15527,7,37,"['23245', '20712', '22699', '22697', '23203']","['85123A', '22423', '85099B', '47566', '84879']",1,0
15529,10,71,"['23202', '22983', '20726', '22970', '47591D']","['85123A', '22423', '85099B', '47566', '84879']",4,0
15530,3,14,"['22900', '22865', '22745', '22910', '22895']","['85123A', '22423', '85099B', '47566', '84879']",3,0
15531,1,38,"['22728', '84596F', '22083', '20914', '21326']","['85123A', '22423', '85099B', '47566', '84879']",5,0
15532,3,50,"['22111', '22114', '23355', '22734', '23243']","['85123A', '22423', '85099B', '47566', '84879']",5,0
15533,2,39,"['23300', '22114', '22989', '21929', '22993']","['85123A', '22423', '85099B', '47566', '84879']",4,1
15544,7,54,"['20675', '21243', '84997A', '84997C', '84997B']","['85123A', '22423', '85099B', '47566', '84879']",5,0
15547,13,90,"['22970', '23323', '84347', '23103', '21592']","['85123A', '22423', '85099B', '47566', '84879']",5,0
15550,3,12,"['23245', '22178', '20828', '22662', '22383']","['85123A', '22423', '85099B', '47566', '84879']",3,1
15555,15,99,"['22558', '22996', '22556', '22382', '22999']","['85123A', '22423', '85099B', '47566', '84879']",5,0
15561,3,11,"['23282', '22620', '22992', '23280', '22607']","['85123A', '22423', '85099B', '47566', '84879']",4,0
15563,2,50,"['22748', '22745', '22898', '21495', '22746']","['85123A', '22423', '85099B', '47566', '84879']",5,1
15568,2,17,"['23355', '84029G', '22659', '22633', '22900']","['85123A', '22423', '85099B', '47566', '84879']",5,0
15570,10,19,"['22086', '22910', '23318', '23319', '23439']","['85123A', '22423', '85099B', '47566', '84879']",5,0
15571,2,9,"['21588', '23439', '23169', '23323', '21742']","['85123A', '22423', '85099B', '47566', '84879']",3,0
15572,4,63,"['23318', '22734', '23320', '23351', '23439']","['85123A', '22423', '85099B', '47566', '84879']",3,0
15582,2,8,"['22568', '22743', '22445', '22178', '22271']","['85123A', '22423', '85099B', '47566', '84879']",3,1
15584,3,29,"['21931', '85099C', '82482', '21929', '23202']","['85123A', '22423', '85099B', '47566', '84879']",4,1
15594,4,6,"['22112', '23355', '20983', '20982', '22111']","['85123A', '22423', '85099B', '47566', '84879']",3,0
15599,1,23,"['23245', '21977', '22962', '23493', '22027']","['85123A', '22423', '85099B', '47566', '84879']",5,0
15601,13,9,"['22865', '22328', '20914', '22727', '22722']","['85123A', '22423', '85099B', '47566', '84879']",4,1
15602,6,11,"['22178', '84946', '22464', '22457', '21811']","['85123A', '22423', '85099B', '47566', '84879']",4,0
15608,3,2,"['23310', '23245', '82486', '82483', '21889']","['85123A', '22423', '85099B', '47566', '84879']",1,0
15611,11,9,"['21481', '22423', '23356', '22941', '22144']","['85123A', '22423', '85099B', '47566', '84879']",4,0
15615,22,32,"['23199', '85099C', '23344', '23343', '22386']","['85123A', '22423', '85099B', '47566', '84879']",5,3
15628,7,23,"['82494L', '23322', '22470', '22138', '23284']","['85123A', '22423', '85099B', '47566', '84879']",5,0
15632,7,14,"['22726', '22727', '22621', '82552', '20975']","['85123A', '22423', '85099B', '47566', '84879']",4,0
15640,13,57,"['23344', '22867', '22866', '23343', '22988']","['85123A', '22423', '85099B', '47566', '84879']",5,2
15660,7,18,"['23209', '84946', '22383', '84945', '20728']","['85123A', '22423', '85099B', '47566', '84879']",5,1
15671,5,9,"['22595', '85150', '22086', '85152', '22578']","['85123A', '22423', '85099B', '47566', '84879']",3,0
15676,2,6,"['85048', '85123A', '22384', '23439', '22441']","['85123A', '22423', '85099B', '47566', '84879']",2,0
15679,3,4,"['21931', '22383', '22621', '22384', '21108']","['85123A', '22423', '85099B', '47566', '84879']",1,0
15680,2,15,"['84879', '21136', '23344', '22151', '23301']","['85123A', '22423', '85099B', '47566', '84879']",5,1
15681,3,14,"['84978', '23084', '22961', '22863', '20979']","['85123A', '22423', '85099B', '47566', '84879']",4,0
15687,6,35,"['23355', '22424', '23284', '22429', '22624']","['85123A', '22423', '85099B', '47566', '84879']",3,1
15690,1,11,"['23275', '22228', '22076', '22227', '23148']","['85123A', '22423', '85099B', '47566', '84879']",5,0
15694,11,15,"['22423', '22726', '21137', '20749', '22681']","['85123A', '22423', '85099B', '47566', '84879']",4,1
15701,3,29,"['22551', '22555', '22557', '23321', '23322']","['85123A', '22423', '85099B', '47566', '84879']",0,0
15712,4,11,"['22138', '84970S', '22470', '22457', '22178']","['85123A', '22423', '85099B', '47566', '84879']",3,1
15714,1,29,"['22818', '22816', '23068', '22894', '16169E']","['85123A', '22423', '85099B', '47566', '84879']",4,0
15727,6,39,"['22383', '23209', '22384', '23206', '22630']","['85123A', '22423', '85099B', '47566', '84879']",5,0
15737,6,6,"['22138', '22457', '22617', '22171', '23407']","['85123A', '22423', '85099B', '47566', '84879']",1,0
15738,15,12,"['22090', '21086', '21094', '21080', '22083']","['85123A', '22423', '85099B', '47566', '84879']",4,0
15743,3,23,"['82494L', '22666', '82482', '22170', '22508']","['85123A', '22423', '85099B', '47566', '84879']",5,1
15745,3,9,"['23355', '22112', '22111', '22835', '23245']","['85123A', '22423', '85099B', '47566', '84879']",2,0
15747,2,46,"['20728', '22662', '22383', '20727', '85099F']","['85123A', '22423', '85099B', '47566', '84879']",5,1
15750,6,38,"['22867', '23355', '22866', '22865', '22112']","['85123A', '22423', '85099B', '47566', '84879']",4,0
15755,5,15,"['85099B', '20914', '23203', '22171', '22666']","['85123A', '22423', '85099B', '47566', '84879']",4,1
15769,25,8,"['22385', '85099B', '22386', '20713', '23201']","['85123A', '22423', '85099B', '47566', '84879']",5,1
15781,2,9,"['23264', '23344', '23266', '23265', '22909']","['85123A', '22423', '85099B', '47566', '84879']",5,1
15782,2,9,"['22835', '22112', '22086', '22158', '23355']","['85123A', '22423', '85099B', '47566', '84879']",4,0
15787,1,106,"['23300', '22867', '22722', '22554', '22556']","['85123A', '22423', '85099B', '47566', '84879']",5,0
15793,2,4,"['84879', '85123A', '23084', '84946', '21314']","['85123A', '22423', '85099B', '47566', '84879']",3,2
15796,6,29,"['22698', '22697', '22699', '82494L', '22795']","['85123A', '22423', '85099B', '47566', '84879']",5,2
15804,10,31,"['22726', '84832', '23328', '22113', '23108']","['85123A', '22423', '85099B', '47566', '84879']",4,1
15805,16,9,"['22411', '47566', '85099F', '23201', '22727']","['85123A', '22423', '85099B', '47566', '84879']",3,1
15811,5,28,"['22734', '22865', '22086', '23344', '23355']","['85123A', '22423', '85099B', '47566', '84879']",3,0
15814,3,18,"['23202', '23293', '21975', '22910', '23296']","['85123A', '22423', '85099B', '47566', '84879']",4,0
15822,1,17,"['84949', '84947', '21385', '22178', '23323']","['85123A', '22423', '85099B', '47566', '84879']",5,0
15838,14,22,"['22632', '22637', '82482', '22866', '22633']","['85123A', '22423', '85099B', '47566', '84879']",5,1
15845,7,11,"['22568', '22144', '84879', '84946', '84978']","['85123A', '22423', '85099B', '47566', '84879']",3,1
15850,1,47,"['21890', '23395', '23396', '23210', '21891']","['85123A', '22423', '85099B', '47566', '84879']",5,0
15854,10,37,"['15056N', '20679', '15056BL', '85123A', '15056P']","['85123A', '22423', '85099B', '47566', '84879']",0,1
15856,21,89,"['82552', '23156', '82484', '21169', '79321']","['85123A', '22423', '85099B', '47566', '84879']",5,1
15858,4,33,"['22778', '23082', '21314', '20728', '22382']","['85123A', '22423', '85099B', '47566', '84879']",5,0
15861,4,178,"['23206', '23207', '23209', '20726', '20719']","['85123A', '22423', '85099B', '47566', '84879']",5,1
15862,3,47,"['23319', '22144', '23318', '22734', '21034']","['85123A', '22423', '85099B', '47566', '84879']",4,1
15863,1,16,"['22835', '22617', '23084', '23200', '23159']","['85123A', '22423', '85099B', '47566', '84879']",5,0
15864,4,3,"['22791', '84947', '22699', '22429', '23328']","['85123A', '22423', '85099B', '47566', '84879']",2,0
15867,13,70,"['23284', '21523', '21122', '20685', '48138']","['85123A', '22423', '85099B', '47566', '84879']",3,2
15883,1,29,"['72741', '21108', '23355', '23493', '84029E']","['85123A', '22423', '85099B', '47566', '84879']",4,1
15898,4,11,"['23201', '85099C', '22900', '85099F', '22386']","['85123A', '22423', '85099B', '47566', '84879']",4,1
15901,2,46,"['23264', '23265', '23266', '23351', '23245']","['85123A', '22423', '85099B', '47566', '84879']",4,0
15903,4,17,"['22111', '22114', '23355', '21485', '22835']","['85123A', '22423', '85099B', '47566', '84879']",4,1
15906,5,24,"['20754', '22698', '22139', '20751', '23493']","['85123A', '22423', '85099B', '47566', '84879']",3,0
15907,2,100,"['23300', '23343', '22867', '23301', '22866']","['85123A', '22423', '85099B', '47566', '84879']",5,1
15910,6,52,"['22142', '22087', '23103', '23293', '22596']","['85123A', '22423', '85099B', '47566', '84879']",5,0
15916,7,30,"['84029G', '23084', '22111', '22810', '22696']","['85123A', '22423', '85099B', '47566', '84879']",3,0
15919,1,72,"['20728', '22382', '23203', '22630', '22112']","['85123A', '22423', '85099B', '47566', '84879']",5,0
15932,7,20,"['22398', '47503A', '85123A', '22983', '47504K']","['85123A', '22423', '85099B', '47566', '84879']",2,1
15933,2,27,"['22138', '84879', '22139', '20725', '22457']","['85123A', '22423', '85099B', '47566', '84879']",3,2
15948,1,20,"['22083', '22086', '22141', '22144', '22734']","['85123A', '22423', '85099B', '47566', '84879']",4,0
15949,1,7,"['22737', '23129', '23130', '22739', '85199S']","['85123A', '22423', '85099B', '47566', '84879']",5,0
15951,1,19,"['22470', '22457', '22467', '82494L', '84755']","['85123A', '22423', '85099B', '47566', '84879']",5,1
15953,6,20,"['82494L', '84879', '82482', '85123A', '21136']","['85123A', '22423', '85099B', '47566', '84879']",4,2
15955,13,27,"['20728', '23209', '21929', '85099C', '22411']","['85123A', '22423', '85099B', '47566', '84879']",3,1
15963,1,10,"['23126', '84978', '84580', '84879', '23298']","['85123A', '22423', '85099B', '47566', '84879']",3,1
15965,3,13,"['21481', '23356', '85123A', '23318', '23322']","['85123A', '22423', '85099B', '47566', '84879']",5,1
15967,1,42,"['23103', '23439', '23101', '35970', '22139']","['85123A', '22423', '85099B', '47566', '84879']",5,0
15969,2,4,"['22762', '22763', '22193', '22192', '21754']","['85123A', '22423', '85099B', '47566', '84879']",2,0
15971,11,1,"['85099B', '22385', '22379', '21931', '47566']","['85123A', '22423', '85099B', '47566', '84879']",1,1
15977,1,36,"['84029E', '84029G', '22114', '84030E', '23321']","['85123A', '22423', '85099B', '47566', '84879']",5,0
15981,7,15,"['23202', '23203', '23201', '21975', '23207']","['85123A', '22423', '85099B', '47566', '84879']",4,0
15983,3,32,"['84879', '21914', '72800E', '22082', '22561']","['85123A', '22423', '85099B', '47566', '84879']",5,1
15984,8,45,"['22113', '22086', '22632', '22867', '22865']","['85123A', '22423', '85099B', '47566', '84879']",2,0
15987,6,50,"['21034', '22178', '23493', '23328', '22197']","['85123A', '22423', '85099B', '47566', '84879']",4,0
15993,3,147,"['22335', '22865', '21914', '22577', '22867']","['85123A', '22423', '85099B', '47566', '84879']",5,1
16005,2,104,"['20728', '20726', '23209', '22384', '22383']","['85123A', '22423', '85099B', '47566', '84879']",4,1
16008,2,16,"['20728', '20727', '20726', '22384', '22386']","['85123A', '22423', '85099B', '47566', '84879']",1,1
16009,3,1,"['23322', '23084', '22086', '22910', '37449']","['85123A', '22423', '85099B', '47566', '84879']",1,0
16011,15,14,"['22467', '22457', '22077', '84946', '22773']","['85123A', '22423', '85099B', '47566', '84879']",3,0
16013,42,19,"['22680', '22678', '22676', '22679', '79321']","['85123A', '22423', '85099B', '47566', '84879']",5,1
16015,1,86,"['21329', '20727', '20975', '22382', '21327']","['85123A', '22423', '85099B', '47566', '84879']",5,0
16016,6,49,"['22554', '22553', '23321', '23355', '23356']","['85123A', '22423', '85099B', '47566', '84879']",4,1
16020,1,20,"['23300', '23301', '22083', '22720', '22960']","['85123A', '22423', '85099B', '47566', '84879']",4,0
16033,19,73,"['22722', '23300', '22726', '22667', '21974']","['85123A', '22423', '85099B', '47566', '84879']",4,0
16038,2,3,"['15056P', '22138', '85123A', '22061', '22784']","['85123A', '22423', '85099B', '47566', '84879']",2,0
16042,4,20,"['22726', '22865', '22910', '23313', '22727']","['85123A', '22423', '85099B', '47566', '84879']",2,0
16057,6,38,"['22722', '21754', '22083', '22720', '22086']","['85123A', '22423', '85099B', '47566', '84879']",3,2
16062,3,16,"['22086', '22865', '23344', '23298', '22111']","['85123A', '22423', '85099B', '47566', '84879']",5,2
16066,4,21,"['23355', '22114', '22138', '22551', '23284']","['85123A', '22423', '85099B', '47566', '84879']",4,0
16070,1,14,"['22577', '22578', '22086', '23354', '23344']","['85123A', '22423', '85099B', '47566', '84879']",5,1
16076,8,13,"['22138', '22867', '23301', '22865', '22139']","['85123A', '22423', '85099B', '47566', '84879']",4,0
16079,1,9,"['23084', '22086', '22910', '22197', '22952']","['85123A', '22423', '85099B', '47566', '84879']",2,0
16085,4,41,"['22086', '21790', '22470', '22766', '22549']","['85123A', '22423', '85099B', '47566', '84879']",4,1
16094,3,13,"['22607', '22469', '22961', '22423', '35970']","['85123A', '22423', '85099B', '47566', '84879']",5,1
16103,5,1,"['23052', '22766', '23051', '85123A', '23050']","['85123A', '22423', '85099B', '47566', '84879']",1,0
16107,5,6,"['79321', '47566', '22699', '23084', '22697']","['85123A', '22423', '85099B', '47566', '84879']",5,1
16115,7,24,"['23301', '23300', '23296', '23293', '23295']","['85123A', '22423', '85099B', '47566', '84879']",5,0
16119,1,5,"['22457', '22831', '22759', '84947', '22082']","['85123A', '22423', '85099B', '47566', '84879']",3,0
16128,4,5,"['22866', '22867', '22960', '23343', '23084']","['85123A', '22423', '85099B', '47566', '84879']",4,0
16133,28,66,"['22961', '22139', '23295', '21791', '23294']","['85123A', '22423', '85099B', '47566', '84879']",5,0
16134,1,19,"['21876', '22909', '22457', '22413', '82583']","['85123A', '22423', '85099B', '47566', '84879']",5,0
16139,2,16,"['23126', '23328', '23298', '35970', '22271']","['85123A', '22423', '85099B', '47566', '84879']",5,0
16143,5,23,"['22667', '22470', '22666', '21430', '47566']","['85123A', '22423', '85099B', '47566', '84879']",5,1
16145,10,21,"['20914', '23298', '22720', '21733', '23295']","['85123A', '22423', '85099B', '47566', '84879']",3,1
16149,1,7,"['85199S', '22158', '23275', '85061W', '22144']","['85123A', '22423', '85099B', '47566', '84879']",4,0
16156,7,23,"['22910', '22086', '22720', '23355', '23344']","['85123A', '22423', '85099B', '47566', '84879']",3,0
16157,1,9,"['22456', '23089', '23169', '84879', '21326']","['85123A', '22423', '85099B', '47566', '84879']",3,1
16161,15,68,"['22113', '22910', '21259', '22086', '22144']","['85123A', '22423', '85099B', '47566', '84879']",4,0
16164,1,17,"['23109', '23318', '22910', '22584', '84832']","['85123A', '22423', '85099B', '47566', '84879']",4,0
16168,23,8,"['23301', '22456', '21174', '22087', '23084']","['85123A', '22423', '85099B', '47566', '84879']",1,0
16169,3,15,"['22411', '85099C', '21931', '22077', '23202']","['85123A', '22423', '85099B', '47566', '84879']",5,1
16173,5,19,"['22112', '82483', '23298', '22720', '22138']","['85123A', '22423', '85099B', '47566', '84879']",4,1
16185,1,12,"['23313', '22909', '23234', '22142', '22141']","['85123A', '22423', '85099B', '47566', '84879']",5,0
16186,11,19,"['22726', '22865', '22727', '22178', '23208']","['85123A', '22423', '85099B', '47566', '84879']",3,0
16189,1,5,"['23035', '21669', '21668', '23032', '22771']","['85123A', '22423', '85099B', '47566', '84879']",2,0
16191,10,17,"['22726', '22727', '22728', '84375', '22086']","['85123A', '22423', '85099B', '47566', '84879']",3,0
16200,1,104,"['22470', '23321', '23203', '22469', '23333']","['85123A', '22423', '85099B', '47566', '84879']",4,1
16201,2,44,"['23209', '22411', '23344', '21929', '23204']","['85123A', '22423', '85099B', '47566', '84879']",5,2
16210,15,31,"['22041', '21137', '85123A', '22633', '22632']","['85123A', '22423', '85099B', '47566', '84879']",3,1
16212,1,11,"['22086', '22910', '23311', '20972', '22952']","['85123A', '22423', '85099B', '47566', '84879']",5,0
16240,1,60,"['22666', '21210', '22720', '23201', '21889']","['85123A', '22423', '85099B', '47566', '84879']",5,3
16241,12,109,"['21929', '22662', '21175', '23321', '22411']","['85123A', '22423', '85099B', '47566', '84879']",3,1
16242,5,75,"['20725', '23203', '22384', '20728', '20727']","['85123A', '22423', '85099B', '47566', '84879']",5,2
16245,2,39,"['21533', '84879', '82494L', '23265', '84978']","['85123A', '22423', '85099B', '47566', '84879']",5,1
16255,7,37,"['22722', '22666', '22557', '21080', '79321']","['85123A', '22423', '85099B', '47566', '84879']",4,0
16261,3,23,"['21754', '23328', '22720', '21034', '22086']","['85123A', '22423', '85099B', '47566', '84879']",4,1
16265,8,33,"['23344', '21931', '22630', '22411', '22726']","['85123A', '22423', '85099B', '47566', '84879']",3,0
16271,3,55,"['20724', '23263', '23203', '85099B', '23293']","['85123A', '22423', '85099B', '47566', '84879']",5,2
16279,2,44,"['23284', '23298', '23319', '21889', '23493']","['85123A', '22423', '85099B', '47566', '84879']",5,1
16283,4,17,"['22467', '22992', '22991', '23082', '22374']","['85123A', '22423', '85099B', '47566', '84879']",5,0
16293,9,20,"['22866', '22867', '23344', '84945', '23082']","['85123A', '22423', '85099B', '47566', '84879']",3,0
16295,2,33,"['23300', '23301', '21754', '21755', '22699']","['85123A', '22423', '85099B', '47566', '84879']",4,0
16298,2,7,"['22727', '22728', '22470', '22726', '84879']","['85123A', '22423', '85099B', '47566', '84879']",1,1
16303,2,33,"['20726', '21479', '20712', '20725', '22083']","['85123A', '22423', '85099B', '47566', '84879']",4,0
16311,1,14,"['23082', '23338', '21484', '22568', '85049E']","['85123A', '22423', '85099B', '47566', '84879']",2,0
16313,1,6,"['22961', '22178', '48187', '22274', '22624']","['85123A', '22423', '85099B', '47566', '84879']",2,0
16322,1,9,"['23212', '23265', '23275', '23213', '23189']","['85123A', '22423', '85099B', '47566', '84879']",4,0
16326,12,31,"['48187', '48194', '23284', '23283', '48188']","['85123A', '22423', '85099B', '47566', '84879']",5,0
16327,5,48,"['15044D', '21559', '21154', '84945', '47591D']","['85123A', '22423', '85099B', '47566', '84879']",5,1
16330,2,22,"['23330', '22960', '23302', '21876', '23101']","['85123A', '22423', '85099B', '47566', '84879']",5,0
16332,6,19,"['22639', '22554', '22557', '23321', '82486']","['85123A', '22423', '85099B', '47566', '84879']",3,0
16333,20,2,"['21891', '21915', '84077', '22620', '22440']","['85123A', '22423', '85099B', '47566', '84879']",2,0
16341,2,14,"['23344', '20972', '21519', '85099B', '22083']","['85123A', '22423', '85099B', '47566', '84879']",4,1
16347,1,28,"['22111', '23355', '21485', '84029E', '22086']","['85123A', '22423', '85099B', '47566', '84879']",5,0
16350,3,4,"['22470', '23332', '23329', '22469', '82486']","['85123A', '22423', '85099B', '47566', '84879']",4,0
16352,1,14,"['22457', '23322', '22469', '23321', '84836']","['85123A', '22423', '85099B', '47566', '84879']",5,0
16353,19,8,"['23313', '79321', '21218', '21155', '82552']","['85123A', '22423', '85099B', '47566', '84879']",3,0
16358,3,35,"['21790', '20719', '23206', '23204', '20726']","['85123A', '22423', '85099B', '47566', '84879']",4,0
16359,8,10,"['22916', '22917', '22918', '22424', '22919']","['85123A', '22423', '85099B', '47566', '84879']",5,0
16360,4,220,"['22114', '84029G', '22557', '22141', '22113']","['85123A', '22423', '85099B', '47566', '84879']",5,1
16361,2,39,"['23169', '84032B', '23083', '22734', '23082']","['85123A', '22423', '85099B', '47566', '84879']",3,0
16364,1,24,"['22109', '23080', '22607', '23101', '23100']","['85123A', '22423', '85099B', '47566', '84879']",5,0
16365,8,2,"['20749', '22086', '23298', '21770', '22776']","['85123A', '22423', '85099B', '47566', '84879']",2,0
16369,2,53,"['23240', '21974', '22910', '22082', '22086']","['85123A', '22423', '85099B', '47566', '84879']",4,0
16379,2,35,"['23240', '22766', '22910', '23202', '22086']","['85123A', '22423', '85099B', '47566', '84879']",3,1
16386,1,73,"['21918', '84946', '84879', '22993', '85032A']","['85123A', '22423', '85099B', '47566', '84879']",5,3
16393,10,48,"['23343', '22867', '22383', '22865', '22632']","['85123A', '22423', '85099B', '47566', '84879']",5,1
16399,1,41,"['85150', '21733', '85123A', '23439', '82581']","['85123A', '22423', '85099B', '47566', '84879']",5,1
16401,9,38,"['20726', '20728', '22554', '20727', '22197']","['85123A', '22423', '85099B', '47566', '84879']",4,0
16407,9,20,"['21733', '21670', '21673', '82483', '21754']","['85123A', '22423', '85099B', '47566', '84879']",4,1
16411,1,22,"['22867', '23322', '22865', '22113', '23344']","['85123A', '22423', '85099B', '47566', '84879']",3,0
16414,1,4,"['20750', '21217', '23067', '84946', '21465']","['85123A', '22423', '85099B', '47566', '84879']",3,0
16416,2,20,"['23207', '23328', '82483', '23321', '20727']","['85123A', '22423', '85099B', '47566', '84879']",4,0
16422,48,20,"['20974', '22333', '21080', '20677', '84755']","['85123A', '22423', '85099B', '47566', '84879']",2,0
16426,6,119,"['20728', '23203', '22865', '23208', '22554']","['85123A', '22423', '85099B', '47566', '84879']",5,1
16438,3,34,"['72351B', '72351A', '22810', '85174', '85040A']","['85123A', '22423', '85099B', '47566', '84879']",5,1
16440,4,79,"['22111', '22114', '22910', '23344', '22909']","['85123A', '22423', '85099B', '47566', '84879']",5,0
16442,2,70,"['23100', '21912', '22906', '22113', '21993']","['85123A', '22423', '85099B', '47566', '84879']",4,0
16446,1,1,"['22396', '22982', '22098', '22138', '22804']","['85123A', '22423', '85099B', '47566', '84879']",0,0
16458,16,15,"['85099F', '21931', '22386', '85099B', '23203']","['85123A', '22423', '85099B', '47566', '84879']",5,2
16460,2,17,"['22736', '22737', '21328', '47590B', '22621']","['85123A', '22423', '85099B', '47566', '84879']",5,0
16463,3,22,"['22139', '84077', '21791', '22617', '22138']","['85123A', '22423', '85099B', '47566', '84879']",4,0
16464,2,49,"['22142', '22273', '21975', '22694', '84836']","['85123A', '22423', '85099B', '47566', '84879']",5,0
16469,3,59,"['23322', '21591', '21584', '22158', '85048']","['85123A', '22423', '85099B', '47566', '84879']",5,1
16474,5,81,"['23301', '21755', '22555', '23300', '22457']","['85123A', '22423', '85099B', '47566', '84879']",3,0
16478,2,5,"['22138', '23080', '22505', '22766', '21912']","['85123A', '22423', '85099B', '47566', '84879']",1,0
16495,2,49,"['22992', '23103', '22150', '84375', '21124']","['85123A', '22423', '85099B', '47566', '84879']",5,0
16496,2,24,"['22865', '22867', '22621', '22633', '84077']","['85123A', '22423', '85099B', '47566', '84879']",5,0
16500,3,5,"['22086', '23493', '22792', '22791', '23311']","['85123A', '22423', '85099B', '47566', '84879']",3,0
16506,1,1,"['22470', '22696', '22296', '23407', '22942']","['85123A', '22423', '85099B', '47566', '84879']",1,0
16511,2,59,"['22662', '22630', '22139', '22629', '22382']","['85123A', '22423', '85099B', '47566', '84879']",5,0
16513,1,31,"['22384', '20728', '22114', '22367', '84375']","['85123A', '22423', '85099B', '47566', '84879']",5,0
16519,1,8,"['M', '72741', '22300', '21930', '22634']","['85123A', '22423', '85099B', '47566', '84879']",4,0
16523,18,39,"['23202', '23203', '85099C', '48185', '48194']","['85123A', '22423', '85099B', '47566', '84879']",5,1
16525,24,8,"['21326', '22169', '84947', '22791', '21259']","['85123A', '22423', '85099B', '47566', '84879']",5,0
16531,6,7,"['23084', '22086', '84375', '21915', '21452']","['85123A', '22423', '85099B', '47566', '84879']",1,0
16532,2,1,"['79321', '23122', '85123A', '22784', '22935']","['85123A', '22423', '85099B', '47566', '84879']",1,0
16533,2,32,"['23328', '23014', '22361', '22360', '85053']","['85123A', '22423', '85099B', '47566', '84879']",4,0
16539,3,7,"['21523', '21955', '82494L', '82482', '21754']","['85123A', '22423', '85099B', '47566', '84879']",4,0
16549,6,283,"['23439', '23103', '21169', '21314', '23207']","['85123A', '22423', '85099B', '47566', '84879']",5,2
16557,1,5,"['84946', '22178', '22791', '22423', '82483']","['85123A', '22423', '85099B', '47566', '84879']",4,0
16558,18,58,"['22867', '22960', '22114', '22909', '21314']","['85123A', '22423', '85099B', '47566', '84879']",4,0
16560,1,36,"['22840', '21217', '22842', '22423', '22697']","['85123A', '22423', '85099B', '47566', '84879']",5,1
16561,1,15,"['23313', '22910', '22086', '22150', '21136']","['85123A', '22423', '85099B', '47566', '84879']",5,0
16566,4,7,"['21326', '84949', '84946', '15056N', '22464']","['85123A', '22423', '85099B', '47566', '84879']",4,0
16570,9,11,"['22727', '23201', '84879', '22726', '20724']","['85123A', '22423', '85099B', '47566', '84879']",4,1
16571,2,28,"['23240', '22077', '22720', '22178', '22749']","['85123A', '22423', '85099B', '47566', '84879']",5,0
16592,13,51,"['23355', '22086', '22111', '22624', '22114']","['85123A', '22423', '85099B', '47566', '84879']",5,0
16596,1,6,"['23103', '22866', '22113', '23393', '22224']","['85123A', '22423', '85099B', '47566', '84879']",3,0
16600,3,26,"['20992', '35471D', '22065', '22577', '10135']","['85123A', '22423', '85099B', '47566', '84879']",4,0
16607,13,12,"['22558', '22722', '22619', '16161P', '23233']","['85123A', '22423', '85099B', '47566', '84879']",2,0
16609,6,55,"['21931', '20725', '22139', '22383', '20726']","['85123A', '22423', '85099B', '47566', '84879']",4,2
16616,1,22,"['21791', '21509', '21790', '15036', '21507']","['85123A', '22423', '85099B', '47566', '84879']",5,0
16620,1,4,"['23199', '85099C', '23201', '22487', '20682']","['85123A', '22423', '85099B', '47566', '84879']",3,0
16626,13,18,"['22617', '22624', '21326', '22138', '22627']","['85123A', '22423', '85099B', '47566', '84879']",4,0
16633,5,40,"['22111', '22138', '22113', '23313', '23311']","['85123A', '22423', '85099B', '47566', '84879']",5,0
16638,9,7,"['22834', '22866', '22835', '23313', '22632']","['85123A', '22423', '85099B', '47566', '84879']",0,0
16642,1,19,"['22414', '21181', '22185', '79321', '21340']","['85123A', '22423', '85099B', '47566', '84879']",3,0
16653,1,2,"['22083', '23240', '47566', '23245', '22699']","['85123A', '22423', '85099B', '47566', '84879']",2,1
16655,5,11,"['22027', '22029', '22909', '22716', '21790']","['85123A', '22423', '85099B', '47566', '84879']",5,0
16656,14,3,"['21704', '22998', '22725', '21790', '22726']","['85123A', '22423', '85099B', '47566', '84879']",2,0
16657,2,60,"['22992', '22333', '22578', '21931', '22555']","['85123A', '22423', '85099B', '47566', '84879']",5,0
16660,2,11,"['15056N', '21731', '23205', '15056BL', '23144']","['85123A', '22423', '85099B', '47566', '84879']",5,0
16668,5,3,"['22536', '23280', '21790', '85053', '21260']","['85123A', '22423', '85099B', '47566', '84879']",3,0
16669,2,77,"['22577', '21975', '22417', '23308', '22993']","['85123A', '22423', '85099B', '47566', '84879']",4,0
16670,10,1,"['22698', '22697', '22720', '22112', '22111']","['85123A', '22423', '85099B', '47566', '84879']",0,0
16671,2,1,"['85049A', '22121', '22086', '85123A', '84879']","['85123A', '22423', '85099B', '47566', '84879']",1,0
16672,19,3,"['22726', '22727', '22629', '22725', '22630']","['85123A', '22423', '85099B', '47566', '84879']",3,0
16678,9,24,"['71459', '22558', '84978', '22993', '22555']","['85123A', '22423', '85099B', '47566', '84879']",4,0
16682,4,6,"['22614', '21833', '21213', '22551', '22634']","['85123A', '22423', '85099B', '47566', '84879']",4,0
16684,25,31,"['22699', '22697', '22993', '22629', '22960']","['85123A', '22423', '85099B', '47566', '84879']",4,1
16688,2,15,"['22727', '22728', '22726', '22367', '22899']","['85123A', '22423', '85099B', '47566', '84879']",4,0
16700,12,14,"['23158', '23201', '22722', '21790', '85099B']","['85123A', '22423', '85099B', '47566', '84879']",2,1
16701,12,16,"['23354', '23353', '23084', '23309', '23283']","['85123A', '22423', '85099B', '47566', '84879']",5,0
16705,15,33,"['82482', '48187', '82483', '22328', '20685']","['85123A', '22423', '85099B', '47566', '84879']",2,0
16710,8,54,"['22865', '22867', '23156', '23159', '22866']","['85123A', '22423', '85099B', '47566', '84879']",5,0
16711,3,12,"['22424', '23012', '23014', '22792', '23013']","['85123A', '22423', '85099B', '47566', '84879']",3,0
16712,8,116,"['22845', '22659', '22900', '23207', '22382']","['85123A', '22423', '85099B', '47566', '84879']",3,0
16713,13,103,"['20727', '22726', '82483', '71053', '22728']","['85123A', '22423', '85099B', '47566', '84879']",4,1
16717,5,91,"['23355', '23350', '22086', '22910', '23311']","['85123A', '22423', '85099B', '47566', '84879']",5,0
16719,6,36,"['22727', '22179', '79321', '85123A', '20828']","['85123A', '22423', '85099B', '47566', '84879']",5,1
16722,12,15,"['21497', '21498', '22045', '23230', '21495']","['85123A', '22423', '85099B', '47566', '84879']",5,0
16726,4,70,"['84380', '22900', '22834', '22964', '22212']","['85123A', '22423', '85099B', '47566', '84879']",5,1
16744,6,36,"['21791', '22554', '21704', '21034', '23293']","['85123A', '22423', '85099B', '47566', '84879']",4,0
16746,15,55,"['22779', '22621', '23202', '22386', '23108']","['85123A', '22423', '85099B', '47566', '84879']",5,0
16748,4,19,"['85099B', '23201', '21931', '23206', '20727']","['85123A', '22423', '85099B', '47566', '84879']",5,1
16759,2,19,"['21889', '21891', '23077', '22693', '22577']","['85123A', '22423', '85099B', '47566', '84879']",4,0
16762,2,29,"['20726', '23301', '22113', '22835', '22114']","['85123A', '22423', '85099B', '47566', '84879']",4,1
16764,9,111,"['22138', '22666', '22621', '22384', '22382']","['85123A', '22423', '85099B', '47566', '84879']",4,1
16775,10,10,"['22113', '22835', '22112', '23298', '82482']","['85123A', '22423', '85099B', '47566', '84879']",2,0
16779,17,53,"['71477', '71053', '21216', '23284', '21218']","['85123A', '22423', '85099B', '47566', '84879']",4,0
16782,11,13,"['85123A', '21733', '22776', '20914', '22795']","['85123A', '22423', '85099B', '47566', '84879']",4,1
16790,4,16,"['22112', '22910', '22835', '23245', '22083']","['85123A', '22423', '85099B', '47566', '84879']",1,0
16794,6,45,"['22457', '23199', '23200', '22469', '22666']","['85123A', '22423', '85099B', '47566', '84879']",4,0
16804,1,41,"['23355', '23322', '21485', '23332', '22865']","['85123A', '22423', '85099B', '47566', '84879']",5,1
16809,4,37,"['23206', '23203', '23199', '23209', '23202']","['85123A', '22423', '85099B', '47566', '84879']",5,0
16813,9,18,"['23284', '23203', '84596B', '23209', '85099F']","['85123A', '22423', '85099B', '47566', '84879']",2,0
16814,19,12,"['22722', '22720', '84879', '21754', '23298']","['85123A', '22423', '85099B', '47566', '84879']",4,1
16817,8,15,"['22086', '22722', '22723', '22834', '22144']","['85123A', '22423', '85099B', '47566', '84879']",2,0
16818,10,7,"['82494L', '22457', '22139', '84879', '23355']","['85123A', '22423', '85099B', '47566', '84879']",2,0
16824,1,13,"['23162', '84580', '23165', '21791', '22966']","['85123A', '22423', '85099B', '47566', '84879']",4,1
16833,3,15,"['22662', '23202', '23208', '22382', '20728']","['85123A', '22423', '85099B', '47566', '84879']",4,0
16839,30,16,"['21974', '21210', '22791', '22178', '84947']","['85123A', '22423', '85099B', '47566', '84879']",5,0
16851,2,6,"['23313', '22178', '22578', '23103', '22596']","['85123A', '22423', '85099B', '47566', '84879']",1,0
16852,1,2,"['22784', '22169', '22379', '22423', '21340']","['85123A', '22423', '85099B', '47566', '84879']",2,0
16855,1,10,"['22423', '22469', '23175', '22754', '85123A']","['85123A', '22423', '85099B', '47566', '84879']",4,2
16869,3,29,"['22457', '21733', '23321', '20727', '22470']","['85123A', '22423', '85099B', '47566', '84879']",4,0
16871,5,17,"['22086', '22910', '22866', '22867', '22909']","['85123A', '22423', '85099B', '47566', '84879']",5,0
16873,5,78,"['22666', '23344', '20961', '23293', '23126']","['85123A', '22423', '85099B', '47566', '84879']",5,0
16877,3,53,"['82494L', '22766', '82483', '23301', '23300']","['85123A', '22423', '85099B', '47566', '84879']",5,0
16885,2,32,"['22086', '21485', '23355', '23322', '22156']","['85123A', '22423', '85099B', '47566', '84879']",4,1
16891,4,18,"['22624', '22144', '22666', '22470', '22141']","['85123A', '22423', '85099B', '47566', '84879']",3,1
16892,2,56,"['23240', '23264', '22144', '22141', '23319']","['85123A', '22423', '85099B', '47566', '84879']",5,1
16898,2,58,"['21891', '23294', '23343', '20983', '22632']","['85123A', '22423', '85099B', '47566', '84879']",4,0
16899,4,43,"['22727', '22384', '20727', '20726', '20725']","['85123A', '22423', '85099B', '47566', '84879']",5,0
16900,1,10,"['51014A', '23322', '84997D', '23300', '23321']","['85123A', '22423', '85099B', '47566', '84879']",1,0
16904,15,41,"['22467', '21172', '22866', '22865', '22867']","['85123A', '22423', '85099B', '47566', '84879']",5,0
16905,4,65,"['22158', '22113', '22666', '84347', '84879']","['85123A', '22423', '85099B', '47566', '84879']",5,2
16910,6,125,"['22866', '22111', '22470', '23321', '21900']","['85123A', '22423', '85099B', '47566', '84879']",4,0
16912,10,7,"['23284', '22779', '84988', '23203', '21621']","['85123A', '22423', '85099B', '47566', '84879']",0,0
16915,5,8,"['23013', '23014', '23012', '23089', '21523']","['85123A', '22423', '85099B', '47566', '84879']",4,0
16916,1,85,"['23439', '23103', '22577', '22909', '20973']","['85123A', '22423', '85099B', '47566', '84879']",5,0
16923,16,102,"['22697', '22698', '21259', '22699', '23301']","['85123A', '22423', '85099B', '47566', '84879']",5,2
16924,2,32,"['22112', '22114', '22383', '20727', '23355']","['85123A', '22423', '85099B', '47566', '84879']",5,0
16929,4,31,"['23209', '22617', '20727', '84596B', '21929']","['85123A', '22423', '85099B', '47566', '84879']",4,1
16930,2,23,"['22098', '22169', '22171', '20723', '22266']","['85123A', '22423', '85099B', '47566', '84879']",5,0
16931,19,108,"['23191', '23196', '22633', '20992', '23301']","['85123A', '22423', '85099B', '47566', '84879']",5,1
16933,1,24,"['23202', '22411', '21034', '23082', '84946']","['85123A', '22423', '85099B', '47566', '84879']",5,0
16938,3,21,"['23240', '23243', '23245', '22749', '23322']","['85123A', '22423', '85099B', '47566', '84879']",4,0
16942,8,51,"['20728', '22470', '22699', '22384', '23321']","['85123A', '22423', '85099B', '47566', '84879']",2,0
16945,18,17,"['85099C', '23203', '23199', '21931', '22386']","['85123A', '22423', '85099B', '47566', '84879']",4,1
16949,5,7,"['22816', '22355', '22818', '22557', '22178']","['85123A', '22423', '85099B', '47566', '84879']",3,0
16954,5,5,"['21843', '22222', '22138', '22236', '22956']","['85123A', '22423', '85099B', '47566', '84879']",2,0
16966,5,4,"['21891', '22561', '22560', '21892', '21703']","['85123A', '22423', '85099B', '47566', '84879']",4,0
16968,1,16,"['22055', '22059', '22111', '23313', '21115']","['85123A', '22423', '85099B', '47566', '84879']",3,0
16979,4,41,"['22865', '22866', '23355', '22632', '85150']","['85123A', '22423', '85099B', '47566', '84879']",4,1
16983,5,35,"['22557', '21889', '22554', '22551', '20970']","['85123A', '22423', '85099B', '47566', '84879']",4,0
16985,8,27,"['20685', '48187', '21670', '21673', '48138']","['85123A', '22423', '85099B', '47566', '84879']",5,1
16987,6,18,"['22114', '23355', '22835', '23284', '23301']","['85123A', '22423', '85099B', '47566', '84879']",5,0
16989,4,1,"['23188', '22920', '22917', '22916', '22918']","['85123A', '22423', '85099B', '47566', '84879']",1,0
16992,4,11,"['22835', '22865', '22866', '22720', '22112']","['85123A', '22423', '85099B', '47566', '84879']",2,1
16999,1,6,"['21892', '22550', '21703', '22669', '21890']","['85123A', '22423', '85099B', '47566', '84879']",2,0
17001,9,21,"['23202', '85099B', '22727', '23203', '22560']","['85123A', '22423', '85099B', '47566', '84879']",5,1
17006,2,24,"['22113', '23355', '21588', '84375', '22114']","['85123A', '22423', '85099B', '47566', '84879']",4,0
17014,2,15,"['22562', '20728', '22549', '20725', '22382']","['85123A', '22423', '85099B', '47566', '84879']",5,0
17017,16,18,"['22993', '21914', '22197', '22961', '21137']","['85123A', '22423', '85099B', '47566', '84879']",4,0
17019,3,65,"['22563', '20973', '84997B', '23320', '23439']","['85123A', '22423', '85099B', '47566', '84879']",4,0
17031,1,9,"['22384', '20728', '20723', '20725', '20727']","['85123A', '22423', '85099B', '47566', '84879']",4,0
17034,2,14,"['22178', '23284', '21755', '21504', '21754']","['85123A', '22423', '85099B', '47566', '84879']",4,0
17041,2,23,"['23294', '23296', '22367', '47591D', '23293']","['85123A', '22423', '85099B', '47566', '84879']",5,0
17042,4,9,"['23084', '23242', '22138', '22431', '21703']","['85123A', '22423', '85099B', '47566', '84879']",3,0
17049,7,49,"['20726', '22726', '20685', '23355', '23203']","['85123A', '22423', '85099B', '47566', '84879']",5,0
17054,4,10,"['48138', '22776', '22189', '20685', '48194']","['85123A', '22423', '85099B', '47566', '84879']",2,0
17063,6,16,"['23254', '85099B', '23256', '23344', '23203']","['85123A', '22423', '85099B', '47566', '84879']",4,1
17068,19,22,"['23203', '23206', '23202', '20726', '20728']","['85123A', '22423', '85099B', '47566', '84879']",4,0
17069,7,37,"['23209', '20725', '22384', '22667', '20728']","['85123A', '22423', '85099B', '47566', '84879']",4,0
17071,8,20,"['22865', '22867', '82486', '20719', '23321']","['85123A', '22423', '85099B', '47566', '84879']",4,0
17073,3,35,"['21588', '22111', '23360', '22070', '23240']","['85123A', '22423', '85099B', '47566', '84879']",3,0
17075,3,15,"['23301', '23203', '23284', '23355', '22411']","['85123A', '22423', '85099B', '47566', '84879']",4,0
17080,1,7,"['23393', '23399', '23328', '23103', '23407']","['85123A', '22423', '85099B', '47566', '84879']",5,0
17081,1,40,"['23176', '23177', '22113', '22112', '21484']","['85123A', '22423', '85099B', '47566', '84879']",5,1
17086,4,36,"['22561', '22621', '21889', '23493', '23202']","['85123A', '22423', '85099B', '47566', '84879']",5,1
17088,3,16,"['23203', '22720', '85099B', '22138', '22178']","['85123A', '22423', '85099B', '47566', '84879']",4,1
17090,6,5,"['22303', '22112', '23355', '22302', '22633']","['85123A', '22423', '85099B', '47566', '84879']",2,0
17091,8,22,"['23202', '22411', '21485', '22112', '21929']","['85123A', '22423', '85099B', '47566', '84879']",5,1
17095,2,40,"['85099F', '84879', '23301', '85099B', '23203']","['85123A', '22423', '85099B', '47566', '84879']",3,2
17096,3,16,"['22784', '22138', '22114', '22796', '22617']","['85123A', '22423', '85099B', '47566', '84879']",3,0
17097,6,81,"['22573', '23209', '23292', '23290', '23289']","['85123A', '22423', '85099B', '47566', '84879']",5,2
17101,3,2,"['23201', '22197', '23013', '23012', '23014']","['85123A', '22423', '85099B', '47566', '84879']",2,0
17114,7,19,"['82486', '82494L', '82482', '82483', '23322']","['85123A', '22423', '85099B', '47566', '84879']",5,0
17115,2,7,"['22386', '22384', '85099C', '47566', '23344']","['85123A', '22423', '85099B', '47566', '84879']",3,0
17119,1,4,"['85099B', '22470', '21523', '22637', '82583']","['85123A', '22423', '85099B', '47566', '84879']",1,1
17131,4,52,"['23240', '22077', '82483', '22508', '21621']","['85123A', '22423', '85099B', '47566', '84879']",5,0
17133,5,3,"['47566', '22082', '82582', '23300', '23301']","['85123A', '22423', '85099B', '47566', '84879']",2,1
17135,5,10,"['21231', '21232', '84347', '22065', '22161']","['85123A', '22423', '85099B', '47566', '84879']",2,0
17139,11,23,"['22382', '23208', '20727', '23204', '23206']","['85123A', '22423', '85099B', '47566', '84879']",4,1
17144,1,25,"['22111', '21485', '48187', '22113', '22960']","['85123A', '22423', '85099B', '47566', '84879']",4,0
17147,3,16,"['22697', '22699', '22698', '22423', '21122']","['85123A', '22423', '85099B', '47566', '84879']",4,1
17155,1,11,"['22866', '21172', '22632', '22633', '23120']","['85123A', '22423', '85099B', '47566', '84879']",5,0
17157,1,5,"['21137', '23239', '23237', '85199S', '23190']","['85123A', '22423', '85099B', '47566', '84879']",3,0
17159,2,46,"['22384', '23240', '22382', '22383', '20728']","['85123A', '22423', '85099B', '47566', '84879']",4,0
17163,1,2,"['22112', '22113', '21485', '22578', '84879']","['85123A', '22423', '85099B', '47566', '84879']",2,0
17173,5,27,"['20970', '22271', '21216', '21218', '22750']","['85123A', '22423', '85099B', '47566', '84879']",4,1
17183,4,14,"['23355', '22112', '22114', '84029G', '22835']","['85123A', '22423', '85099B', '47566', '84879']",5,0
17188,6,13,"['22865', '22971', '22866', '22970', '22113']","['85123A', '22423', '85099B', '47566', '84879']",4,0
17191,6,52,"['22771', '84406B', '84836', '22093', '21034']","['85123A', '22423', '85099B', '47566', '84879']",5,2
17198,2,17,"['23332', '22906', '23323', '23083', '22694']","['85123A', '22423', '85099B', '47566', '84879']",5,0
17211,7,38,"['21818', '22113', '23344', '22835', '23318']","['85123A', '22423', '85099B', '47566', '84879']",3,0
17218,7,65,"['22726', '22730', '22727', '22728', '22111']","['85123A', '22423', '85099B', '47566', '84879']",5,1
17220,12,35,"['21121', '22970', '23349', '23351', '21122']","['85123A', '22423', '85099B', '47566', '84879']",4,0
17221,1,32,"['23109', '23266', '23192', '23264', '23190']","['85123A', '22423', '85099B', '47566', '84879']",5,0
17227,5,7,"['84375', '22952', '22328', '23307', '84380']","['85123A', '22423', '85099B', '47566', '84879']",2,0
17228,6,36,"['23156', '23292', '22866', '22867', '22865']","['85123A', '22423', '85099B', '47566', '84879']",2,0
17231,8,121,"['21175', '22111', '23245', '21754', '21166']","['85123A', '22423', '85099B', '47566', '84879']",5,2
17235,1,19,"['20749', '20750', '21428', '22138', '22736']","['85123A', '22423', '85099B', '47566', '84879']",5,0
17236,5,30,"['21754', '23343', '22144', '22866', '22727']","['85123A', '22423', '85099B', '47566', '84879']",5,0
17238,13,96,"['22750', '22746', '22748', '22749', '22745']","['85123A', '22423', '85099B', '47566', '84879']",5,0
17243,20,48,"['22112', '84029G', '82494L', '21485', '84029E']","['85123A', '22423', '85099B', '47566', '84879']",4,1
17250,1,32,"['22563', '21673', '21670', '22835', '23029']","['85123A', '22423', '85099B', '47566', '84879']",5,1
17266,1,44,"['23323', '23345', '23332', '22094', '46000S']","['85123A', '22423', '85099B', '47566', '84879']",4,0
17287,6,21,"['22423', '21080', '84879', '23395', '23147']","['85123A', '22423', '85099B', '47566', '84879']",5,2
17288,5,107,"['23300', '23208', '22556', '23207', '23301']","['85123A', '22423', '85099B', '47566', '84879']",4,0
17293,8,10,"['85049A', '23439', '84879', '84029E', '22113']","['85123A', '22423', '85099B', '47566', '84879']",1,0
17299,3,4,"['23311', '23084', '22138', '21914', '23077']","['85123A', '22423', '85099B', '47566', '84879']",3,0
17302,4,9,"['22113', '23082', '22083', '23245', '22595']","['85123A', '22423', '85099B', '47566', '84879']",2,0
17306,17,10,"['23309', '22988', '22970', '22616', '22971']","['85123A', '22423', '85099B', '47566', '84879']",5,0
17314,6,18,"['20679', '84879', '23355', '22801', '22945']","['85123A', '22423', '85099B', '47566', '84879']",2,0
17315,36,20,"['22698', '22697', '22699', '23301', '47566']","['85123A', '22423', '85099B', '47566', '84879']",4,1
17321,1,1,"['23080', '22728', '85048', '23240', '21034']","['85123A', '22423', '85099B', '47566', '84879']",1,0
17323,5,45,"['22384', '23209', '23203', '20724', '20725']","['85123A', '22423', '85099B', '47566', '84879']",5,0
17324,2,32,"['21498', '21080', '21499', '21500', '21034']","['85123A', '22423', '85099B', '47566', '84879']",5,0
17329,1,17,"['22113', '21588', '84029G', '22112', '23284']","['85123A', '22423', '85099B', '47566', '84879']",5,0
17330,1,1,"['23355', '23284', '23503', '22423', '21034']","['85123A', '22423', '85099B', '47566', '84879']",1,0
17338,7,138,"['20914', '82482', '22630', '82494L', '22766']","['85123A', '22423', '85099B', '47566', '84879']",5,2
17345,3,39,"['22113', '23322', '23321', '22138', '23240']","['85123A', '22423', '85099B', '47566', '84879']",4,1
17346,12,79,"['23208', '23200', '22112', '22411', '22663']","['85123A', '22423', '85099B', '47566', '84879']",5,2
17348,4,38,"['22910', '21731', '22906', '23084', '23318']","['85123A', '22423', '85099B', '47566', '84879']",5,1
17350,2,10,"['22086', '22910', '23344', '22382', '22722']","['85123A', '22423', '85099B', '47566', '84879']",0,0
17360,1,62,"['22867', '22727', '22621', '23318', '22633']","['85123A', '22423', '85099B', '47566', '84879']",5,0
17364,7,98,"['23319', '23503', '35970', '22747', '22909']","['85123A', '22423', '85099B', '47566', '84879']",4,1
17365,7,38,"['22141', '20969', '22139', '22144', '21122']","['85123A', '22423', '85099B', '47566', '84879']",5,1
17368,7,26,"['51014L', '22418', '21591', '20974', '51014A']","['85123A', '22423', '85099B', '47566', '84879']",1,0
17371,1,78,"['21935', '22568', '22493', '22274', '20751']","['85123A', '22423', '85099B', '47566', '84879']",5,1
17377,18,35,"['23298', '22111', '21485', '47566', '85099F']","['85123A', '22423', '85099B', '47566', '84879']",5,2
17381,27,5,"['21790', '21703', '22563', '22616', '22564']","['85123A', '22423', '85099B', '47566', '84879']",4,0
17384,1,12,"['15056N', '21755', '84946', '23396', '23393']","['85123A', '22423', '85099B', '47566', '84879']",5,1
17386,5,17,"['22791', '22573', '22593', '84947', '22574']","['85123A', '22423', '85099B', '47566', '84879']",5,1
17387,1,57,"['22554', '21136', '22551', '22086', '22382']","['85123A', '22423', '85099B', '47566', '84879']",4,0
17389,30,18,"['22138', '22960', '21623', '22795', '85099B']","['85123A', '22423', '85099B', '47566', '84879']",4,1
17402,12,2,"['22619', '23084', '22622', '22636', '22635']","['85123A', '22423', '85099B', '47566', '84879']",1,0
17404,13,11,"['23236', '22139', '23295', '84077', '23245']","['85123A', '22423', '85099B', '47566', '84879']",4,0
17405,2,14,"['82486', '22138', '22722', '20914', '21519']","['85123A', '22423', '85099B', '47566', '84879']",2,0
17410,4,11,"['47566', '22728', '22197', '21890', '82484']","['85123A', '22423', '85099B', '47566', '84879']",3,1
17411,2,9,"['79321', '23084', '23109', '23050', '22835']","['85123A', '22423', '85099B', '47566', '84879']",3,0
17412,5,21,"['22179', '20725', '23209', '23199', '21731']","['85123A', '22423', '85099B', '47566', '84879']",4,0
17419,10,32,"['84406B', '23355', '22189', '71053', '47566']","['85123A', '22423', '85099B', '47566', '84879']",2,0
17422,5,16,"['22568', '20972', '22269', '23275', '20971']","['85123A', '22423', '85099B', '47566', '84879']",2,0
17425,1,1,"['22178', '22111', '20685', '22114', '22835']","['85123A', '22423', '85099B', '47566', '84879']",1,0
17426,4,44,"['20972', '20971', '22411', '22993', '20713']","['85123A', '22423', '85099B', '47566', '84879']",5,0
17428,25,6,"['22813', '22630', '22584', '22652', '22910']","['85123A', '22423', '85099B', '47566', '84879']",2,0
17432,1,33,"['23318', '23320', '23242', '71477', '23264']","['85123A', '22423', '85099B', '47566', '84879']",5,0
17434,3,60,"['22111', '22112', '21485', '82494L', '23245']","['85123A', '22423', '85099B', '47566', '84879']",5,1
17436,1,5,"['22301', '22300', '22970', '22979', '22971']","['85123A', '22423', '85099B', '47566', '84879']",5,0
17449,6,58,"['82494L', '82482', '22795', '85150', '22173']","['85123A', '22423', '85099B', '47566', '84879']",5,0
17450,37,35,"['48138', '48187', '21166', '20685', '48194']","['85123A', '22423', '85099B', '47566', '84879']",5,1
17451,4,32,"['22083', '22086', '22867', '23313', '23328']","['85123A', '22423', '85099B', '47566', '84879']",5,0
17453,1,10,"['22138', '23284', '22423', '22698', '21108']","['85123A', '22423', '85099B', '47566', '84879']",4,1
17461,1,59,"['22662', '20726', '22727', '23208', '20685']","['85123A', '22423', '85099B', '47566', '84879']",5,0
17463,4,13,"['23439', '22142', '22144', '22141', '23344']","['85123A', '22423', '85099B', '47566', '84879']",5,0
17466,1,18,"['84970L', '23084', '22560', '21891', '23322']","['85123A', '22423', '85099B', '47566', '84879']",5,0
17469,4,17,"['23344', '22726', '23313', '23343', '23208']","['85123A', '22423', '85099B', '47566', '84879']",4,1
17481,2,39,"['22139', '23355', '23301', '22086', '22909']","['85123A', '22423', '85099B', '47566', '84879']",4,0
17490,4,24,"['22138', '23251', '23250', '23245', '23300']","['85123A', '22423', '85099B', '47566', '84879']",4,0
17491,8,21,"['23344', '22086', '23343', '23200', '23355']","['85123A', '22423', '85099B', '47566', '84879']",4,0
17495,1,7,"['22086', '22300', '23313', '22909', '22301']","['85123A', '22423', '85099B', '47566', '84879']",5,1
17500,1,1,"['22423', '85099B', '23173', '21212', '21462']","['85123A', '22423', '85099B', '47566', '84879']",0,0
17502,1,17,"['23275', '23323', '22175', '23322', '22179']","['85123A', '22423', '85099B', '47566', '84879']",3,0
17503,1,15,"['23084', '22083', '48187', '22138', '22728']","['85123A', '22423', '85099B', '47566', '84879']",2,0
17511,28,108,"['23203', '22197', '23202', '82484', '21080']","['85123A', '22423', '85099B', '47566', '84879']",5,3
17512,9,5,"['84755', '22457', '22456', '21175', '82582']","['85123A', '22423', '85099B', '47566', '84879']",1,1
17516,4,23,"['20914', '22960', '20727', '82494L', '20725']","['85123A', '22423', '85099B', '47566', '84879']",2,0
17519,5,16,"['21094', '21086', '22333', '21212', '21080']","['85123A', '22423', '85099B', '47566', '84879']",4,0
17522,4,6,"['22178', '23321', '85062', '51014A', '21745']","['85123A', '22423', '85099B', '47566', '84879']",1,0
17526,3,9,"['22964', '22959', '22178', '22776', '22584']","['85123A', '22423', '85099B', '47566', '84879']",4,0
17528,6,42,"['23395', '22554', '23396', '22551', '23084']","['85123A', '22423', '85099B', '47566', '84879']",5,0
17530,8,56,"['84380', '21889', '22966', '20972', '23103']","['85123A', '22423', '85099B', '47566', '84879']",4,0
17540,1,17,"['22112', '22111', '22835', '21485', '22113']","['85123A', '22423', '85099B', '47566', '84879']",5,0
17549,1,4,"['21818', '22577', '22578', '21811', '22792']","['85123A', '22423', '85099B', '47566', '84879']",2,0
17554,3,12,"['22727', '22726', '22725', '22730', '22693']","['85123A', '22423', '85099B', '47566', '84879']",5,0
17555,1,55,"['23265', '22562', '22142', '22644', '23319']","['85123A', '22423', '85099B', '47566', '84879']",5,1
17557,2,8,"['22112', '23301', '23355', '22419', '22386']","['85123A', '22423', '85099B', '47566', '84879']",3,0
17562,6,10,"['22867', '22633', '23343', '23311', '21429']","['85123A', '22423', '85099B', '47566', '84879']",5,0
17564,2,21,"['21485', '23355', '22113', '22112', '22111']","['85123A', '22423', '85099B', '47566', '84879']",4,0
17567,7,11,"['22577', '22601', '22593', '22573', '22602']","['85123A', '22423', '85099B', '47566', '84879']",3,1
17576,18,38,"['85123A', '22470', '20914', '23321', '21733']","['85123A', '22423', '85099B', '47566', '84879']",3,2
17579,2,31,"['22910', '23318', '23319', '22086', '22749']","['85123A', '22423', '85099B', '47566', '84879']",5,0
17581,22,35,"['85099F', '23293', '22910', '22386', '22411']","['85123A', '22423', '85099B', '47566', '84879']",4,0
17584,1,19,"['82483', '22677', '22679', '22467', '21770']","['85123A', '22423', '85099B', '47566', '84879']",5,0
17590,1,127,"['23321', '22086', '23355', '22910', '22382']","['85123A', '22423', '85099B', '47566', '84879']",4,3
17593,4,48,"['22115', '23355', '22079', '21592', '22398']","['85123A', '22423', '85099B', '47566', '84879']",4,0
17595,1,49,"['23210', '22158', '75049L', '23266', '23080']","['85123A', '22423', '85099B', '47566', '84879']",5,0
17596,6,11,"['20975', '84536A', '22418', '20974', '22440']","['85123A', '22423', '85099B', '47566', '84879']",4,0
17602,4,164,"['23439', '23247', '22632', '23308', '23320']","['85123A', '22423', '85099B', '47566', '84879']",4,1
17611,13,18,"['48184', '22429', '79321', '22553', '22624']","['85123A', '22423', '85099B', '47566', '84879']",3,0
17613,12,15,"['85123A', '21733', '22910', '22086', '23344']","['85123A', '22423', '85099B', '47566', '84879']",5,1
17618,2,12,"['22844', '21843', '22348', '22568', '84078A']","['85123A', '22423', '85099B', '47566', '84879']",4,0
17621,2,11,"['22086', '22910', '23284', '23300', '23301']","['85123A', '22423', '85099B', '47566', '84879']",5,0
17624,1,25,"['21891', '22867', '22633', '22866', '22759']","['85123A', '22423', '85099B', '47566', '84879']",3,1
17625,3,50,"['23503', '22111', '22113', '22865', '47591D']","['85123A', '22423', '85099B', '47566', '84879']",5,0
17629,6,27,"['22212', '84029E', '22196', '22195', '84378']","['85123A', '22423', '85099B', '47566', '84879']",1,0
17631,2,10,"['21485', '22722', '85071B', '51014A', '20996']","['85123A', '22423', '85099B', '47566', '84879']",5,0
17644,10,26,"['23298', '23203', '23284', '22149', '23118']","['85123A', '22423', '85099B', '47566', '84879']",4,1
17651,9,16,"['20728', '23201', '23209', '23206', '22382']","['85123A', '22423', '85099B', '47566', '84879']",5,0
17652,11,13,"['20914', '22139', '21559', '85123A', '23203']","['85123A', '22423', '85099B', '47566', '84879']",3,0
17655,6,14,"['22835', '22112', '22114', '48185', '22910']","['85123A', '22423', '85099B', '47566', '84879']",4,1
17658,1,10,"['51014C', '22584', '22585', '21770', '22178']","['85123A', '22423', '85099B', '47566', '84879']",4,0
17659,10,58,"['21733', '22077', '22086', '22568', '23084']","['85123A', '22423', '85099B', '47566', '84879']",4,2
17663,6,13,"['23343', '22189', '82552', '84879', '21756']","['85123A', '22423', '85099B', '47566', '84879']",0,0
17664,1,20,"['47566', '23298', '22759', '22910', '35970']","['85123A', '22423', '85099B', '47566', '84879']",5,1
17666,1,6,"['23332', '21169', '23329', '22423', '21166']","['85123A', '22423', '85099B', '47566', '84879']",4,0
17668,1,7,"['22423', '22720', '23245', '22722', '22625']","['85123A', '22423', '85099B', '47566', '84879']",1,1
17671,3,9,"['22910', '22086', '22726', '22727', '22728']","['85123A', '22423', '85099B', '47566', '84879']",5,1
17673,5,23,"['21918', '21329', '20974', '23126', '21328']","['85123A', '22423', '85099B', '47566', '84879']",5,0
17675,27,80,"['22730', '23209', '22726', '22189', '22720']","['85123A', '22423', '85099B', '47566', '84879']",5,2
17676,5,16,"['22865', '22866', '23209', '22867', '20725']","['85123A', '22423', '85099B', '47566', '84879']",4,0
17677,27,24,"['21731', '23203', '85099B', '22197', '23084']","['85123A', '22423', '85099B', '47566', '84879']",4,0
17682,5,29,"['22384', '20726', '22383', '20728', '20727']","['85123A', '22423', '85099B', '47566', '84879']",5,2
17685,6,16,"['20728', '79321', '20727', '22382', '22813']","['85123A', '22423', '85099B', '47566', '84879']",4,0
17686,6,34,"['22384', '23203', '21931', '23202', '20728']","['85123A', '22423', '85099B', '47566', '84879']",5,1
17700,3,48,"['23318', '23351', '22734', '23319', '23298']","['85123A', '22423', '85099B', '47566', '84879']",5,1
17705,8,9,"['22193', '22192', '22727', '20727', '22726']","['85123A', '22423', '85099B', '47566', '84879']",3,0
17706,16,21,"['21479', '22835', '22423', '22191', '85123A']","['85123A', '22423', '85099B', '47566', '84879']",3,2
17711,1,10,"['22138', '21381', '22743', '22139', '23076']","['85123A', '22423', '85099B', '47566', '84879']",2,0
17716,10,3,"['22086', '22910', '22083', '85123A', '23344']","['85123A', '22423', '85099B', '47566', '84879']",3,0
17720,3,13,"['22112', '22488', '84879', '85175', '23263']","['85123A', '22423', '85099B', '47566', '84879']",5,1
17725,10,19,"['84347', '23035', '84945', '23029', '21670']","['85123A', '22423', '85099B', '47566', '84879']",3,0
17728,2,32,"['23203', '23240', '23209', '23344', '23298']","['85123A', '22423', '85099B', '47566', '84879']",5,1
17730,12,24,"['22986', '22114', '22667', '20914', '22866']","['85123A', '22423', '85099B', '47566', '84879']",2,0
17735,18,47,"['22382', '23209', '20726', '21213', '20728']","['85123A', '22423', '85099B', '47566', '84879']",5,0
17736,2,1,"['23245', '82486', '22771', '22423', '21790']","['85123A', '22423', '85099B', '47566', '84879']",1,0
17737,1,4,"['23298', '84945', '22470', '20914', '22596']","['85123A', '22423', '85099B', '47566', '84879']",4,0
17738,3,20,"['23245', '22577', '23503', '22720', '21889']","['85123A', '22423', '85099B', '47566', '84879']",5,1
17739,6,4,"['22366', '79321', '84978', '22112', '23284']","['85123A', '22423', '85099B', '47566', '84879']",3,0
17744,4,73,"['85032A', '85032B', '22312', '22314', '85071B']","['85123A', '22423', '85099B', '47566', '84879']",4,0
17750,8,12,"['23000', '22996', '22997', '22999', '23004']","['85123A', '22423', '85099B', '47566', '84879']",5,0
17754,4,22,"['21705', '84032A', '21499', '22200', '22755']","['85123A', '22423', '85099B', '47566', '84879']",4,0
17757,24,113,"['47566', '22141', '22138', '21154', '22666']","['85123A', '22423', '85099B', '47566', '84879']",5,1
17758,6,72,"['23355', '22114', '23503', '22142', '22112']","['85123A', '22423', '85099B', '47566', '84879']",5,0
17759,2,66,"['23318', '21988', '22910', '21121', '23121']","['85123A', '22423', '85099B', '47566', '84879']",5,0
17760,1,16,"['23176', '23194', '21892', '23493', '22669']","['85123A', '22423', '85099B', '47566', '84879']",5,0
17768,2,21,"['22835', '22601', '22910', '22810', '22633']","['85123A', '22423', '85099B', '47566', '84879']",4,0
17769,7,45,"['23084', '21731', '23300', '22727', '21754']","['85123A', '22423', '85099B', '47566', '84879']",2,0
17777,2,62,"['23213', '23275', '23210', '23084', '22335']","['85123A', '22423', '85099B', '47566', '84879']",4,0
17779,2,16,"['85099B', '22457', '35970', '20728', '22382']","['85123A', '22423', '85099B', '47566', '84879']",3,1
17790,13,29,"['22470', '85123A', '21733', '82494L', '23322']","['85123A', '22423', '85099B', '47566', '84879']",4,1
17797,1,61,"['22596', '23333', '22739', '23329', '22142']","['85123A', '22423', '85099B', '47566', '84879']",4,2
17799,9,64,"['22745', '22748', '22746', '21892', '22776']","['85123A', '22423', '85099B', '47566', '84879']",5,0
17809,10,7,"['23300', '22141', '23188', '22910', '22142']","['85123A', '22423', '85099B', '47566', '84879']",4,0
17811,33,148,"['21731', '20728', '85099F', '22469', '21080']","['85123A', '22423', '85099B', '47566', '84879']",5,1
17812,2,81,"['23355', '23329', '23333', '22086', '22910']","['85123A', '22423', '85099B', '47566', '84879']",5,0
17813,4,33,"['22139', '22866', '22558', '82483', '22666']","['85123A', '22423', '85099B', '47566', '84879']",2,0
17817,2,20,"['23338', '22474', '22473', '84947', '23215']","['85123A', '22423', '85099B', '47566', '84879']",5,0
17827,4,58,"['23351', '23439', '22867', '23493', '23320']","['85123A', '22423', '85099B', '47566', '84879']",4,1
17828,3,12,"['72741', '22767', 'POST', '37449', '22768']","['85123A', '22423', '85099B', '47566', '84879']",5,0
17830,2,7,"['21523', '85123A', '21524', '48187', '22457']","['85123A', '22423', '85099B', '47566', '84879']",4,1
17838,4,15,"['21876', '84992', '84991', '48138', '21874']","['85123A', '22423', '85099B', '47566', '84879']",3,0
17841,111,599,"['82581', '22348', '22654', '21917', '22602']","['85123A', '22423', '85099B', '47566', '84879']",5,4
17856,3,6,"['22800', '23212', '23213', '22571', '85199L']","['85123A', '22423', '85099B', '47566', '84879']",4,0
17857,20,6,"['22560', '23177', '23176', '23193', '23194']","['85123A', '22423', '85099B', '47566', '84879']",3,0
17858,11,43,"['82483', '82484', '82486', '82482', '82494L']","['85123A', '22423', '85099B', '47566', '84879']",5,0
17861,6,72,"['23084', '22222', '22971', '21507', '23293']","['85123A', '22423', '85099B', '47566', '84879']",4,0
17864,2,11,"['23356', '21481', '22910', '22952', '84029E']","['85123A', '22423', '85099B', '47566', '84879']",4,0
17870,10,98,"['35970', '23318', '23319', '23296', '23503']","['85123A', '22423', '85099B', '47566', '84879']",4,0
17883,2,98,"['21889', '22620', '23245', '22138', '22150']","['85123A', '22423', '85099B', '47566', '84879']",5,1
17884,3,22,"['20973', '22027', '22563', '22037', '22910']","['85123A', '22423', '85099B', '47566', '84879']",5,0
17888,7,1,"['22374', '22371', '47566', '21499', '22372']","['85123A', '22423', '85099B', '47566', '84879']",1,0
17920,12,182,"['23156', '22210', '22208', '23188', '22367']","['85123A', '22423', '85099B', '47566', '84879']",5,1
17924,5,3,"['23084', '84347', '23157', '22728', '22727']","['85123A', '22423', '85099B', '47566', '84879']",1,0
17929,3,1,"['22634', '22622', '21754', '21755', '22423']","['85123A', '22423', '85099B', '47566', '84879']",1,0
17937,6,6,"['22561', '21889', '21791', '21912', '22634']","['85123A', '22423', '85099B', '47566', '84879']",5,0
17949,39,2,"['22197', '22423', '22699', '23170', '23108']","['85123A', '22423', '85099B', '47566', '84879']",2,0
17954,11,61,"['23503', '23354', '22577', '22578', '23351']","['85123A', '22423', '85099B', '47566', '84879']",5,0
17961,37,4,"['20728', '21080', '21094', '21086', '22384']","['85123A', '22423', '85099B', '47566', '84879']",3,0
17974,2,94,"['22910', '22574', '23200', '22326', '23344']","['85123A', '22423', '85099B', '47566', '84879']",5,0
17975,12,27,"['22914', '22913', '21754', '82486', '82483']","['85123A', '22423', '85099B', '47566', '84879']",2,0
17988,5,12,"['23159', '23154', '23156', '22301', '23148']","['85123A', '22423', '85099B', '47566', '84879']",4,0
18001,1,15,"['20971', '20914', '22467', '22847', '22607']","['85123A', '22423', '85099B', '47566', '84879']",5,0
18005,1,31,"['22114', '22138', '21914', '22617', '22111']","['85123A', '22423', '85099B', '47566', '84879']",4,0
18030,1,5,"['84945', '22776', '22469', '22623', '22782']","['85123A', '22423', '85099B', '47566', '84879']",4,0
18040,1,7,"['20712', '20711', '85099B', '22326', '23203']","['85123A', '22423', '85099B', '47566', '84879']",3,1
18041,19,62,"['22367', '21080', '21156', '22138', '23100']","['85123A', '22423', '85099B', '47566', '84879']",4,1
18043,2,22,"['21034', '20972', '23209', '22629', '21080']","['85123A', '22423', '85099B', '47566', '84879']",2,0
18044,9,9,"['22109', '22627', '22698', '22784', '22699']","['85123A', '22423', '85099B', '47566', '84879']",1,0
18055,9,47,"['22114', '22835', '21175', '47566', '22112']","['85123A', '22423', '85099B', '47566', '84879']",5,3
18059,2,5,"['82484', '22800', '23013', '22979', '35471D']","['85123A', '22423', '85099B', '47566', '84879']",2,0
18061,9,2,"['21116', '21523', '22622', '21260', '84970L']","['85123A', '22423', '85099B', '47566', '84879']",2,0
18065,11,22,"['15056N', '23284', '22086', '22692', '85123A']","['85123A', '22423', '85099B', '47566', '84879']",2,0
18069,4,84,"['23206', '20726', '20727', '22384', '20725']","['85123A', '22423', '85099B', '47566', '84879']",5,2
18075,9,20,"['85123A', '21733', '22178', '22457', '22470']","['85123A', '22423', '85099B', '47566', '84879']",1,1
18077,10,22,"['22910', '23084', '22726', '22993', '22300']","['85123A', '22423', '85099B', '47566', '84879']",5,0
18080,1,1,"['84988', '21122', '22908', '22488', '20974']","['85123A', '22423', '85099B', '47566', '84879']",1,0
18092,10,7,"['21481', '22699', '84029G', '23173', '84029E']","['85123A', '22423', '85099B', '47566', '84879']",4,0
18096,2,42,"['22111', '22197', '22112', '22114', '22189']","['85123A', '22423', '85099B', '47566', '84879']",4,0
18097,5,23,"['21231', '21733', '20829', '22557', '22457']","['85123A', '22423', '85099B', '47566', '84879']",5,0
18101,1,24,"['23300', '23323', '23332', '23301', '23322']","['85123A', '22423', '85099B', '47566', '84879']",5,0
18102,56,15,"['22189', '82484', '82482', '85152', '22469']","['85123A', '22423', '85099B', '47566', '84879']",3,0
18109,22,40,"['22722', '23245', '22178', '22666', '22720']","['85123A', '22423', '85099B', '47566', '84879']",4,0
18112,1,14,"['22734', '22485', '23169', '22909', '23014']","['85123A', '22423', '85099B', '47566', '84879']",4,0
18118,24,115,"['21231', '22457', '22147', '85152', '22865']","['85123A', '22423', '85099B', '47566', '84879']",4,2
18122,4,156,"['23321', '22553', '21481', '22551', '22384']","['85123A', '22423', '85099B', '47566', '84879']",5,1
18123,1,21,"['23203', '23199', '23209', '20725', '22411']","['85123A', '22423', '85099B', '47566', '84879']",5,1
18127,1,35,"['85123A', '84836', '22557', '84946', '84380']","['85123A', '22423', '85099B', '47566', '84879']",4,2
18130,2,18,"['23084', '22866', '20727', '21731', '22383']","['85123A', '22423', '85099B', '47566', '84879']",1,0
18144,11,1,"['84879', '47566', '22722', '23245', '21260']","['85123A', '22423', '85099B', '47566', '84879']",1,1
18145,3,78,"['22555', '23354', '23503', '23319', '23198']","['85123A', '22423', '85099B', '47566', '84879']",5,0
18154,1,10,"['22601', '22602', '22600', '22424', '23236']","['85123A', '22423', '85099B', '47566', '84879']",4,1
18156,1,68,"['22867', '22866', '21481', '22909', '22558']","['85123A', '22423', '85099B', '47566', '84879']",5,0
18158,1,10,"['20723', '20719', '22355', '22356', '23204']","['85123A', '22423', '85099B', '47566', '84879']",5,0
18161,4,24,"['22666', '23245', '22720', '22457', '22622']","['85123A', '22423', '85099B', '47566', '84879']",5,2
18167,2,15,"['22271', '23126', '22940', '22795', '20970']","['85123A', '22423', '85099B', '47566', '84879']",5,1
18172,19,2,"['85123A', '84879', '22726', '48194', '23203']","['85123A', '22423', '85099B', '47566', '84879']",1,1
18179,5,10,"['23344', '22910', '23343', '22627', '22086']","['85123A', '22423', '85099B', '47566', '84879']",3,0
18180,5,22,"['22111', '22197', '84030E', '23355', '21479']","['85123A', '22423', '85099B', '47566', '84879']",5,0
18188,2,13,"['22112', '22909', '21790', '84755', '23188']","['85123A', '22423', '85099B', '47566', '84879']",5,0
18198,16,14,"['22916', '22918', '22917', '22920', '22919']","['85123A', '22423', '85099B', '47566', '84879']",5,0
18210,3,40,"['23344', '22910', '21889', '22139', '22727']","['85123A', '22423', '85099B', '47566', '84879']",5,0
18211,4,3,"['22178', '82484', '84347', '22720', '22470']","['85123A', '22423', '85099B', '47566', '84879']",1,0
18219,9,12,"['23284', '21754', '84879', '82482', '85123A']","['85123A', '22423', '85099B', '47566', '84879']",4,1
18221,4,11,"['23298', '84988', '22423', '47566B', '84879']","['85123A', '22423', '85099B', '47566', '84879']",2,1
18223,13,23,"['22726', '15056N', '23202', '22727', '22720']","['85123A', '22423', '85099B', '47566', '84879']",4,0
18225,9,58,"['21929', '21535', '85099F', '21165', '21928']","['85123A', '22423', '85099B', '47566', '84879']",5,1
18229,18,17,"['23209', '20728', '22384', '22382', '20725']","['85123A', '22423', '85099B', '47566', '84879']",4,0
18230,6,6,"['82582', '85152', '21181', '21165', '21174']","['85123A', '22423', '85099B', '47566', '84879']",4,0
18237,4,8,"['21671', '23298', '21672', '23035', '23032']","['85123A', '22423', '85099B', '47566', '84879']",4,0
18241,16,5,"['22139', '21912', '22993', '21733', '85014B']","['85123A', '22423', '85099B', '47566', '84879']",0,0
18245,6,55,"['23318', '23493', '22138', '22734', '23245']","['85123A', '22423', '85099B', '47566', '84879']",5,1
18246,1,2,"['22087', '71053', '21340', '85099B', '22423']","['85123A', '22423', '85099B', '47566', '84879']",2,0
18259,2,14,"['22865', '22866', '22112', '22632', '22633']","['85123A', '22423', '85099B', '47566', '84879']",5,0
18263,2,16,"['21790', '47503A', '22066', '23503', '10135']","['85123A', '22423', '85099B', '47566', '84879']",5,0
18272,5,23,"['22966', '23198', '22666', '22960', '22993']","['85123A', '22423', '85099B', '47566', '84879']",5,0
18273,2,1,"['21034', '22776', '84879', '22423', '35970']","['85123A', '22423', '85099B', '47566', '84879']",0,0
18282,1,5,"['22423', '23175', '23174', '22699', '22818']","['85123A', '22423', '85099B', '47566', '84879']",5,1
18283,13,112,"['23202', '21175', '22662', '22382', '23208']","['85123A', '22423', '85099B', '47566', '84879']",5,1
